pxd	shard	completion_status	qc_summary	stored_flag_count	repaired_agents	publication_identifiers	publication_identifier_status	raw_biological	raw_technical	raw_experimental_design	normalized_biological	normalized_technical	normalized_experimental_design
PXD000004	shard_0	complete_3_raw_3_normalized	no_stored_flags	0			not_in_retained_input_manifest	annotations/raw/PXD000004/biological.json	annotations/raw/PXD000004/technical.json	annotations/raw/PXD000004/experimental_design.json	annotations/normalized/PXD000004/biological.json	annotations/normalized/PXD000004/technical.json	annotations/normalized/PXD000004/experimental_design.json
PXD000013	shard_1	complete_3_raw_3_normalized	no_stored_flags	0			not_in_retained_input_manifest	annotations/raw/PXD000013/biological.json	annotations/raw/PXD000013/technical.json	annotations/raw/PXD000013/experimental_design.json	annotations/normalized/PXD000013/biological.json	annotations/normalized/PXD000013/technical.json	annotations/normalized/PXD000013/experimental_design.json
PXD000072	shard_2	complete_3_raw_3_normalized	flags_present	1			not_in_retained_input_manifest	annotations/raw/PXD000072/biological.json	annotations/raw/PXD000072/technical.json	annotations/raw/PXD000072/experimental_design.json	annotations/normalized/PXD000072/biological.json	annotations/normalized/PXD000072/technical.json	annotations/normalized/PXD000072/experimental_design.json
PXD000218	shard_3	complete_3_raw_3_normalized	flags_present	2			not_in_retained_input_manifest	annotations/raw/PXD000218/biological.json	annotations/raw/PXD000218/technical.json	annotations/raw/PXD000218/experimental_design.json	annotations/normalized/PXD000218/biological.json	annotations/normalized/PXD000218/technical.json	annotations/normalized/PXD000218/experimental_design.json
PXD000228	shard_4	complete_3_raw_3_normalized	flags_present	1			not_in_retained_input_manifest	annotations/raw/PXD000228/biological.json	annotations/raw/PXD000228/technical.json	annotations/raw/PXD000228/experimental_design.json	annotations/normalized/PXD000228/biological.json	annotations/normalized/PXD000228/technical.json	annotations/normalized/PXD000228/experimental_design.json
PXD000412	shard_5	complete_3_raw_3_normalized	flags_present	2			not_in_retained_input_manifest	annotations/raw/PXD000412/biological.json	annotations/raw/PXD000412/technical.json	annotations/raw/PXD000412/experimental_design.json	annotations/normalized/PXD000412/biological.json	annotations/normalized/PXD000412/technical.json	annotations/normalized/PXD000412/experimental_design.json
PXD000426	shard_6	complete_3_raw_3_normalized	flags_present	1			not_in_retained_input_manifest	annotations/raw/PXD000426/biological.json	annotations/raw/PXD000426/technical.json	annotations/raw/PXD000426/experimental_design.json	annotations/normalized/PXD000426/biological.json	annotations/normalized/PXD000426/technical.json	annotations/normalized/PXD000426/experimental_design.json
PXD000443	shard_7	complete_3_raw_3_normalized	flags_present	1			not_in_retained_input_manifest	annotations/raw/PXD000443/biological.json	annotations/raw/PXD000443/technical.json	annotations/raw/PXD000443/experimental_design.json	annotations/normalized/PXD000443/biological.json	annotations/normalized/PXD000443/technical.json	annotations/normalized/PXD000443/experimental_design.json
PXD000445	shard_0	complete_3_raw_3_normalized	flags_present	2			not_in_retained_input_manifest	annotations/raw/PXD000445/biological.json	annotations/raw/PXD000445/technical.json	annotations/raw/PXD000445/experimental_design.json	annotations/normalized/PXD000445/biological.json	annotations/normalized/PXD000445/technical.json	annotations/normalized/PXD000445/experimental_design.json
PXD000529	shard_1	complete_3_raw_3_normalized	no_stored_flags	0			not_in_retained_input_manifest	annotations/raw/PXD000529/biological.json	annotations/raw/PXD000529/technical.json	annotations/raw/PXD000529/experimental_design.json	annotations/normalized/PXD000529/biological.json	annotations/normalized/PXD000529/technical.json	annotations/normalized/PXD000529/experimental_design.json
PXD000533	shard_2	complete_3_raw_3_normalized	no_stored_flags	0			not_in_retained_input_manifest	annotations/raw/PXD000533/biological.json	annotations/raw/PXD000533/technical.json	annotations/raw/PXD000533/experimental_design.json	annotations/normalized/PXD000533/biological.json	annotations/normalized/PXD000533/technical.json	annotations/normalized/PXD000533/experimental_design.json
PXD000561	shard_3	complete_3_raw_3_normalized	flags_present	1			not_in_retained_input_manifest	annotations/raw/PXD000561/biological.json	annotations/raw/PXD000561/technical.json	annotations/raw/PXD000561/experimental_design.json	annotations/normalized/PXD000561/biological.json	annotations/normalized/PXD000561/technical.json	annotations/normalized/PXD000561/experimental_design.json
PXD000605	shard_4	complete_3_raw_3_normalized	flags_present	2			not_in_retained_input_manifest	annotations/raw/PXD000605/biological.json	annotations/raw/PXD000605/technical.json	annotations/raw/PXD000605/experimental_design.json	annotations/normalized/PXD000605/biological.json	annotations/normalized/PXD000605/technical.json	annotations/normalized/PXD000605/experimental_design.json
PXD000674	shard_5	complete_3_raw_3_normalized	flags_present	3			not_in_retained_input_manifest	annotations/raw/PXD000674/biological.json	annotations/raw/PXD000674/technical.json	annotations/raw/PXD000674/experimental_design.json	annotations/normalized/PXD000674/biological.json	annotations/normalized/PXD000674/technical.json	annotations/normalized/PXD000674/experimental_design.json
PXD000685	shard_6	complete_3_raw_3_normalized	flags_present	4			not_in_retained_input_manifest	annotations/raw/PXD000685/biological.json	annotations/raw/PXD000685/technical.json	annotations/raw/PXD000685/experimental_design.json	annotations/normalized/PXD000685/biological.json	annotations/normalized/PXD000685/technical.json	annotations/normalized/PXD000685/experimental_design.json
PXD000966	shard_7	complete_3_raw_3_normalized	no_stored_flags	0			not_in_retained_input_manifest	annotations/raw/PXD000966/biological.json	annotations/raw/PXD000966/technical.json	annotations/raw/PXD000966/experimental_design.json	annotations/normalized/PXD000966/biological.json	annotations/normalized/PXD000966/technical.json	annotations/normalized/PXD000966/experimental_design.json
PXD001000	shard_0	complete_3_raw_3_normalized	no_stored_flags	0			not_in_retained_input_manifest	annotations/raw/PXD001000/biological.json	annotations/raw/PXD001000/technical.json	annotations/raw/PXD001000/experimental_design.json	annotations/normalized/PXD001000/biological.json	annotations/normalized/PXD001000/technical.json	annotations/normalized/PXD001000/experimental_design.json
PXD001017	shard_1	complete_3_raw_3_normalized	flags_present	1	technical		not_in_retained_input_manifest	annotations/raw/PXD001017/biological.json	annotations/raw/PXD001017/technical.json	annotations/raw/PXD001017/experimental_design.json	annotations/normalized/PXD001017/biological.json	annotations/normalized/PXD001017/technical.json	annotations/normalized/PXD001017/experimental_design.json
PXD001068	shard_2	complete_3_raw_3_normalized	flags_present	1			not_in_retained_input_manifest	annotations/raw/PXD001068/biological.json	annotations/raw/PXD001068/technical.json	annotations/raw/PXD001068/experimental_design.json	annotations/normalized/PXD001068/biological.json	annotations/normalized/PXD001068/technical.json	annotations/normalized/PXD001068/experimental_design.json
PXD001118	shard_3	complete_3_raw_3_normalized	flags_present	1			not_in_retained_input_manifest	annotations/raw/PXD001118/biological.json	annotations/raw/PXD001118/technical.json	annotations/raw/PXD001118/experimental_design.json	annotations/normalized/PXD001118/biological.json	annotations/normalized/PXD001118/technical.json	annotations/normalized/PXD001118/experimental_design.json
PXD001249	shard_4	complete_3_raw_3_normalized	flags_present	2			not_in_retained_input_manifest	annotations/raw/PXD001249/biological.json	annotations/raw/PXD001249/technical.json	annotations/raw/PXD001249/experimental_design.json	annotations/normalized/PXD001249/biological.json	annotations/normalized/PXD001249/technical.json	annotations/normalized/PXD001249/experimental_design.json
PXD001279	shard_5	complete_3_raw_3_normalized	flags_present	3			not_in_retained_input_manifest	annotations/raw/PXD001279/biological.json	annotations/raw/PXD001279/technical.json	annotations/raw/PXD001279/experimental_design.json	annotations/normalized/PXD001279/biological.json	annotations/normalized/PXD001279/technical.json	annotations/normalized/PXD001279/experimental_design.json
PXD001324	shard_6	complete_3_raw_3_normalized	no_stored_flags	0			not_in_retained_input_manifest	annotations/raw/PXD001324/biological.json	annotations/raw/PXD001324/technical.json	annotations/raw/PXD001324/experimental_design.json	annotations/normalized/PXD001324/biological.json	annotations/normalized/PXD001324/technical.json	annotations/normalized/PXD001324/experimental_design.json
PXD001325	shard_7	complete_3_raw_3_normalized	flags_present	1			not_in_retained_input_manifest	annotations/raw/PXD001325/biological.json	annotations/raw/PXD001325/technical.json	annotations/raw/PXD001325/experimental_design.json	annotations/normalized/PXD001325/biological.json	annotations/normalized/PXD001325/technical.json	annotations/normalized/PXD001325/experimental_design.json
PXD001326	shard_0	complete_3_raw_3_normalized	no_stored_flags	0			not_in_retained_input_manifest	annotations/raw/PXD001326/biological.json	annotations/raw/PXD001326/technical.json	annotations/raw/PXD001326/experimental_design.json	annotations/normalized/PXD001326/biological.json	annotations/normalized/PXD001326/technical.json	annotations/normalized/PXD001326/experimental_design.json
PXD001327	shard_1	complete_3_raw_3_normalized	flags_present	1			not_in_retained_input_manifest	annotations/raw/PXD001327/biological.json	annotations/raw/PXD001327/technical.json	annotations/raw/PXD001327/experimental_design.json	annotations/normalized/PXD001327/biological.json	annotations/normalized/PXD001327/technical.json	annotations/normalized/PXD001327/experimental_design.json
PXD001357	shard_2	complete_3_raw_3_normalized	no_stored_flags	0			not_in_retained_input_manifest	annotations/raw/PXD001357/biological.json	annotations/raw/PXD001357/technical.json	annotations/raw/PXD001357/experimental_design.json	annotations/normalized/PXD001357/biological.json	annotations/normalized/PXD001357/technical.json	annotations/normalized/PXD001357/experimental_design.json
PXD001359	shard_3	complete_3_raw_3_normalized	flags_present	2			not_in_retained_input_manifest	annotations/raw/PXD001359/biological.json	annotations/raw/PXD001359/technical.json	annotations/raw/PXD001359/experimental_design.json	annotations/normalized/PXD001359/biological.json	annotations/normalized/PXD001359/technical.json	annotations/normalized/PXD001359/experimental_design.json
PXD001415	shard_4	complete_3_raw_3_normalized	flags_present	2			not_in_retained_input_manifest	annotations/raw/PXD001415/biological.json	annotations/raw/PXD001415/technical.json	annotations/raw/PXD001415/experimental_design.json	annotations/normalized/PXD001415/biological.json	annotations/normalized/PXD001415/technical.json	annotations/normalized/PXD001415/experimental_design.json
PXD001416	shard_5	complete_3_raw_3_normalized	flags_present	1			not_in_retained_input_manifest	annotations/raw/PXD001416/biological.json	annotations/raw/PXD001416/technical.json	annotations/raw/PXD001416/experimental_design.json	annotations/normalized/PXD001416/biological.json	annotations/normalized/PXD001416/technical.json	annotations/normalized/PXD001416/experimental_design.json
PXD001417	shard_6	complete_3_raw_3_normalized	no_stored_flags	0			not_in_retained_input_manifest	annotations/raw/PXD001417/biological.json	annotations/raw/PXD001417/technical.json	annotations/raw/PXD001417/experimental_design.json	annotations/normalized/PXD001417/biological.json	annotations/normalized/PXD001417/technical.json	annotations/normalized/PXD001417/experimental_design.json
PXD001418	shard_7	complete_3_raw_3_normalized	flags_present	1			not_in_retained_input_manifest	annotations/raw/PXD001418/biological.json	annotations/raw/PXD001418/technical.json	annotations/raw/PXD001418/experimental_design.json	annotations/normalized/PXD001418/biological.json	annotations/normalized/PXD001418/technical.json	annotations/normalized/PXD001418/experimental_design.json
PXD001419	shard_0	complete_3_raw_3_normalized	flags_present	2			not_in_retained_input_manifest	annotations/raw/PXD001419/biological.json	annotations/raw/PXD001419/technical.json	annotations/raw/PXD001419/experimental_design.json	annotations/normalized/PXD001419/biological.json	annotations/normalized/PXD001419/technical.json	annotations/normalized/PXD001419/experimental_design.json
PXD001420	shard_1	complete_3_raw_3_normalized	flags_present	1			not_in_retained_input_manifest	annotations/raw/PXD001420/biological.json	annotations/raw/PXD001420/technical.json	annotations/raw/PXD001420/experimental_design.json	annotations/normalized/PXD001420/biological.json	annotations/normalized/PXD001420/technical.json	annotations/normalized/PXD001420/experimental_design.json
PXD001421	shard_2	complete_3_raw_3_normalized	no_stored_flags	0			not_in_retained_input_manifest	annotations/raw/PXD001421/biological.json	annotations/raw/PXD001421/technical.json	annotations/raw/PXD001421/experimental_design.json	annotations/normalized/PXD001421/biological.json	annotations/normalized/PXD001421/technical.json	annotations/normalized/PXD001421/experimental_design.json
PXD001422	shard_3	complete_3_raw_3_normalized	flags_present	1			not_in_retained_input_manifest	annotations/raw/PXD001422/biological.json	annotations/raw/PXD001422/technical.json	annotations/raw/PXD001422/experimental_design.json	annotations/normalized/PXD001422/biological.json	annotations/normalized/PXD001422/technical.json	annotations/normalized/PXD001422/experimental_design.json
PXD001423	shard_4	complete_3_raw_3_normalized	flags_present	2			not_in_retained_input_manifest	annotations/raw/PXD001423/biological.json	annotations/raw/PXD001423/technical.json	annotations/raw/PXD001423/experimental_design.json	annotations/normalized/PXD001423/biological.json	annotations/normalized/PXD001423/technical.json	annotations/normalized/PXD001423/experimental_design.json
PXD001425	shard_5	complete_3_raw_3_normalized	flags_present	2			not_in_retained_input_manifest	annotations/raw/PXD001425/biological.json	annotations/raw/PXD001425/technical.json	annotations/raw/PXD001425/experimental_design.json	annotations/normalized/PXD001425/biological.json	annotations/normalized/PXD001425/technical.json	annotations/normalized/PXD001425/experimental_design.json
PXD001460	shard_6	complete_3_raw_3_normalized	flags_present	1			not_in_retained_input_manifest	annotations/raw/PXD001460/biological.json	annotations/raw/PXD001460/technical.json	annotations/raw/PXD001460/experimental_design.json	annotations/normalized/PXD001460/biological.json	annotations/normalized/PXD001460/technical.json	annotations/normalized/PXD001460/experimental_design.json
PXD001468	shard_7	complete_3_raw_3_normalized	no_stored_flags	0			not_in_retained_input_manifest	annotations/raw/PXD001468/biological.json	annotations/raw/PXD001468/technical.json	annotations/raw/PXD001468/experimental_design.json	annotations/normalized/PXD001468/biological.json	annotations/normalized/PXD001468/technical.json	annotations/normalized/PXD001468/experimental_design.json
PXD001524	shard_0	complete_3_raw_3_normalized	flags_present	1			not_in_retained_input_manifest	annotations/raw/PXD001524/biological.json	annotations/raw/PXD001524/technical.json	annotations/raw/PXD001524/experimental_design.json	annotations/normalized/PXD001524/biological.json	annotations/normalized/PXD001524/technical.json	annotations/normalized/PXD001524/experimental_design.json
PXD001574	shard_1	complete_3_raw_3_normalized	flags_present	1			not_in_retained_input_manifest	annotations/raw/PXD001574/biological.json	annotations/raw/PXD001574/technical.json	annotations/raw/PXD001574/experimental_design.json	annotations/normalized/PXD001574/biological.json	annotations/normalized/PXD001574/technical.json	annotations/normalized/PXD001574/experimental_design.json
PXD001609	shard_2	complete_3_raw_3_normalized	flags_present	2			not_in_retained_input_manifest	annotations/raw/PXD001609/biological.json	annotations/raw/PXD001609/technical.json	annotations/raw/PXD001609/experimental_design.json	annotations/normalized/PXD001609/biological.json	annotations/normalized/PXD001609/technical.json	annotations/normalized/PXD001609/experimental_design.json
PXD001674	shard_3	complete_3_raw_3_normalized	flags_present	3			not_in_retained_input_manifest	annotations/raw/PXD001674/biological.json	annotations/raw/PXD001674/technical.json	annotations/raw/PXD001674/experimental_design.json	annotations/normalized/PXD001674/biological.json	annotations/normalized/PXD001674/technical.json	annotations/normalized/PXD001674/experimental_design.json
PXD001725	shard_4	complete_3_raw_3_normalized	flags_present	1			not_in_retained_input_manifest	annotations/raw/PXD001725/biological.json	annotations/raw/PXD001725/technical.json	annotations/raw/PXD001725/experimental_design.json	annotations/normalized/PXD001725/biological.json	annotations/normalized/PXD001725/technical.json	annotations/normalized/PXD001725/experimental_design.json
PXD001861	shard_5	complete_3_raw_3_normalized	flags_present	2			not_in_retained_input_manifest	annotations/raw/PXD001861/biological.json	annotations/raw/PXD001861/technical.json	annotations/raw/PXD001861/experimental_design.json	annotations/normalized/PXD001861/biological.json	annotations/normalized/PXD001861/technical.json	annotations/normalized/PXD001861/experimental_design.json
PXD001862	shard_6	complete_3_raw_3_normalized	flags_present	2			not_in_retained_input_manifest	annotations/raw/PXD001862/biological.json	annotations/raw/PXD001862/technical.json	annotations/raw/PXD001862/experimental_design.json	annotations/normalized/PXD001862/biological.json	annotations/normalized/PXD001862/technical.json	annotations/normalized/PXD001862/experimental_design.json
PXD001873	shard_7	complete_3_raw_3_normalized	flags_present	3			not_in_retained_input_manifest	annotations/raw/PXD001873/biological.json	annotations/raw/PXD001873/technical.json	annotations/raw/PXD001873/experimental_design.json	annotations/normalized/PXD001873/biological.json	annotations/normalized/PXD001873/technical.json	annotations/normalized/PXD001873/experimental_design.json
PXD001985	shard_0	complete_3_raw_3_normalized	no_stored_flags	0			not_in_retained_input_manifest	annotations/raw/PXD001985/biological.json	annotations/raw/PXD001985/technical.json	annotations/raw/PXD001985/experimental_design.json	annotations/normalized/PXD001985/biological.json	annotations/normalized/PXD001985/technical.json	annotations/normalized/PXD001985/experimental_design.json
PXD002014	shard_1	complete_3_raw_3_normalized	flags_present	1			not_in_retained_input_manifest	annotations/raw/PXD002014/biological.json	annotations/raw/PXD002014/technical.json	annotations/raw/PXD002014/experimental_design.json	annotations/normalized/PXD002014/biological.json	annotations/normalized/PXD002014/technical.json	annotations/normalized/PXD002014/experimental_design.json
PXD002057	shard_2	complete_3_raw_3_normalized	flags_present	1			not_in_retained_input_manifest	annotations/raw/PXD002057/biological.json	annotations/raw/PXD002057/technical.json	annotations/raw/PXD002057/experimental_design.json	annotations/normalized/PXD002057/biological.json	annotations/normalized/PXD002057/technical.json	annotations/normalized/PXD002057/experimental_design.json
PXD002088	shard_3	complete_3_raw_3_normalized	flags_present	3			not_in_retained_input_manifest	annotations/raw/PXD002088/biological.json	annotations/raw/PXD002088/technical.json	annotations/raw/PXD002088/experimental_design.json	annotations/normalized/PXD002088/biological.json	annotations/normalized/PXD002088/technical.json	annotations/normalized/PXD002088/experimental_design.json
PXD002097	shard_4	complete_3_raw_3_normalized	flags_present	4			not_in_retained_input_manifest	annotations/raw/PXD002097/biological.json	annotations/raw/PXD002097/technical.json	annotations/raw/PXD002097/experimental_design.json	annotations/normalized/PXD002097/biological.json	annotations/normalized/PXD002097/technical.json	annotations/normalized/PXD002097/experimental_design.json
PXD002145	shard_5	complete_3_raw_3_normalized	flags_present	1			not_in_retained_input_manifest	annotations/raw/PXD002145/biological.json	annotations/raw/PXD002145/technical.json	annotations/raw/PXD002145/experimental_design.json	annotations/normalized/PXD002145/biological.json	annotations/normalized/PXD002145/technical.json	annotations/normalized/PXD002145/experimental_design.json
PXD002211	shard_6	complete_3_raw_3_normalized	flags_present	1			not_in_retained_input_manifest	annotations/raw/PXD002211/biological.json	annotations/raw/PXD002211/technical.json	annotations/raw/PXD002211/experimental_design.json	annotations/normalized/PXD002211/biological.json	annotations/normalized/PXD002211/technical.json	annotations/normalized/PXD002211/experimental_design.json
PXD002212	shard_7	complete_3_raw_3_normalized	flags_present	1			not_in_retained_input_manifest	annotations/raw/PXD002212/biological.json	annotations/raw/PXD002212/technical.json	annotations/raw/PXD002212/experimental_design.json	annotations/normalized/PXD002212/biological.json	annotations/normalized/PXD002212/technical.json	annotations/normalized/PXD002212/experimental_design.json
PXD002354	shard_0	complete_3_raw_3_normalized	no_stored_flags	0			not_in_retained_input_manifest	annotations/raw/PXD002354/biological.json	annotations/raw/PXD002354/technical.json	annotations/raw/PXD002354/experimental_design.json	annotations/normalized/PXD002354/biological.json	annotations/normalized/PXD002354/technical.json	annotations/normalized/PXD002354/experimental_design.json
PXD002436	shard_1	complete_3_raw_3_normalized	flags_present	2			not_in_retained_input_manifest	annotations/raw/PXD002436/biological.json	annotations/raw/PXD002436/technical.json	annotations/raw/PXD002436/experimental_design.json	annotations/normalized/PXD002436/biological.json	annotations/normalized/PXD002436/technical.json	annotations/normalized/PXD002436/experimental_design.json
PXD002437	shard_2	complete_3_raw_3_normalized	flags_present	2			not_in_retained_input_manifest	annotations/raw/PXD002437/biological.json	annotations/raw/PXD002437/technical.json	annotations/raw/PXD002437/experimental_design.json	annotations/normalized/PXD002437/biological.json	annotations/normalized/PXD002437/technical.json	annotations/normalized/PXD002437/experimental_design.json
PXD002565	shard_3	complete_3_raw_3_normalized	no_stored_flags	0			not_in_retained_input_manifest	annotations/raw/PXD002565/biological.json	annotations/raw/PXD002565/technical.json	annotations/raw/PXD002565/experimental_design.json	annotations/normalized/PXD002565/biological.json	annotations/normalized/PXD002565/technical.json	annotations/normalized/PXD002565/experimental_design.json
PXD002591	shard_4	complete_3_raw_3_normalized	flags_present	2			not_in_retained_input_manifest	annotations/raw/PXD002591/biological.json	annotations/raw/PXD002591/technical.json	annotations/raw/PXD002591/experimental_design.json	annotations/normalized/PXD002591/biological.json	annotations/normalized/PXD002591/technical.json	annotations/normalized/PXD002591/experimental_design.json
PXD002598	shard_5	complete_3_raw_3_normalized	flags_present	2			not_in_retained_input_manifest	annotations/raw/PXD002598/biological.json	annotations/raw/PXD002598/technical.json	annotations/raw/PXD002598/experimental_design.json	annotations/normalized/PXD002598/biological.json	annotations/normalized/PXD002598/technical.json	annotations/normalized/PXD002598/experimental_design.json
PXD002620	shard_6	complete_3_raw_3_normalized	no_stored_flags	0			not_in_retained_input_manifest	annotations/raw/PXD002620/biological.json	annotations/raw/PXD002620/technical.json	annotations/raw/PXD002620/experimental_design.json	annotations/normalized/PXD002620/biological.json	annotations/normalized/PXD002620/technical.json	annotations/normalized/PXD002620/experimental_design.json
PXD002672	shard_7	complete_3_raw_3_normalized	flags_present	1			not_in_retained_input_manifest	annotations/raw/PXD002672/biological.json	annotations/raw/PXD002672/technical.json	annotations/raw/PXD002672/experimental_design.json	annotations/normalized/PXD002672/biological.json	annotations/normalized/PXD002672/technical.json	annotations/normalized/PXD002672/experimental_design.json
PXD002687	shard_0	complete_3_raw_3_normalized	flags_present	5			not_in_retained_input_manifest	annotations/raw/PXD002687/biological.json	annotations/raw/PXD002687/technical.json	annotations/raw/PXD002687/experimental_design.json	annotations/normalized/PXD002687/biological.json	annotations/normalized/PXD002687/technical.json	annotations/normalized/PXD002687/experimental_design.json
PXD002825	shard_1	complete_3_raw_3_normalized	no_stored_flags	0			not_in_retained_input_manifest	annotations/raw/PXD002825/biological.json	annotations/raw/PXD002825/technical.json	annotations/raw/PXD002825/experimental_design.json	annotations/normalized/PXD002825/biological.json	annotations/normalized/PXD002825/technical.json	annotations/normalized/PXD002825/experimental_design.json
PXD002842	shard_2	complete_3_raw_3_normalized	no_stored_flags	0			not_in_retained_input_manifest	annotations/raw/PXD002842/biological.json	annotations/raw/PXD002842/technical.json	annotations/raw/PXD002842/experimental_design.json	annotations/normalized/PXD002842/biological.json	annotations/normalized/PXD002842/technical.json	annotations/normalized/PXD002842/experimental_design.json
PXD002883	shard_3	complete_3_raw_3_normalized	flags_present	1			not_in_retained_input_manifest	annotations/raw/PXD002883/biological.json	annotations/raw/PXD002883/technical.json	annotations/raw/PXD002883/experimental_design.json	annotations/normalized/PXD002883/biological.json	annotations/normalized/PXD002883/technical.json	annotations/normalized/PXD002883/experimental_design.json
PXD002960	shard_4	complete_3_raw_3_normalized	flags_present	2			not_in_retained_input_manifest	annotations/raw/PXD002960/biological.json	annotations/raw/PXD002960/technical.json	annotations/raw/PXD002960/experimental_design.json	annotations/normalized/PXD002960/biological.json	annotations/normalized/PXD002960/technical.json	annotations/normalized/PXD002960/experimental_design.json
PXD002966	shard_5	complete_3_raw_3_normalized	flags_present	1			not_in_retained_input_manifest	annotations/raw/PXD002966/biological.json	annotations/raw/PXD002966/technical.json	annotations/raw/PXD002966/experimental_design.json	annotations/normalized/PXD002966/biological.json	annotations/normalized/PXD002966/technical.json	annotations/normalized/PXD002966/experimental_design.json
PXD002990	shard_6	complete_3_raw_3_normalized	flags_present	4			not_in_retained_input_manifest	annotations/raw/PXD002990/biological.json	annotations/raw/PXD002990/technical.json	annotations/raw/PXD002990/experimental_design.json	annotations/normalized/PXD002990/biological.json	annotations/normalized/PXD002990/technical.json	annotations/normalized/PXD002990/experimental_design.json
PXD003028	shard_7	complete_3_raw_3_normalized	flags_present	1			not_in_retained_input_manifest	annotations/raw/PXD003028/biological.json	annotations/raw/PXD003028/technical.json	annotations/raw/PXD003028/experimental_design.json	annotations/normalized/PXD003028/biological.json	annotations/normalized/PXD003028/technical.json	annotations/normalized/PXD003028/experimental_design.json
PXD003053	shard_0	complete_3_raw_3_normalized	flags_present	6			not_in_retained_input_manifest	annotations/raw/PXD003053/biological.json	annotations/raw/PXD003053/technical.json	annotations/raw/PXD003053/experimental_design.json	annotations/normalized/PXD003053/biological.json	annotations/normalized/PXD003053/technical.json	annotations/normalized/PXD003053/experimental_design.json
PXD003086	shard_1	complete_3_raw_3_normalized	no_stored_flags	0			not_in_retained_input_manifest	annotations/raw/PXD003086/biological.json	annotations/raw/PXD003086/technical.json	annotations/raw/PXD003086/experimental_design.json	annotations/normalized/PXD003086/biological.json	annotations/normalized/PXD003086/technical.json	annotations/normalized/PXD003086/experimental_design.json
PXD003120	shard_2	complete_3_raw_3_normalized	no_stored_flags	0			not_in_retained_input_manifest	annotations/raw/PXD003120/biological.json	annotations/raw/PXD003120/technical.json	annotations/raw/PXD003120/experimental_design.json	annotations/normalized/PXD003120/biological.json	annotations/normalized/PXD003120/technical.json	annotations/normalized/PXD003120/experimental_design.json
PXD003132	shard_3	complete_3_raw_3_normalized	flags_present	2			not_in_retained_input_manifest	annotations/raw/PXD003132/biological.json	annotations/raw/PXD003132/technical.json	annotations/raw/PXD003132/experimental_design.json	annotations/normalized/PXD003132/biological.json	annotations/normalized/PXD003132/technical.json	annotations/normalized/PXD003132/experimental_design.json
PXD003215	shard_4	complete_3_raw_3_normalized	flags_present	3			not_in_retained_input_manifest	annotations/raw/PXD003215/biological.json	annotations/raw/PXD003215/technical.json	annotations/raw/PXD003215/experimental_design.json	annotations/normalized/PXD003215/biological.json	annotations/normalized/PXD003215/technical.json	annotations/normalized/PXD003215/experimental_design.json
PXD003226	shard_5	complete_3_raw_3_normalized	flags_present	3			not_in_retained_input_manifest	annotations/raw/PXD003226/biological.json	annotations/raw/PXD003226/technical.json	annotations/raw/PXD003226/experimental_design.json	annotations/normalized/PXD003226/biological.json	annotations/normalized/PXD003226/technical.json	annotations/normalized/PXD003226/experimental_design.json
PXD003252	shard_6	complete_3_raw_3_normalized	flags_present	3			not_in_retained_input_manifest	annotations/raw/PXD003252/biological.json	annotations/raw/PXD003252/technical.json	annotations/raw/PXD003252/experimental_design.json	annotations/normalized/PXD003252/biological.json	annotations/normalized/PXD003252/technical.json	annotations/normalized/PXD003252/experimental_design.json
PXD003276	shard_7	complete_3_raw_3_normalized	flags_present	2			not_in_retained_input_manifest	annotations/raw/PXD003276/biological.json	annotations/raw/PXD003276/technical.json	annotations/raw/PXD003276/experimental_design.json	annotations/normalized/PXD003276/biological.json	annotations/normalized/PXD003276/technical.json	annotations/normalized/PXD003276/experimental_design.json
PXD003293	shard_0	complete_3_raw_3_normalized	flags_present	3			not_in_retained_input_manifest	annotations/raw/PXD003293/biological.json	annotations/raw/PXD003293/technical.json	annotations/raw/PXD003293/experimental_design.json	annotations/normalized/PXD003293/biological.json	annotations/normalized/PXD003293/technical.json	annotations/normalized/PXD003293/experimental_design.json
PXD003295	shard_1	complete_3_raw_3_normalized	flags_present	1			not_in_retained_input_manifest	annotations/raw/PXD003295/biological.json	annotations/raw/PXD003295/technical.json	annotations/raw/PXD003295/experimental_design.json	annotations/normalized/PXD003295/biological.json	annotations/normalized/PXD003295/technical.json	annotations/normalized/PXD003295/experimental_design.json
PXD003296	shard_2	complete_3_raw_3_normalized	flags_present	1			not_in_retained_input_manifest	annotations/raw/PXD003296/biological.json	annotations/raw/PXD003296/technical.json	annotations/raw/PXD003296/experimental_design.json	annotations/normalized/PXD003296/biological.json	annotations/normalized/PXD003296/technical.json	annotations/normalized/PXD003296/experimental_design.json
PXD003323	shard_3	complete_3_raw_3_normalized	flags_present	1			not_in_retained_input_manifest	annotations/raw/PXD003323/biological.json	annotations/raw/PXD003323/technical.json	annotations/raw/PXD003323/experimental_design.json	annotations/normalized/PXD003323/biological.json	annotations/normalized/PXD003323/technical.json	annotations/normalized/PXD003323/experimental_design.json
PXD003346	shard_4	complete_3_raw_3_normalized	flags_present	3			not_in_retained_input_manifest	annotations/raw/PXD003346/biological.json	annotations/raw/PXD003346/technical.json	annotations/raw/PXD003346/experimental_design.json	annotations/normalized/PXD003346/biological.json	annotations/normalized/PXD003346/technical.json	annotations/normalized/PXD003346/experimental_design.json
PXD003362	shard_5	complete_3_raw_3_normalized	flags_present	2			not_in_retained_input_manifest	annotations/raw/PXD003362/biological.json	annotations/raw/PXD003362/technical.json	annotations/raw/PXD003362/experimental_design.json	annotations/normalized/PXD003362/biological.json	annotations/normalized/PXD003362/technical.json	annotations/normalized/PXD003362/experimental_design.json
PXD003406	shard_6	complete_3_raw_3_normalized	no_stored_flags	0			not_in_retained_input_manifest	annotations/raw/PXD003406/biological.json	annotations/raw/PXD003406/technical.json	annotations/raw/PXD003406/experimental_design.json	annotations/normalized/PXD003406/biological.json	annotations/normalized/PXD003406/technical.json	annotations/normalized/PXD003406/experimental_design.json
PXD003407	shard_7	complete_3_raw_3_normalized	flags_present	3			not_in_retained_input_manifest	annotations/raw/PXD003407/biological.json	annotations/raw/PXD003407/technical.json	annotations/raw/PXD003407/experimental_design.json	annotations/normalized/PXD003407/biological.json	annotations/normalized/PXD003407/technical.json	annotations/normalized/PXD003407/experimental_design.json
PXD003408	shard_0	complete_3_raw_3_normalized	flags_present	2			not_in_retained_input_manifest	annotations/raw/PXD003408/biological.json	annotations/raw/PXD003408/technical.json	annotations/raw/PXD003408/experimental_design.json	annotations/normalized/PXD003408/biological.json	annotations/normalized/PXD003408/technical.json	annotations/normalized/PXD003408/experimental_design.json
PXD003409	shard_1	complete_3_raw_3_normalized	no_stored_flags	0			not_in_retained_input_manifest	annotations/raw/PXD003409/biological.json	annotations/raw/PXD003409/technical.json	annotations/raw/PXD003409/experimental_design.json	annotations/normalized/PXD003409/biological.json	annotations/normalized/PXD003409/technical.json	annotations/normalized/PXD003409/experimental_design.json
PXD003410	shard_2	complete_3_raw_3_normalized	flags_present	3			not_in_retained_input_manifest	annotations/raw/PXD003410/biological.json	annotations/raw/PXD003410/technical.json	annotations/raw/PXD003410/experimental_design.json	annotations/normalized/PXD003410/biological.json	annotations/normalized/PXD003410/technical.json	annotations/normalized/PXD003410/experimental_design.json
PXD003411	shard_3	complete_3_raw_3_normalized	flags_present	2			not_in_retained_input_manifest	annotations/raw/PXD003411/biological.json	annotations/raw/PXD003411/technical.json	annotations/raw/PXD003411/experimental_design.json	annotations/normalized/PXD003411/biological.json	annotations/normalized/PXD003411/technical.json	annotations/normalized/PXD003411/experimental_design.json
PXD003412	shard_4	complete_3_raw_3_normalized	flags_present	4			not_in_retained_input_manifest	annotations/raw/PXD003412/biological.json	annotations/raw/PXD003412/technical.json	annotations/raw/PXD003412/experimental_design.json	annotations/normalized/PXD003412/biological.json	annotations/normalized/PXD003412/technical.json	annotations/normalized/PXD003412/experimental_design.json
PXD003413	shard_5	complete_3_raw_3_normalized	flags_present	2			not_in_retained_input_manifest	annotations/raw/PXD003413/biological.json	annotations/raw/PXD003413/technical.json	annotations/raw/PXD003413/experimental_design.json	annotations/normalized/PXD003413/biological.json	annotations/normalized/PXD003413/technical.json	annotations/normalized/PXD003413/experimental_design.json
PXD003414	shard_6	complete_3_raw_3_normalized	flags_present	5			not_in_retained_input_manifest	annotations/raw/PXD003414/biological.json	annotations/raw/PXD003414/technical.json	annotations/raw/PXD003414/experimental_design.json	annotations/normalized/PXD003414/biological.json	annotations/normalized/PXD003414/technical.json	annotations/normalized/PXD003414/experimental_design.json
PXD003415	shard_7	complete_3_raw_3_normalized	flags_present	2			not_in_retained_input_manifest	annotations/raw/PXD003415/biological.json	annotations/raw/PXD003415/technical.json	annotations/raw/PXD003415/experimental_design.json	annotations/normalized/PXD003415/biological.json	annotations/normalized/PXD003415/technical.json	annotations/normalized/PXD003415/experimental_design.json
PXD003416	shard_0	complete_3_raw_3_normalized	flags_present	3			not_in_retained_input_manifest	annotations/raw/PXD003416/biological.json	annotations/raw/PXD003416/technical.json	annotations/raw/PXD003416/experimental_design.json	annotations/normalized/PXD003416/biological.json	annotations/normalized/PXD003416/technical.json	annotations/normalized/PXD003416/experimental_design.json
PXD003417	shard_1	complete_3_raw_3_normalized	flags_present	6			not_in_retained_input_manifest	annotations/raw/PXD003417/biological.json	annotations/raw/PXD003417/technical.json	annotations/raw/PXD003417/experimental_design.json	annotations/normalized/PXD003417/biological.json	annotations/normalized/PXD003417/technical.json	annotations/normalized/PXD003417/experimental_design.json
PXD003498	shard_2	complete_3_raw_3_normalized	flags_present	3			not_in_retained_input_manifest	annotations/raw/PXD003498/biological.json	annotations/raw/PXD003498/technical.json	annotations/raw/PXD003498/experimental_design.json	annotations/normalized/PXD003498/biological.json	annotations/normalized/PXD003498/technical.json	annotations/normalized/PXD003498/experimental_design.json
PXD003531	shard_3	complete_3_raw_3_normalized	flags_present	3			not_in_retained_input_manifest	annotations/raw/PXD003531/biological.json	annotations/raw/PXD003531/technical.json	annotations/raw/PXD003531/experimental_design.json	annotations/normalized/PXD003531/biological.json	annotations/normalized/PXD003531/technical.json	annotations/normalized/PXD003531/experimental_design.json
PXD003533	shard_4	complete_3_raw_3_normalized	flags_present	4			not_in_retained_input_manifest	annotations/raw/PXD003533/biological.json	annotations/raw/PXD003533/technical.json	annotations/raw/PXD003533/experimental_design.json	annotations/normalized/PXD003533/biological.json	annotations/normalized/PXD003533/technical.json	annotations/normalized/PXD003533/experimental_design.json
PXD003534	shard_5	complete_3_raw_3_normalized	flags_present	2			not_in_retained_input_manifest	annotations/raw/PXD003534/biological.json	annotations/raw/PXD003534/technical.json	annotations/raw/PXD003534/experimental_design.json	annotations/normalized/PXD003534/biological.json	annotations/normalized/PXD003534/technical.json	annotations/normalized/PXD003534/experimental_design.json
PXD003544	shard_6	complete_3_raw_3_normalized	flags_present	3			not_in_retained_input_manifest	annotations/raw/PXD003544/biological.json	annotations/raw/PXD003544/technical.json	annotations/raw/PXD003544/experimental_design.json	annotations/normalized/PXD003544/biological.json	annotations/normalized/PXD003544/technical.json	annotations/normalized/PXD003544/experimental_design.json
PXD003587	shard_7	complete_3_raw_3_normalized	no_stored_flags	0			not_in_retained_input_manifest	annotations/raw/PXD003587/biological.json	annotations/raw/PXD003587/technical.json	annotations/raw/PXD003587/experimental_design.json	annotations/normalized/PXD003587/biological.json	annotations/normalized/PXD003587/technical.json	annotations/normalized/PXD003587/experimental_design.json
PXD003594	shard_0	complete_3_raw_3_normalized	no_stored_flags	0			not_in_retained_input_manifest	annotations/raw/PXD003594/biological.json	annotations/raw/PXD003594/technical.json	annotations/raw/PXD003594/experimental_design.json	annotations/normalized/PXD003594/biological.json	annotations/normalized/PXD003594/technical.json	annotations/normalized/PXD003594/experimental_design.json
PXD003657	shard_1	complete_3_raw_3_normalized	flags_present	1			not_in_retained_input_manifest	annotations/raw/PXD003657/biological.json	annotations/raw/PXD003657/technical.json	annotations/raw/PXD003657/experimental_design.json	annotations/normalized/PXD003657/biological.json	annotations/normalized/PXD003657/technical.json	annotations/normalized/PXD003657/experimental_design.json
PXD003660	shard_2	complete_3_raw_3_normalized	flags_present	3			not_in_retained_input_manifest	annotations/raw/PXD003660/biological.json	annotations/raw/PXD003660/technical.json	annotations/raw/PXD003660/experimental_design.json	annotations/normalized/PXD003660/biological.json	annotations/normalized/PXD003660/technical.json	annotations/normalized/PXD003660/experimental_design.json
PXD003668	shard_3	complete_3_raw_3_normalized	flags_present	8			not_in_retained_input_manifest	annotations/raw/PXD003668/biological.json	annotations/raw/PXD003668/technical.json	annotations/raw/PXD003668/experimental_design.json	annotations/normalized/PXD003668/biological.json	annotations/normalized/PXD003668/technical.json	annotations/normalized/PXD003668/experimental_design.json
PXD003963	shard_4	complete_3_raw_3_normalized	flags_present	1			not_in_retained_input_manifest	annotations/raw/PXD003963/biological.json	annotations/raw/PXD003963/technical.json	annotations/raw/PXD003963/experimental_design.json	annotations/normalized/PXD003963/biological.json	annotations/normalized/PXD003963/technical.json	annotations/normalized/PXD003963/experimental_design.json
PXD003965	shard_5	complete_3_raw_3_normalized	flags_present	1	experimental_design		not_in_retained_input_manifest	annotations/raw/PXD003965/biological.json	annotations/raw/PXD003965/technical.json	annotations/raw/PXD003965/experimental_design.json	annotations/normalized/PXD003965/biological.json	annotations/normalized/PXD003965/technical.json	annotations/normalized/PXD003965/experimental_design.json
PXD003966	shard_6	complete_3_raw_3_normalized	flags_present	2			not_in_retained_input_manifest	annotations/raw/PXD003966/biological.json	annotations/raw/PXD003966/technical.json	annotations/raw/PXD003966/experimental_design.json	annotations/normalized/PXD003966/biological.json	annotations/normalized/PXD003966/technical.json	annotations/normalized/PXD003966/experimental_design.json
PXD003967	shard_7	complete_3_raw_3_normalized	flags_present	1			not_in_retained_input_manifest	annotations/raw/PXD003967/biological.json	annotations/raw/PXD003967/technical.json	annotations/raw/PXD003967/experimental_design.json	annotations/normalized/PXD003967/biological.json	annotations/normalized/PXD003967/technical.json	annotations/normalized/PXD003967/experimental_design.json
PXD003971	shard_0	complete_3_raw_3_normalized	flags_present	2			not_in_retained_input_manifest	annotations/raw/PXD003971/biological.json	annotations/raw/PXD003971/technical.json	annotations/raw/PXD003971/experimental_design.json	annotations/normalized/PXD003971/biological.json	annotations/normalized/PXD003971/technical.json	annotations/normalized/PXD003971/experimental_design.json
PXD003977	shard_1	complete_3_raw_3_normalized	flags_present	7			not_in_retained_input_manifest	annotations/raw/PXD003977/biological.json	annotations/raw/PXD003977/technical.json	annotations/raw/PXD003977/experimental_design.json	annotations/normalized/PXD003977/biological.json	annotations/normalized/PXD003977/technical.json	annotations/normalized/PXD003977/experimental_design.json
PXD004001	shard_2	complete_3_raw_3_normalized	flags_present	2			not_in_retained_input_manifest	annotations/raw/PXD004001/biological.json	annotations/raw/PXD004001/technical.json	annotations/raw/PXD004001/experimental_design.json	annotations/normalized/PXD004001/biological.json	annotations/normalized/PXD004001/technical.json	annotations/normalized/PXD004001/experimental_design.json
PXD004059	shard_3	complete_3_raw_3_normalized	flags_present	2			not_in_retained_input_manifest	annotations/raw/PXD004059/biological.json	annotations/raw/PXD004059/technical.json	annotations/raw/PXD004059/experimental_design.json	annotations/normalized/PXD004059/biological.json	annotations/normalized/PXD004059/technical.json	annotations/normalized/PXD004059/experimental_design.json
PXD004143	shard_4	complete_3_raw_3_normalized	no_stored_flags	0			not_in_retained_input_manifest	annotations/raw/PXD004143/biological.json	annotations/raw/PXD004143/technical.json	annotations/raw/PXD004143/experimental_design.json	annotations/normalized/PXD004143/biological.json	annotations/normalized/PXD004143/technical.json	annotations/normalized/PXD004143/experimental_design.json
PXD004154	shard_5	complete_3_raw_3_normalized	flags_present	2			not_in_retained_input_manifest	annotations/raw/PXD004154/biological.json	annotations/raw/PXD004154/technical.json	annotations/raw/PXD004154/experimental_design.json	annotations/normalized/PXD004154/biological.json	annotations/normalized/PXD004154/technical.json	annotations/normalized/PXD004154/experimental_design.json
PXD004280	shard_6	complete_3_raw_3_normalized	flags_present	3			not_in_retained_input_manifest	annotations/raw/PXD004280/biological.json	annotations/raw/PXD004280/technical.json	annotations/raw/PXD004280/experimental_design.json	annotations/normalized/PXD004280/biological.json	annotations/normalized/PXD004280/technical.json	annotations/normalized/PXD004280/experimental_design.json
PXD004320	shard_7	complete_3_raw_3_normalized	flags_present	2			not_in_retained_input_manifest	annotations/raw/PXD004320/biological.json	annotations/raw/PXD004320/technical.json	annotations/raw/PXD004320/experimental_design.json	annotations/normalized/PXD004320/biological.json	annotations/normalized/PXD004320/technical.json	annotations/normalized/PXD004320/experimental_design.json
PXD004334	shard_0	complete_3_raw_3_normalized	flags_present	5			not_in_retained_input_manifest	annotations/raw/PXD004334/biological.json	annotations/raw/PXD004334/technical.json	annotations/raw/PXD004334/experimental_design.json	annotations/normalized/PXD004334/biological.json	annotations/normalized/PXD004334/technical.json	annotations/normalized/PXD004334/experimental_design.json
PXD004355	shard_1	complete_3_raw_3_normalized	no_stored_flags	0			not_in_retained_input_manifest	annotations/raw/PXD004355/biological.json	annotations/raw/PXD004355/technical.json	annotations/raw/PXD004355/experimental_design.json	annotations/normalized/PXD004355/biological.json	annotations/normalized/PXD004355/technical.json	annotations/normalized/PXD004355/experimental_design.json
PXD004363	shard_2	complete_3_raw_3_normalized	no_stored_flags	0			not_in_retained_input_manifest	annotations/raw/PXD004363/biological.json	annotations/raw/PXD004363/technical.json	annotations/raw/PXD004363/experimental_design.json	annotations/normalized/PXD004363/biological.json	annotations/normalized/PXD004363/technical.json	annotations/normalized/PXD004363/experimental_design.json
PXD004415	shard_3	complete_3_raw_3_normalized	no_stored_flags	0			not_in_retained_input_manifest	annotations/raw/PXD004415/biological.json	annotations/raw/PXD004415/technical.json	annotations/raw/PXD004415/experimental_design.json	annotations/normalized/PXD004415/biological.json	annotations/normalized/PXD004415/technical.json	annotations/normalized/PXD004415/experimental_design.json
PXD004443	shard_4	complete_3_raw_3_normalized	flags_present	2			not_in_retained_input_manifest	annotations/raw/PXD004443/biological.json	annotations/raw/PXD004443/technical.json	annotations/raw/PXD004443/experimental_design.json	annotations/normalized/PXD004443/biological.json	annotations/normalized/PXD004443/technical.json	annotations/normalized/PXD004443/experimental_design.json
PXD004540	shard_5	complete_3_raw_3_normalized	flags_present	1			not_in_retained_input_manifest	annotations/raw/PXD004540/biological.json	annotations/raw/PXD004540/technical.json	annotations/raw/PXD004540/experimental_design.json	annotations/normalized/PXD004540/biological.json	annotations/normalized/PXD004540/technical.json	annotations/normalized/PXD004540/experimental_design.json
PXD004624	shard_6	complete_3_raw_3_normalized	flags_present	1			not_in_retained_input_manifest	annotations/raw/PXD004624/biological.json	annotations/raw/PXD004624/technical.json	annotations/raw/PXD004624/experimental_design.json	annotations/normalized/PXD004624/biological.json	annotations/normalized/PXD004624/technical.json	annotations/normalized/PXD004624/experimental_design.json
PXD004625	shard_7	complete_3_raw_3_normalized	flags_present	1			not_in_retained_input_manifest	annotations/raw/PXD004625/biological.json	annotations/raw/PXD004625/technical.json	annotations/raw/PXD004625/experimental_design.json	annotations/normalized/PXD004625/biological.json	annotations/normalized/PXD004625/technical.json	annotations/normalized/PXD004625/experimental_design.json
PXD004626	shard_0	complete_3_raw_3_normalized	flags_present	2			not_in_retained_input_manifest	annotations/raw/PXD004626/biological.json	annotations/raw/PXD004626/technical.json	annotations/raw/PXD004626/experimental_design.json	annotations/normalized/PXD004626/biological.json	annotations/normalized/PXD004626/technical.json	annotations/normalized/PXD004626/experimental_design.json
PXD004682	shard_1	complete_3_raw_3_normalized	flags_present	5			not_in_retained_input_manifest	annotations/raw/PXD004682/biological.json	annotations/raw/PXD004682/technical.json	annotations/raw/PXD004682/experimental_design.json	annotations/normalized/PXD004682/biological.json	annotations/normalized/PXD004682/technical.json	annotations/normalized/PXD004682/experimental_design.json
PXD004683	shard_2	complete_3_raw_3_normalized	flags_present	3			not_in_retained_input_manifest	annotations/raw/PXD004683/biological.json	annotations/raw/PXD004683/technical.json	annotations/raw/PXD004683/experimental_design.json	annotations/normalized/PXD004683/biological.json	annotations/normalized/PXD004683/technical.json	annotations/normalized/PXD004683/experimental_design.json
PXD004713	shard_3	complete_3_raw_3_normalized	flags_present	1			not_in_retained_input_manifest	annotations/raw/PXD004713/biological.json	annotations/raw/PXD004713/technical.json	annotations/raw/PXD004713/experimental_design.json	annotations/normalized/PXD004713/biological.json	annotations/normalized/PXD004713/technical.json	annotations/normalized/PXD004713/experimental_design.json
PXD004764	shard_4	complete_3_raw_3_normalized	flags_present	1			not_in_retained_input_manifest	annotations/raw/PXD004764/biological.json	annotations/raw/PXD004764/technical.json	annotations/raw/PXD004764/experimental_design.json	annotations/normalized/PXD004764/biological.json	annotations/normalized/PXD004764/technical.json	annotations/normalized/PXD004764/experimental_design.json
PXD004778	shard_5	complete_3_raw_3_normalized	no_stored_flags	0	experimental_design		not_in_retained_input_manifest	annotations/raw/PXD004778/biological.json	annotations/raw/PXD004778/technical.json	annotations/raw/PXD004778/experimental_design.json	annotations/normalized/PXD004778/biological.json	annotations/normalized/PXD004778/technical.json	annotations/normalized/PXD004778/experimental_design.json
PXD004788	shard_6	complete_3_raw_3_normalized	flags_present	1			not_in_retained_input_manifest	annotations/raw/PXD004788/biological.json	annotations/raw/PXD004788/technical.json	annotations/raw/PXD004788/experimental_design.json	annotations/normalized/PXD004788/biological.json	annotations/normalized/PXD004788/technical.json	annotations/normalized/PXD004788/experimental_design.json
PXD004796	shard_7	complete_3_raw_3_normalized	flags_present	2			not_in_retained_input_manifest	annotations/raw/PXD004796/biological.json	annotations/raw/PXD004796/technical.json	annotations/raw/PXD004796/experimental_design.json	annotations/normalized/PXD004796/biological.json	annotations/normalized/PXD004796/technical.json	annotations/normalized/PXD004796/experimental_design.json
PXD005045	shard_0	complete_3_raw_3_normalized	flags_present	3			not_in_retained_input_manifest	annotations/raw/PXD005045/biological.json	annotations/raw/PXD005045/technical.json	annotations/raw/PXD005045/experimental_design.json	annotations/normalized/PXD005045/biological.json	annotations/normalized/PXD005045/technical.json	annotations/normalized/PXD005045/experimental_design.json
PXD005055	shard_1	complete_3_raw_3_normalized	flags_present	1			not_in_retained_input_manifest	annotations/raw/PXD005055/biological.json	annotations/raw/PXD005055/technical.json	annotations/raw/PXD005055/experimental_design.json	annotations/normalized/PXD005055/biological.json	annotations/normalized/PXD005055/technical.json	annotations/normalized/PXD005055/experimental_design.json
PXD005154	shard_2	complete_3_raw_3_normalized	no_stored_flags	0			not_in_retained_input_manifest	annotations/raw/PXD005154/biological.json	annotations/raw/PXD005154/technical.json	annotations/raw/PXD005154/experimental_design.json	annotations/normalized/PXD005154/biological.json	annotations/normalized/PXD005154/technical.json	annotations/normalized/PXD005154/experimental_design.json
PXD005187	shard_3	complete_3_raw_3_normalized	flags_present	1			not_in_retained_input_manifest	annotations/raw/PXD005187/biological.json	annotations/raw/PXD005187/technical.json	annotations/raw/PXD005187/experimental_design.json	annotations/normalized/PXD005187/biological.json	annotations/normalized/PXD005187/technical.json	annotations/normalized/PXD005187/experimental_design.json
PXD005190	shard_4	complete_3_raw_3_normalized	no_stored_flags	0			not_in_retained_input_manifest	annotations/raw/PXD005190/biological.json	annotations/raw/PXD005190/technical.json	annotations/raw/PXD005190/experimental_design.json	annotations/normalized/PXD005190/biological.json	annotations/normalized/PXD005190/technical.json	annotations/normalized/PXD005190/experimental_design.json
PXD005200	shard_5	complete_3_raw_3_normalized	no_stored_flags	0			not_in_retained_input_manifest	annotations/raw/PXD005200/biological.json	annotations/raw/PXD005200/technical.json	annotations/raw/PXD005200/experimental_design.json	annotations/normalized/PXD005200/biological.json	annotations/normalized/PXD005200/technical.json	annotations/normalized/PXD005200/experimental_design.json
PXD005220	shard_6	complete_3_raw_3_normalized	flags_present	2			not_in_retained_input_manifest	annotations/raw/PXD005220/biological.json	annotations/raw/PXD005220/technical.json	annotations/raw/PXD005220/experimental_design.json	annotations/normalized/PXD005220/biological.json	annotations/normalized/PXD005220/technical.json	annotations/normalized/PXD005220/experimental_design.json
PXD005252	shard_7	complete_3_raw_3_normalized	flags_present	2			not_in_retained_input_manifest	annotations/raw/PXD005252/biological.json	annotations/raw/PXD005252/technical.json	annotations/raw/PXD005252/experimental_design.json	annotations/normalized/PXD005252/biological.json	annotations/normalized/PXD005252/technical.json	annotations/normalized/PXD005252/experimental_design.json
PXD005301	shard_0	complete_3_raw_3_normalized	flags_present	1			not_in_retained_input_manifest	annotations/raw/PXD005301/biological.json	annotations/raw/PXD005301/technical.json	annotations/raw/PXD005301/experimental_design.json	annotations/normalized/PXD005301/biological.json	annotations/normalized/PXD005301/technical.json	annotations/normalized/PXD005301/experimental_design.json
PXD005323	shard_1	complete_3_raw_3_normalized	flags_present	2			not_in_retained_input_manifest	annotations/raw/PXD005323/biological.json	annotations/raw/PXD005323/technical.json	annotations/raw/PXD005323/experimental_design.json	annotations/normalized/PXD005323/biological.json	annotations/normalized/PXD005323/technical.json	annotations/normalized/PXD005323/experimental_design.json
PXD005354	shard_2	complete_3_raw_3_normalized	flags_present	3			not_in_retained_input_manifest	annotations/raw/PXD005354/biological.json	annotations/raw/PXD005354/technical.json	annotations/raw/PXD005354/experimental_design.json	annotations/normalized/PXD005354/biological.json	annotations/normalized/PXD005354/technical.json	annotations/normalized/PXD005354/experimental_design.json
PXD005389	shard_3	complete_3_raw_3_normalized	no_stored_flags	0			not_in_retained_input_manifest	annotations/raw/PXD005389/biological.json	annotations/raw/PXD005389/technical.json	annotations/raw/PXD005389/experimental_design.json	annotations/normalized/PXD005389/biological.json	annotations/normalized/PXD005389/technical.json	annotations/normalized/PXD005389/experimental_design.json
PXD005436	shard_4	complete_3_raw_3_normalized	no_stored_flags	0			not_in_retained_input_manifest	annotations/raw/PXD005436/biological.json	annotations/raw/PXD005436/technical.json	annotations/raw/PXD005436/experimental_design.json	annotations/normalized/PXD005436/biological.json	annotations/normalized/PXD005436/technical.json	annotations/normalized/PXD005436/experimental_design.json
PXD005465	shard_5	complete_3_raw_3_normalized	no_stored_flags	0			not_in_retained_input_manifest	annotations/raw/PXD005465/biological.json	annotations/raw/PXD005465/technical.json	annotations/raw/PXD005465/experimental_design.json	annotations/normalized/PXD005465/biological.json	annotations/normalized/PXD005465/technical.json	annotations/normalized/PXD005465/experimental_design.json
PXD005508	shard_6	complete_3_raw_3_normalized	flags_present	1			not_in_retained_input_manifest	annotations/raw/PXD005508/biological.json	annotations/raw/PXD005508/technical.json	annotations/raw/PXD005508/experimental_design.json	annotations/normalized/PXD005508/biological.json	annotations/normalized/PXD005508/technical.json	annotations/normalized/PXD005508/experimental_design.json
PXD005521	shard_7	complete_3_raw_3_normalized	flags_present	2			not_in_retained_input_manifest	annotations/raw/PXD005521/biological.json	annotations/raw/PXD005521/technical.json	annotations/raw/PXD005521/experimental_design.json	annotations/normalized/PXD005521/biological.json	annotations/normalized/PXD005521/technical.json	annotations/normalized/PXD005521/experimental_design.json
PXD005544	shard_0	complete_3_raw_3_normalized	flags_present	1			not_in_retained_input_manifest	annotations/raw/PXD005544/biological.json	annotations/raw/PXD005544/technical.json	annotations/raw/PXD005544/experimental_design.json	annotations/normalized/PXD005544/biological.json	annotations/normalized/PXD005544/technical.json	annotations/normalized/PXD005544/experimental_design.json
PXD005554	shard_1	complete_3_raw_3_normalized	flags_present	2			not_in_retained_input_manifest	annotations/raw/PXD005554/biological.json	annotations/raw/PXD005554/technical.json	annotations/raw/PXD005554/experimental_design.json	annotations/normalized/PXD005554/biological.json	annotations/normalized/PXD005554/technical.json	annotations/normalized/PXD005554/experimental_design.json
PXD005590	shard_2	complete_3_raw_3_normalized	no_stored_flags	0			not_in_retained_input_manifest	annotations/raw/PXD005590/biological.json	annotations/raw/PXD005590/technical.json	annotations/raw/PXD005590/experimental_design.json	annotations/normalized/PXD005590/biological.json	annotations/normalized/PXD005590/technical.json	annotations/normalized/PXD005590/experimental_design.json
PXD005650	shard_3	complete_3_raw_3_normalized	flags_present	2			not_in_retained_input_manifest	annotations/raw/PXD005650/biological.json	annotations/raw/PXD005650/technical.json	annotations/raw/PXD005650/experimental_design.json	annotations/normalized/PXD005650/biological.json	annotations/normalized/PXD005650/technical.json	annotations/normalized/PXD005650/experimental_design.json
PXD005693	shard_4	complete_3_raw_3_normalized	no_stored_flags	0			not_in_retained_input_manifest	annotations/raw/PXD005693/biological.json	annotations/raw/PXD005693/technical.json	annotations/raw/PXD005693/experimental_design.json	annotations/normalized/PXD005693/biological.json	annotations/normalized/PXD005693/technical.json	annotations/normalized/PXD005693/experimental_design.json
PXD005709	shard_5	complete_3_raw_3_normalized	flags_present	2			not_in_retained_input_manifest	annotations/raw/PXD005709/biological.json	annotations/raw/PXD005709/technical.json	annotations/raw/PXD005709/experimental_design.json	annotations/normalized/PXD005709/biological.json	annotations/normalized/PXD005709/technical.json	annotations/normalized/PXD005709/experimental_design.json
PXD005733	shard_6	complete_3_raw_3_normalized	flags_present	1			not_in_retained_input_manifest	annotations/raw/PXD005733/biological.json	annotations/raw/PXD005733/technical.json	annotations/raw/PXD005733/experimental_design.json	annotations/normalized/PXD005733/biological.json	annotations/normalized/PXD005733/technical.json	annotations/normalized/PXD005733/experimental_design.json
PXD005739	shard_7	complete_3_raw_3_normalized	no_stored_flags	0			not_in_retained_input_manifest	annotations/raw/PXD005739/biological.json	annotations/raw/PXD005739/technical.json	annotations/raw/PXD005739/experimental_design.json	annotations/normalized/PXD005739/biological.json	annotations/normalized/PXD005739/technical.json	annotations/normalized/PXD005739/experimental_design.json
PXD005753	shard_0	complete_3_raw_3_normalized	no_stored_flags	0			not_in_retained_input_manifest	annotations/raw/PXD005753/biological.json	annotations/raw/PXD005753/technical.json	annotations/raw/PXD005753/experimental_design.json	annotations/normalized/PXD005753/biological.json	annotations/normalized/PXD005753/technical.json	annotations/normalized/PXD005753/experimental_design.json
PXD005755	shard_1	complete_3_raw_3_normalized	no_stored_flags	0			not_in_retained_input_manifest	annotations/raw/PXD005755/biological.json	annotations/raw/PXD005755/technical.json	annotations/raw/PXD005755/experimental_design.json	annotations/normalized/PXD005755/biological.json	annotations/normalized/PXD005755/technical.json	annotations/normalized/PXD005755/experimental_design.json
PXD005914	shard_2	complete_3_raw_3_normalized	no_stored_flags	0			not_in_retained_input_manifest	annotations/raw/PXD005914/biological.json	annotations/raw/PXD005914/technical.json	annotations/raw/PXD005914/experimental_design.json	annotations/normalized/PXD005914/biological.json	annotations/normalized/PXD005914/technical.json	annotations/normalized/PXD005914/experimental_design.json
PXD005944	shard_3	complete_3_raw_3_normalized	flags_present	5			not_in_retained_input_manifest	annotations/raw/PXD005944/biological.json	annotations/raw/PXD005944/technical.json	annotations/raw/PXD005944/experimental_design.json	annotations/normalized/PXD005944/biological.json	annotations/normalized/PXD005944/technical.json	annotations/normalized/PXD005944/experimental_design.json
PXD005945	shard_4	complete_3_raw_3_normalized	flags_present	5			not_in_retained_input_manifest	annotations/raw/PXD005945/biological.json	annotations/raw/PXD005945/technical.json	annotations/raw/PXD005945/experimental_design.json	annotations/normalized/PXD005945/biological.json	annotations/normalized/PXD005945/technical.json	annotations/normalized/PXD005945/experimental_design.json
PXD005981	shard_5	complete_3_raw_3_normalized	flags_present	1			not_in_retained_input_manifest	annotations/raw/PXD005981/biological.json	annotations/raw/PXD005981/technical.json	annotations/raw/PXD005981/experimental_design.json	annotations/normalized/PXD005981/biological.json	annotations/normalized/PXD005981/technical.json	annotations/normalized/PXD005981/experimental_design.json
PXD006035	shard_6	complete_3_raw_3_normalized	no_stored_flags	0			not_in_retained_input_manifest	annotations/raw/PXD006035/biological.json	annotations/raw/PXD006035/technical.json	annotations/raw/PXD006035/experimental_design.json	annotations/normalized/PXD006035/biological.json	annotations/normalized/PXD006035/technical.json	annotations/normalized/PXD006035/experimental_design.json
PXD006095	shard_7	complete_3_raw_3_normalized	flags_present	1			not_in_retained_input_manifest	annotations/raw/PXD006095/biological.json	annotations/raw/PXD006095/technical.json	annotations/raw/PXD006095/experimental_design.json	annotations/normalized/PXD006095/biological.json	annotations/normalized/PXD006095/technical.json	annotations/normalized/PXD006095/experimental_design.json
PXD006114	shard_0	complete_3_raw_3_normalized	flags_present	1			not_in_retained_input_manifest	annotations/raw/PXD006114/biological.json	annotations/raw/PXD006114/technical.json	annotations/raw/PXD006114/experimental_design.json	annotations/normalized/PXD006114/biological.json	annotations/normalized/PXD006114/technical.json	annotations/normalized/PXD006114/experimental_design.json
PXD006178	shard_1	complete_3_raw_3_normalized	no_stored_flags	0			not_in_retained_input_manifest	annotations/raw/PXD006178/biological.json	annotations/raw/PXD006178/technical.json	annotations/raw/PXD006178/experimental_design.json	annotations/normalized/PXD006178/biological.json	annotations/normalized/PXD006178/technical.json	annotations/normalized/PXD006178/experimental_design.json
PXD006179	shard_2	complete_3_raw_3_normalized	flags_present	1			not_in_retained_input_manifest	annotations/raw/PXD006179/biological.json	annotations/raw/PXD006179/technical.json	annotations/raw/PXD006179/experimental_design.json	annotations/normalized/PXD006179/biological.json	annotations/normalized/PXD006179/technical.json	annotations/normalized/PXD006179/experimental_design.json
PXD006201	shard_3	complete_3_raw_3_normalized	flags_present	1			not_in_retained_input_manifest	annotations/raw/PXD006201/biological.json	annotations/raw/PXD006201/technical.json	annotations/raw/PXD006201/experimental_design.json	annotations/normalized/PXD006201/biological.json	annotations/normalized/PXD006201/technical.json	annotations/normalized/PXD006201/experimental_design.json
PXD006233	shard_4	complete_3_raw_3_normalized	flags_present	4			not_in_retained_input_manifest	annotations/raw/PXD006233/biological.json	annotations/raw/PXD006233/technical.json	annotations/raw/PXD006233/experimental_design.json	annotations/normalized/PXD006233/biological.json	annotations/normalized/PXD006233/technical.json	annotations/normalized/PXD006233/experimental_design.json
PXD006265	shard_5	complete_3_raw_3_normalized	no_stored_flags	0			not_in_retained_input_manifest	annotations/raw/PXD006265/biological.json	annotations/raw/PXD006265/technical.json	annotations/raw/PXD006265/experimental_design.json	annotations/normalized/PXD006265/biological.json	annotations/normalized/PXD006265/technical.json	annotations/normalized/PXD006265/experimental_design.json
PXD006268	shard_6	complete_3_raw_3_normalized	flags_present	3			not_in_retained_input_manifest	annotations/raw/PXD006268/biological.json	annotations/raw/PXD006268/technical.json	annotations/raw/PXD006268/experimental_design.json	annotations/normalized/PXD006268/biological.json	annotations/normalized/PXD006268/technical.json	annotations/normalized/PXD006268/experimental_design.json
PXD006269	shard_7	complete_3_raw_3_normalized	no_stored_flags	0			not_in_retained_input_manifest	annotations/raw/PXD006269/biological.json	annotations/raw/PXD006269/technical.json	annotations/raw/PXD006269/experimental_design.json	annotations/normalized/PXD006269/biological.json	annotations/normalized/PXD006269/technical.json	annotations/normalized/PXD006269/experimental_design.json
PXD006299	shard_0	complete_3_raw_3_normalized	flags_present	1			not_in_retained_input_manifest	annotations/raw/PXD006299/biological.json	annotations/raw/PXD006299/technical.json	annotations/raw/PXD006299/experimental_design.json	annotations/normalized/PXD006299/biological.json	annotations/normalized/PXD006299/technical.json	annotations/normalized/PXD006299/experimental_design.json
PXD006335	shard_1	complete_3_raw_3_normalized	flags_present	3			not_in_retained_input_manifest	annotations/raw/PXD006335/biological.json	annotations/raw/PXD006335/technical.json	annotations/raw/PXD006335/experimental_design.json	annotations/normalized/PXD006335/biological.json	annotations/normalized/PXD006335/technical.json	annotations/normalized/PXD006335/experimental_design.json
PXD006371	shard_2	complete_3_raw_3_normalized	flags_present	1			not_in_retained_input_manifest	annotations/raw/PXD006371/biological.json	annotations/raw/PXD006371/technical.json	annotations/raw/PXD006371/experimental_design.json	annotations/normalized/PXD006371/biological.json	annotations/normalized/PXD006371/technical.json	annotations/normalized/PXD006371/experimental_design.json
PXD006386	shard_3	complete_3_raw_3_normalized	flags_present	1			not_in_retained_input_manifest	annotations/raw/PXD006386/biological.json	annotations/raw/PXD006386/technical.json	annotations/raw/PXD006386/experimental_design.json	annotations/normalized/PXD006386/biological.json	annotations/normalized/PXD006386/technical.json	annotations/normalized/PXD006386/experimental_design.json
PXD006401	shard_4	complete_3_raw_3_normalized	flags_present	7			not_in_retained_input_manifest	annotations/raw/PXD006401/biological.json	annotations/raw/PXD006401/technical.json	annotations/raw/PXD006401/experimental_design.json	annotations/normalized/PXD006401/biological.json	annotations/normalized/PXD006401/technical.json	annotations/normalized/PXD006401/experimental_design.json
PXD006404	shard_5	complete_3_raw_3_normalized	flags_present	1			not_in_retained_input_manifest	annotations/raw/PXD006404/biological.json	annotations/raw/PXD006404/technical.json	annotations/raw/PXD006404/experimental_design.json	annotations/normalized/PXD006404/biological.json	annotations/normalized/PXD006404/technical.json	annotations/normalized/PXD006404/experimental_design.json
PXD006419	shard_6	complete_3_raw_3_normalized	flags_present	4			not_in_retained_input_manifest	annotations/raw/PXD006419/biological.json	annotations/raw/PXD006419/technical.json	annotations/raw/PXD006419/experimental_design.json	annotations/normalized/PXD006419/biological.json	annotations/normalized/PXD006419/technical.json	annotations/normalized/PXD006419/experimental_design.json
PXD006421	shard_7	complete_3_raw_3_normalized	flags_present	7			not_in_retained_input_manifest	annotations/raw/PXD006421/biological.json	annotations/raw/PXD006421/technical.json	annotations/raw/PXD006421/experimental_design.json	annotations/normalized/PXD006421/biological.json	annotations/normalized/PXD006421/technical.json	annotations/normalized/PXD006421/experimental_design.json
PXD006447	shard_0	complete_3_raw_3_normalized	flags_present	1			not_in_retained_input_manifest	annotations/raw/PXD006447/biological.json	annotations/raw/PXD006447/technical.json	annotations/raw/PXD006447/experimental_design.json	annotations/normalized/PXD006447/biological.json	annotations/normalized/PXD006447/technical.json	annotations/normalized/PXD006447/experimental_design.json
PXD006465	shard_1	complete_3_raw_3_normalized	no_stored_flags	0			not_in_retained_input_manifest	annotations/raw/PXD006465/biological.json	annotations/raw/PXD006465/technical.json	annotations/raw/PXD006465/experimental_design.json	annotations/normalized/PXD006465/biological.json	annotations/normalized/PXD006465/technical.json	annotations/normalized/PXD006465/experimental_design.json
PXD006476	shard_2	complete_3_raw_3_normalized	flags_present	1			not_in_retained_input_manifest	annotations/raw/PXD006476/biological.json	annotations/raw/PXD006476/technical.json	annotations/raw/PXD006476/experimental_design.json	annotations/normalized/PXD006476/biological.json	annotations/normalized/PXD006476/technical.json	annotations/normalized/PXD006476/experimental_design.json
PXD006497	shard_3	complete_3_raw_3_normalized	flags_present	4			not_in_retained_input_manifest	annotations/raw/PXD006497/biological.json	annotations/raw/PXD006497/technical.json	annotations/raw/PXD006497/experimental_design.json	annotations/normalized/PXD006497/biological.json	annotations/normalized/PXD006497/technical.json	annotations/normalized/PXD006497/experimental_design.json
PXD006517	shard_4	complete_3_raw_3_normalized	no_stored_flags	0			not_in_retained_input_manifest	annotations/raw/PXD006517/biological.json	annotations/raw/PXD006517/technical.json	annotations/raw/PXD006517/experimental_design.json	annotations/normalized/PXD006517/biological.json	annotations/normalized/PXD006517/technical.json	annotations/normalized/PXD006517/experimental_design.json
PXD006522	shard_5	complete_3_raw_3_normalized	no_stored_flags	0			not_in_retained_input_manifest	annotations/raw/PXD006522/biological.json	annotations/raw/PXD006522/technical.json	annotations/raw/PXD006522/experimental_design.json	annotations/normalized/PXD006522/biological.json	annotations/normalized/PXD006522/technical.json	annotations/normalized/PXD006522/experimental_design.json
PXD006561	shard_6	complete_3_raw_3_normalized	flags_present	3			not_in_retained_input_manifest	annotations/raw/PXD006561/biological.json	annotations/raw/PXD006561/technical.json	annotations/raw/PXD006561/experimental_design.json	annotations/normalized/PXD006561/biological.json	annotations/normalized/PXD006561/technical.json	annotations/normalized/PXD006561/experimental_design.json
PXD006570	shard_7	complete_3_raw_3_normalized	flags_present	2			not_in_retained_input_manifest	annotations/raw/PXD006570/biological.json	annotations/raw/PXD006570/technical.json	annotations/raw/PXD006570/experimental_design.json	annotations/normalized/PXD006570/biological.json	annotations/normalized/PXD006570/technical.json	annotations/normalized/PXD006570/experimental_design.json
PXD006571	shard_0	complete_3_raw_3_normalized	no_stored_flags	0			not_in_retained_input_manifest	annotations/raw/PXD006571/biological.json	annotations/raw/PXD006571/technical.json	annotations/raw/PXD006571/experimental_design.json	annotations/normalized/PXD006571/biological.json	annotations/normalized/PXD006571/technical.json	annotations/normalized/PXD006571/experimental_design.json
PXD006572	shard_1	complete_3_raw_3_normalized	flags_present	2			not_in_retained_input_manifest	annotations/raw/PXD006572/biological.json	annotations/raw/PXD006572/technical.json	annotations/raw/PXD006572/experimental_design.json	annotations/normalized/PXD006572/biological.json	annotations/normalized/PXD006572/technical.json	annotations/normalized/PXD006572/experimental_design.json
PXD006576	shard_2	complete_3_raw_3_normalized	flags_present	2			not_in_retained_input_manifest	annotations/raw/PXD006576/biological.json	annotations/raw/PXD006576/technical.json	annotations/raw/PXD006576/experimental_design.json	annotations/normalized/PXD006576/biological.json	annotations/normalized/PXD006576/technical.json	annotations/normalized/PXD006576/experimental_design.json
PXD006578	shard_3	complete_3_raw_3_normalized	flags_present	1			not_in_retained_input_manifest	annotations/raw/PXD006578/biological.json	annotations/raw/PXD006578/technical.json	annotations/raw/PXD006578/experimental_design.json	annotations/normalized/PXD006578/biological.json	annotations/normalized/PXD006578/technical.json	annotations/normalized/PXD006578/experimental_design.json
PXD006581	shard_4	complete_3_raw_3_normalized	flags_present	4			not_in_retained_input_manifest	annotations/raw/PXD006581/biological.json	annotations/raw/PXD006581/technical.json	annotations/raw/PXD006581/experimental_design.json	annotations/normalized/PXD006581/biological.json	annotations/normalized/PXD006581/technical.json	annotations/normalized/PXD006581/experimental_design.json
PXD006589	shard_5	complete_3_raw_3_normalized	flags_present	3			not_in_retained_input_manifest	annotations/raw/PXD006589/biological.json	annotations/raw/PXD006589/technical.json	annotations/raw/PXD006589/experimental_design.json	annotations/normalized/PXD006589/biological.json	annotations/normalized/PXD006589/technical.json	annotations/normalized/PXD006589/experimental_design.json
PXD006590	shard_6	complete_3_raw_3_normalized	flags_present	1			not_in_retained_input_manifest	annotations/raw/PXD006590/biological.json	annotations/raw/PXD006590/technical.json	annotations/raw/PXD006590/experimental_design.json	annotations/normalized/PXD006590/biological.json	annotations/normalized/PXD006590/technical.json	annotations/normalized/PXD006590/experimental_design.json
PXD006591	shard_7	complete_3_raw_3_normalized	flags_present	1			not_in_retained_input_manifest	annotations/raw/PXD006591/biological.json	annotations/raw/PXD006591/technical.json	annotations/raw/PXD006591/experimental_design.json	annotations/normalized/PXD006591/biological.json	annotations/normalized/PXD006591/technical.json	annotations/normalized/PXD006591/experimental_design.json
PXD006607	shard_0	complete_3_raw_3_normalized	flags_present	1			not_in_retained_input_manifest	annotations/raw/PXD006607/biological.json	annotations/raw/PXD006607/technical.json	annotations/raw/PXD006607/experimental_design.json	annotations/normalized/PXD006607/biological.json	annotations/normalized/PXD006607/technical.json	annotations/normalized/PXD006607/experimental_design.json
PXD006672	shard_1	complete_3_raw_3_normalized	no_stored_flags	0			not_in_retained_input_manifest	annotations/raw/PXD006672/biological.json	annotations/raw/PXD006672/technical.json	annotations/raw/PXD006672/experimental_design.json	annotations/normalized/PXD006672/biological.json	annotations/normalized/PXD006672/technical.json	annotations/normalized/PXD006672/experimental_design.json
PXD006675	shard_2	complete_3_raw_3_normalized	flags_present	2			not_in_retained_input_manifest	annotations/raw/PXD006675/biological.json	annotations/raw/PXD006675/technical.json	annotations/raw/PXD006675/experimental_design.json	annotations/normalized/PXD006675/biological.json	annotations/normalized/PXD006675/technical.json	annotations/normalized/PXD006675/experimental_design.json
PXD006697	shard_3	complete_3_raw_3_normalized	flags_present	1			not_in_retained_input_manifest	annotations/raw/PXD006697/biological.json	annotations/raw/PXD006697/technical.json	annotations/raw/PXD006697/experimental_design.json	annotations/normalized/PXD006697/biological.json	annotations/normalized/PXD006697/technical.json	annotations/normalized/PXD006697/experimental_design.json
PXD006723	shard_4	complete_3_raw_3_normalized	no_stored_flags	0			not_in_retained_input_manifest	annotations/raw/PXD006723/biological.json	annotations/raw/PXD006723/technical.json	annotations/raw/PXD006723/experimental_design.json	annotations/normalized/PXD006723/biological.json	annotations/normalized/PXD006723/technical.json	annotations/normalized/PXD006723/experimental_design.json
PXD006738	shard_5	complete_3_raw_3_normalized	flags_present	3	experimental_design		not_in_retained_input_manifest	annotations/raw/PXD006738/biological.json	annotations/raw/PXD006738/technical.json	annotations/raw/PXD006738/experimental_design.json	annotations/normalized/PXD006738/biological.json	annotations/normalized/PXD006738/technical.json	annotations/normalized/PXD006738/experimental_design.json
PXD006743	shard_6	complete_3_raw_3_normalized	no_stored_flags	0			not_in_retained_input_manifest	annotations/raw/PXD006743/biological.json	annotations/raw/PXD006743/technical.json	annotations/raw/PXD006743/experimental_design.json	annotations/normalized/PXD006743/biological.json	annotations/normalized/PXD006743/technical.json	annotations/normalized/PXD006743/experimental_design.json
PXD006769	shard_7	complete_3_raw_3_normalized	flags_present	3			not_in_retained_input_manifest	annotations/raw/PXD006769/biological.json	annotations/raw/PXD006769/technical.json	annotations/raw/PXD006769/experimental_design.json	annotations/normalized/PXD006769/biological.json	annotations/normalized/PXD006769/technical.json	annotations/normalized/PXD006769/experimental_design.json
PXD006770	shard_0	complete_3_raw_3_normalized	flags_present	3			not_in_retained_input_manifest	annotations/raw/PXD006770/biological.json	annotations/raw/PXD006770/technical.json	annotations/raw/PXD006770/experimental_design.json	annotations/normalized/PXD006770/biological.json	annotations/normalized/PXD006770/technical.json	annotations/normalized/PXD006770/experimental_design.json
PXD006776	shard_1	complete_3_raw_3_normalized	flags_present	2			not_in_retained_input_manifest	annotations/raw/PXD006776/biological.json	annotations/raw/PXD006776/technical.json	annotations/raw/PXD006776/experimental_design.json	annotations/normalized/PXD006776/biological.json	annotations/normalized/PXD006776/technical.json	annotations/normalized/PXD006776/experimental_design.json
PXD006788	shard_2	complete_3_raw_3_normalized	flags_present	1			not_in_retained_input_manifest	annotations/raw/PXD006788/biological.json	annotations/raw/PXD006788/technical.json	annotations/raw/PXD006788/experimental_design.json	annotations/normalized/PXD006788/biological.json	annotations/normalized/PXD006788/technical.json	annotations/normalized/PXD006788/experimental_design.json
PXD006805	shard_3	complete_3_raw_3_normalized	flags_present	2			not_in_retained_input_manifest	annotations/raw/PXD006805/biological.json	annotations/raw/PXD006805/technical.json	annotations/raw/PXD006805/experimental_design.json	annotations/normalized/PXD006805/biological.json	annotations/normalized/PXD006805/technical.json	annotations/normalized/PXD006805/experimental_design.json
PXD006833	shard_4	complete_3_raw_3_normalized	no_stored_flags	0			not_in_retained_input_manifest	annotations/raw/PXD006833/biological.json	annotations/raw/PXD006833/technical.json	annotations/raw/PXD006833/experimental_design.json	annotations/normalized/PXD006833/biological.json	annotations/normalized/PXD006833/technical.json	annotations/normalized/PXD006833/experimental_design.json
PXD006847	shard_5	complete_3_raw_3_normalized	flags_present	6			not_in_retained_input_manifest	annotations/raw/PXD006847/biological.json	annotations/raw/PXD006847/technical.json	annotations/raw/PXD006847/experimental_design.json	annotations/normalized/PXD006847/biological.json	annotations/normalized/PXD006847/technical.json	annotations/normalized/PXD006847/experimental_design.json
PXD006856	shard_6	complete_3_raw_3_normalized	flags_present	3			not_in_retained_input_manifest	annotations/raw/PXD006856/biological.json	annotations/raw/PXD006856/technical.json	annotations/raw/PXD006856/experimental_design.json	annotations/normalized/PXD006856/biological.json	annotations/normalized/PXD006856/technical.json	annotations/normalized/PXD006856/experimental_design.json
PXD006863	shard_7	complete_3_raw_3_normalized	flags_present	2			not_in_retained_input_manifest	annotations/raw/PXD006863/biological.json	annotations/raw/PXD006863/technical.json	annotations/raw/PXD006863/experimental_design.json	annotations/normalized/PXD006863/biological.json	annotations/normalized/PXD006863/technical.json	annotations/normalized/PXD006863/experimental_design.json
PXD006897	shard_0	complete_3_raw_3_normalized	flags_present	2			not_in_retained_input_manifest	annotations/raw/PXD006897/biological.json	annotations/raw/PXD006897/technical.json	annotations/raw/PXD006897/experimental_design.json	annotations/normalized/PXD006897/biological.json	annotations/normalized/PXD006897/technical.json	annotations/normalized/PXD006897/experimental_design.json
PXD006911	shard_1	complete_3_raw_3_normalized	flags_present	2			not_in_retained_input_manifest	annotations/raw/PXD006911/biological.json	annotations/raw/PXD006911/technical.json	annotations/raw/PXD006911/experimental_design.json	annotations/normalized/PXD006911/biological.json	annotations/normalized/PXD006911/technical.json	annotations/normalized/PXD006911/experimental_design.json
PXD007049	shard_2	complete_3_raw_3_normalized	flags_present	1			not_in_retained_input_manifest	annotations/raw/PXD007049/biological.json	annotations/raw/PXD007049/technical.json	annotations/raw/PXD007049/experimental_design.json	annotations/normalized/PXD007049/biological.json	annotations/normalized/PXD007049/technical.json	annotations/normalized/PXD007049/experimental_design.json
PXD007080	shard_3	complete_3_raw_3_normalized	flags_present	5			not_in_retained_input_manifest	annotations/raw/PXD007080/biological.json	annotations/raw/PXD007080/technical.json	annotations/raw/PXD007080/experimental_design.json	annotations/normalized/PXD007080/biological.json	annotations/normalized/PXD007080/technical.json	annotations/normalized/PXD007080/experimental_design.json
PXD007081	shard_4	complete_3_raw_3_normalized	flags_present	2			not_in_retained_input_manifest	annotations/raw/PXD007081/biological.json	annotations/raw/PXD007081/technical.json	annotations/raw/PXD007081/experimental_design.json	annotations/normalized/PXD007081/biological.json	annotations/normalized/PXD007081/technical.json	annotations/normalized/PXD007081/experimental_design.json
PXD007122	shard_5	complete_3_raw_3_normalized	flags_present	1			not_in_retained_input_manifest	annotations/raw/PXD007122/biological.json	annotations/raw/PXD007122/technical.json	annotations/raw/PXD007122/experimental_design.json	annotations/normalized/PXD007122/biological.json	annotations/normalized/PXD007122/technical.json	annotations/normalized/PXD007122/experimental_design.json
PXD007123	shard_6	complete_3_raw_3_normalized	flags_present	1			not_in_retained_input_manifest	annotations/raw/PXD007123/biological.json	annotations/raw/PXD007123/technical.json	annotations/raw/PXD007123/experimental_design.json	annotations/normalized/PXD007123/biological.json	annotations/normalized/PXD007123/technical.json	annotations/normalized/PXD007123/experimental_design.json
PXD007137	shard_7	complete_3_raw_3_normalized	flags_present	2			not_in_retained_input_manifest	annotations/raw/PXD007137/biological.json	annotations/raw/PXD007137/technical.json	annotations/raw/PXD007137/experimental_design.json	annotations/normalized/PXD007137/biological.json	annotations/normalized/PXD007137/technical.json	annotations/normalized/PXD007137/experimental_design.json
PXD007149	shard_0	complete_3_raw_3_normalized	no_stored_flags	0			not_in_retained_input_manifest	annotations/raw/PXD007149/biological.json	annotations/raw/PXD007149/technical.json	annotations/raw/PXD007149/experimental_design.json	annotations/normalized/PXD007149/biological.json	annotations/normalized/PXD007149/technical.json	annotations/normalized/PXD007149/experimental_design.json
PXD007153	shard_1	complete_3_raw_3_normalized	no_stored_flags	0			not_in_retained_input_manifest	annotations/raw/PXD007153/biological.json	annotations/raw/PXD007153/technical.json	annotations/raw/PXD007153/experimental_design.json	annotations/normalized/PXD007153/biological.json	annotations/normalized/PXD007153/technical.json	annotations/normalized/PXD007153/experimental_design.json
PXD007160	shard_2	complete_3_raw_3_normalized	flags_present	3			not_in_retained_input_manifest	annotations/raw/PXD007160/biological.json	annotations/raw/PXD007160/technical.json	annotations/raw/PXD007160/experimental_design.json	annotations/normalized/PXD007160/biological.json	annotations/normalized/PXD007160/technical.json	annotations/normalized/PXD007160/experimental_design.json
PXD007165	shard_3	complete_3_raw_3_normalized	flags_present	1			not_in_retained_input_manifest	annotations/raw/PXD007165/biological.json	annotations/raw/PXD007165/technical.json	annotations/raw/PXD007165/experimental_design.json	annotations/normalized/PXD007165/biological.json	annotations/normalized/PXD007165/technical.json	annotations/normalized/PXD007165/experimental_design.json
PXD007231	shard_4	complete_3_raw_3_normalized	no_stored_flags	0			not_in_retained_input_manifest	annotations/raw/PXD007231/biological.json	annotations/raw/PXD007231/technical.json	annotations/raw/PXD007231/experimental_design.json	annotations/normalized/PXD007231/biological.json	annotations/normalized/PXD007231/technical.json	annotations/normalized/PXD007231/experimental_design.json
PXD007234	shard_5	complete_3_raw_3_normalized	no_stored_flags	0			not_in_retained_input_manifest	annotations/raw/PXD007234/biological.json	annotations/raw/PXD007234/technical.json	annotations/raw/PXD007234/experimental_design.json	annotations/normalized/PXD007234/biological.json	annotations/normalized/PXD007234/technical.json	annotations/normalized/PXD007234/experimental_design.json
PXD007258	shard_6	complete_3_raw_3_normalized	flags_present	2			not_in_retained_input_manifest	annotations/raw/PXD007258/biological.json	annotations/raw/PXD007258/technical.json	annotations/raw/PXD007258/experimental_design.json	annotations/normalized/PXD007258/biological.json	annotations/normalized/PXD007258/technical.json	annotations/normalized/PXD007258/experimental_design.json
PXD007262	shard_7	complete_3_raw_3_normalized	flags_present	6			not_in_retained_input_manifest	annotations/raw/PXD007262/biological.json	annotations/raw/PXD007262/technical.json	annotations/raw/PXD007262/experimental_design.json	annotations/normalized/PXD007262/biological.json	annotations/normalized/PXD007262/technical.json	annotations/normalized/PXD007262/experimental_design.json
PXD007270	shard_0	complete_3_raw_3_normalized	flags_present	4			not_in_retained_input_manifest	annotations/raw/PXD007270/biological.json	annotations/raw/PXD007270/technical.json	annotations/raw/PXD007270/experimental_design.json	annotations/normalized/PXD007270/biological.json	annotations/normalized/PXD007270/technical.json	annotations/normalized/PXD007270/experimental_design.json
PXD007271	shard_1	complete_3_raw_3_normalized	flags_present	5			not_in_retained_input_manifest	annotations/raw/PXD007271/biological.json	annotations/raw/PXD007271/technical.json	annotations/raw/PXD007271/experimental_design.json	annotations/normalized/PXD007271/biological.json	annotations/normalized/PXD007271/technical.json	annotations/normalized/PXD007271/experimental_design.json
PXD007515	shard_2	complete_3_raw_3_normalized	flags_present	2			not_in_retained_input_manifest	annotations/raw/PXD007515/biological.json	annotations/raw/PXD007515/technical.json	annotations/raw/PXD007515/experimental_design.json	annotations/normalized/PXD007515/biological.json	annotations/normalized/PXD007515/technical.json	annotations/normalized/PXD007515/experimental_design.json
PXD007543	shard_3	complete_3_raw_3_normalized	flags_present	3			not_in_retained_input_manifest	annotations/raw/PXD007543/biological.json	annotations/raw/PXD007543/technical.json	annotations/raw/PXD007543/experimental_design.json	annotations/normalized/PXD007543/biological.json	annotations/normalized/PXD007543/technical.json	annotations/normalized/PXD007543/experimental_design.json
PXD007580	shard_4	complete_3_raw_3_normalized	no_stored_flags	0			not_in_retained_input_manifest	annotations/raw/PXD007580/biological.json	annotations/raw/PXD007580/technical.json	annotations/raw/PXD007580/experimental_design.json	annotations/normalized/PXD007580/biological.json	annotations/normalized/PXD007580/technical.json	annotations/normalized/PXD007580/experimental_design.json
PXD007592	shard_5	complete_3_raw_3_normalized	flags_present	5			not_in_retained_input_manifest	annotations/raw/PXD007592/biological.json	annotations/raw/PXD007592/technical.json	annotations/raw/PXD007592/experimental_design.json	annotations/normalized/PXD007592/biological.json	annotations/normalized/PXD007592/technical.json	annotations/normalized/PXD007592/experimental_design.json
PXD007594	shard_6	complete_3_raw_3_normalized	flags_present	1			not_in_retained_input_manifest	annotations/raw/PXD007594/biological.json	annotations/raw/PXD007594/technical.json	annotations/raw/PXD007594/experimental_design.json	annotations/normalized/PXD007594/biological.json	annotations/normalized/PXD007594/technical.json	annotations/normalized/PXD007594/experimental_design.json
PXD007624	shard_7	complete_3_raw_3_normalized	flags_present	1			not_in_retained_input_manifest	annotations/raw/PXD007624/biological.json	annotations/raw/PXD007624/technical.json	annotations/raw/PXD007624/experimental_design.json	annotations/normalized/PXD007624/biological.json	annotations/normalized/PXD007624/technical.json	annotations/normalized/PXD007624/experimental_design.json
PXD007643	shard_0	complete_3_raw_3_normalized	flags_present	1			not_in_retained_input_manifest	annotations/raw/PXD007643/biological.json	annotations/raw/PXD007643/technical.json	annotations/raw/PXD007643/experimental_design.json	annotations/normalized/PXD007643/biological.json	annotations/normalized/PXD007643/technical.json	annotations/normalized/PXD007643/experimental_design.json
PXD007662	shard_1	complete_3_raw_3_normalized	no_stored_flags	0			not_in_retained_input_manifest	annotations/raw/PXD007662/biological.json	annotations/raw/PXD007662/technical.json	annotations/raw/PXD007662/experimental_design.json	annotations/normalized/PXD007662/biological.json	annotations/normalized/PXD007662/technical.json	annotations/normalized/PXD007662/experimental_design.json
PXD007671	shard_2	complete_3_raw_3_normalized	flags_present	2			not_in_retained_input_manifest	annotations/raw/PXD007671/biological.json	annotations/raw/PXD007671/technical.json	annotations/raw/PXD007671/experimental_design.json	annotations/normalized/PXD007671/biological.json	annotations/normalized/PXD007671/technical.json	annotations/normalized/PXD007671/experimental_design.json
PXD007675	shard_3	complete_3_raw_3_normalized	flags_present	4			not_in_retained_input_manifest	annotations/raw/PXD007675/biological.json	annotations/raw/PXD007675/technical.json	annotations/raw/PXD007675/experimental_design.json	annotations/normalized/PXD007675/biological.json	annotations/normalized/PXD007675/technical.json	annotations/normalized/PXD007675/experimental_design.json
PXD007679	shard_4	complete_3_raw_3_normalized	flags_present	1			not_in_retained_input_manifest	annotations/raw/PXD007679/biological.json	annotations/raw/PXD007679/technical.json	annotations/raw/PXD007679/experimental_design.json	annotations/normalized/PXD007679/biological.json	annotations/normalized/PXD007679/technical.json	annotations/normalized/PXD007679/experimental_design.json
PXD007705	shard_5	complete_3_raw_3_normalized	flags_present	4			not_in_retained_input_manifest	annotations/raw/PXD007705/biological.json	annotations/raw/PXD007705/technical.json	annotations/raw/PXD007705/experimental_design.json	annotations/normalized/PXD007705/biological.json	annotations/normalized/PXD007705/technical.json	annotations/normalized/PXD007705/experimental_design.json
PXD007726	shard_6	complete_3_raw_3_normalized	no_stored_flags	0			not_in_retained_input_manifest	annotations/raw/PXD007726/biological.json	annotations/raw/PXD007726/technical.json	annotations/raw/PXD007726/experimental_design.json	annotations/normalized/PXD007726/biological.json	annotations/normalized/PXD007726/technical.json	annotations/normalized/PXD007726/experimental_design.json
PXD007732	shard_7	complete_3_raw_3_normalized	flags_present	1			not_in_retained_input_manifest	annotations/raw/PXD007732/biological.json	annotations/raw/PXD007732/technical.json	annotations/raw/PXD007732/experimental_design.json	annotations/normalized/PXD007732/biological.json	annotations/normalized/PXD007732/technical.json	annotations/normalized/PXD007732/experimental_design.json
PXD007738	shard_0	complete_3_raw_3_normalized	flags_present	6			not_in_retained_input_manifest	annotations/raw/PXD007738/biological.json	annotations/raw/PXD007738/technical.json	annotations/raw/PXD007738/experimental_design.json	annotations/normalized/PXD007738/biological.json	annotations/normalized/PXD007738/technical.json	annotations/normalized/PXD007738/experimental_design.json
PXD007740	shard_1	complete_3_raw_3_normalized	flags_present	1			not_in_retained_input_manifest	annotations/raw/PXD007740/biological.json	annotations/raw/PXD007740/technical.json	annotations/raw/PXD007740/experimental_design.json	annotations/normalized/PXD007740/biological.json	annotations/normalized/PXD007740/technical.json	annotations/normalized/PXD007740/experimental_design.json
PXD007744	shard_2	complete_3_raw_3_normalized	flags_present	1			not_in_retained_input_manifest	annotations/raw/PXD007744/biological.json	annotations/raw/PXD007744/technical.json	annotations/raw/PXD007744/experimental_design.json	annotations/normalized/PXD007744/biological.json	annotations/normalized/PXD007744/technical.json	annotations/normalized/PXD007744/experimental_design.json
PXD007745	shard_3	complete_3_raw_3_normalized	flags_present	1			not_in_retained_input_manifest	annotations/raw/PXD007745/biological.json	annotations/raw/PXD007745/technical.json	annotations/raw/PXD007745/experimental_design.json	annotations/normalized/PXD007745/biological.json	annotations/normalized/PXD007745/technical.json	annotations/normalized/PXD007745/experimental_design.json
PXD007750	shard_4	complete_3_raw_3_normalized	flags_present	2			not_in_retained_input_manifest	annotations/raw/PXD007750/biological.json	annotations/raw/PXD007750/technical.json	annotations/raw/PXD007750/experimental_design.json	annotations/normalized/PXD007750/biological.json	annotations/normalized/PXD007750/technical.json	annotations/normalized/PXD007750/experimental_design.json
PXD007759	shard_5	complete_3_raw_3_normalized	flags_present	2			not_in_retained_input_manifest	annotations/raw/PXD007759/biological.json	annotations/raw/PXD007759/technical.json	annotations/raw/PXD007759/experimental_design.json	annotations/normalized/PXD007759/biological.json	annotations/normalized/PXD007759/technical.json	annotations/normalized/PXD007759/experimental_design.json
PXD007761	shard_6	complete_3_raw_3_normalized	flags_present	1			not_in_retained_input_manifest	annotations/raw/PXD007761/biological.json	annotations/raw/PXD007761/technical.json	annotations/raw/PXD007761/experimental_design.json	annotations/normalized/PXD007761/biological.json	annotations/normalized/PXD007761/technical.json	annotations/normalized/PXD007761/experimental_design.json
PXD007762	shard_7	complete_3_raw_3_normalized	no_stored_flags	0			not_in_retained_input_manifest	annotations/raw/PXD007762/biological.json	annotations/raw/PXD007762/technical.json	annotations/raw/PXD007762/experimental_design.json	annotations/normalized/PXD007762/biological.json	annotations/normalized/PXD007762/technical.json	annotations/normalized/PXD007762/experimental_design.json
PXD007842	shard_0	complete_3_raw_3_normalized	no_stored_flags	0			not_in_retained_input_manifest	annotations/raw/PXD007842/biological.json	annotations/raw/PXD007842/technical.json	annotations/raw/PXD007842/experimental_design.json	annotations/normalized/PXD007842/biological.json	annotations/normalized/PXD007842/technical.json	annotations/normalized/PXD007842/experimental_design.json
PXD007846	shard_1	complete_3_raw_3_normalized	no_stored_flags	0			not_in_retained_input_manifest	annotations/raw/PXD007846/biological.json	annotations/raw/PXD007846/technical.json	annotations/raw/PXD007846/experimental_design.json	annotations/normalized/PXD007846/biological.json	annotations/normalized/PXD007846/technical.json	annotations/normalized/PXD007846/experimental_design.json
PXD007873	shard_2	complete_3_raw_3_normalized	flags_present	2			not_in_retained_input_manifest	annotations/raw/PXD007873/biological.json	annotations/raw/PXD007873/technical.json	annotations/raw/PXD007873/experimental_design.json	annotations/normalized/PXD007873/biological.json	annotations/normalized/PXD007873/technical.json	annotations/normalized/PXD007873/experimental_design.json
PXD007890	shard_3	complete_3_raw_3_normalized	flags_present	1			not_in_retained_input_manifest	annotations/raw/PXD007890/biological.json	annotations/raw/PXD007890/technical.json	annotations/raw/PXD007890/experimental_design.json	annotations/normalized/PXD007890/biological.json	annotations/normalized/PXD007890/technical.json	annotations/normalized/PXD007890/experimental_design.json
PXD007896	shard_4	complete_3_raw_3_normalized	flags_present	1			not_in_retained_input_manifest	annotations/raw/PXD007896/biological.json	annotations/raw/PXD007896/technical.json	annotations/raw/PXD007896/experimental_design.json	annotations/normalized/PXD007896/biological.json	annotations/normalized/PXD007896/technical.json	annotations/normalized/PXD007896/experimental_design.json
PXD007898	shard_5	complete_3_raw_3_normalized	flags_present	2			not_in_retained_input_manifest	annotations/raw/PXD007898/biological.json	annotations/raw/PXD007898/technical.json	annotations/raw/PXD007898/experimental_design.json	annotations/normalized/PXD007898/biological.json	annotations/normalized/PXD007898/technical.json	annotations/normalized/PXD007898/experimental_design.json
PXD007906	shard_6	complete_3_raw_3_normalized	flags_present	2			not_in_retained_input_manifest	annotations/raw/PXD007906/biological.json	annotations/raw/PXD007906/technical.json	annotations/raw/PXD007906/experimental_design.json	annotations/normalized/PXD007906/biological.json	annotations/normalized/PXD007906/technical.json	annotations/normalized/PXD007906/experimental_design.json
PXD007921	shard_7	complete_3_raw_3_normalized	no_stored_flags	0			not_in_retained_input_manifest	annotations/raw/PXD007921/biological.json	annotations/raw/PXD007921/technical.json	annotations/raw/PXD007921/experimental_design.json	annotations/normalized/PXD007921/biological.json	annotations/normalized/PXD007921/technical.json	annotations/normalized/PXD007921/experimental_design.json
PXD007959	shard_0	complete_3_raw_3_normalized	flags_present	2			not_in_retained_input_manifest	annotations/raw/PXD007959/biological.json	annotations/raw/PXD007959/technical.json	annotations/raw/PXD007959/experimental_design.json	annotations/normalized/PXD007959/biological.json	annotations/normalized/PXD007959/technical.json	annotations/normalized/PXD007959/experimental_design.json
PXD007975	shard_1	complete_3_raw_3_normalized	no_stored_flags	0			not_in_retained_input_manifest	annotations/raw/PXD007975/biological.json	annotations/raw/PXD007975/technical.json	annotations/raw/PXD007975/experimental_design.json	annotations/normalized/PXD007975/biological.json	annotations/normalized/PXD007975/technical.json	annotations/normalized/PXD007975/experimental_design.json
PXD007990	shard_2	complete_3_raw_3_normalized	flags_present	1			not_in_retained_input_manifest	annotations/raw/PXD007990/biological.json	annotations/raw/PXD007990/technical.json	annotations/raw/PXD007990/experimental_design.json	annotations/normalized/PXD007990/biological.json	annotations/normalized/PXD007990/technical.json	annotations/normalized/PXD007990/experimental_design.json
PXD008003	shard_3	complete_3_raw_3_normalized	flags_present	7			not_in_retained_input_manifest	annotations/raw/PXD008003/biological.json	annotations/raw/PXD008003/technical.json	annotations/raw/PXD008003/experimental_design.json	annotations/normalized/PXD008003/biological.json	annotations/normalized/PXD008003/technical.json	annotations/normalized/PXD008003/experimental_design.json
PXD008012	shard_4	complete_3_raw_3_normalized	flags_present	3			not_in_retained_input_manifest	annotations/raw/PXD008012/biological.json	annotations/raw/PXD008012/technical.json	annotations/raw/PXD008012/experimental_design.json	annotations/normalized/PXD008012/biological.json	annotations/normalized/PXD008012/technical.json	annotations/normalized/PXD008012/experimental_design.json
PXD008029	shard_5	complete_3_raw_3_normalized	flags_present	1	experimental_design		not_in_retained_input_manifest	annotations/raw/PXD008029/biological.json	annotations/raw/PXD008029/technical.json	annotations/raw/PXD008029/experimental_design.json	annotations/normalized/PXD008029/biological.json	annotations/normalized/PXD008029/technical.json	annotations/normalized/PXD008029/experimental_design.json
PXD008033	shard_6	complete_3_raw_3_normalized	flags_present	2			not_in_retained_input_manifest	annotations/raw/PXD008033/biological.json	annotations/raw/PXD008033/technical.json	annotations/raw/PXD008033/experimental_design.json	annotations/normalized/PXD008033/biological.json	annotations/normalized/PXD008033/technical.json	annotations/normalized/PXD008033/experimental_design.json
PXD008035	shard_7	complete_3_raw_3_normalized	flags_present	3			not_in_retained_input_manifest	annotations/raw/PXD008035/biological.json	annotations/raw/PXD008035/technical.json	annotations/raw/PXD008035/experimental_design.json	annotations/normalized/PXD008035/biological.json	annotations/normalized/PXD008035/technical.json	annotations/normalized/PXD008035/experimental_design.json
PXD008076	shard_0	complete_3_raw_3_normalized	no_stored_flags	0			not_in_retained_input_manifest	annotations/raw/PXD008076/biological.json	annotations/raw/PXD008076/technical.json	annotations/raw/PXD008076/experimental_design.json	annotations/normalized/PXD008076/biological.json	annotations/normalized/PXD008076/technical.json	annotations/normalized/PXD008076/experimental_design.json
PXD008079	shard_1	complete_3_raw_3_normalized	flags_present	2			not_in_retained_input_manifest	annotations/raw/PXD008079/biological.json	annotations/raw/PXD008079/technical.json	annotations/raw/PXD008079/experimental_design.json	annotations/normalized/PXD008079/biological.json	annotations/normalized/PXD008079/technical.json	annotations/normalized/PXD008079/experimental_design.json
PXD008115	shard_2	complete_3_raw_3_normalized	flags_present	9			not_in_retained_input_manifest	annotations/raw/PXD008115/biological.json	annotations/raw/PXD008115/technical.json	annotations/raw/PXD008115/experimental_design.json	annotations/normalized/PXD008115/biological.json	annotations/normalized/PXD008115/technical.json	annotations/normalized/PXD008115/experimental_design.json
PXD008127	shard_3	complete_3_raw_3_normalized	no_stored_flags	0			not_in_retained_input_manifest	annotations/raw/PXD008127/biological.json	annotations/raw/PXD008127/technical.json	annotations/raw/PXD008127/experimental_design.json	annotations/normalized/PXD008127/biological.json	annotations/normalized/PXD008127/technical.json	annotations/normalized/PXD008127/experimental_design.json
PXD008130	shard_4	complete_3_raw_3_normalized	flags_present	1			not_in_retained_input_manifest	annotations/raw/PXD008130/biological.json	annotations/raw/PXD008130/technical.json	annotations/raw/PXD008130/experimental_design.json	annotations/normalized/PXD008130/biological.json	annotations/normalized/PXD008130/technical.json	annotations/normalized/PXD008130/experimental_design.json
PXD008131	shard_5	complete_3_raw_3_normalized	flags_present	5			not_in_retained_input_manifest	annotations/raw/PXD008131/biological.json	annotations/raw/PXD008131/technical.json	annotations/raw/PXD008131/experimental_design.json	annotations/normalized/PXD008131/biological.json	annotations/normalized/PXD008131/technical.json	annotations/normalized/PXD008131/experimental_design.json
PXD008147	shard_6	complete_3_raw_3_normalized	flags_present	1			not_in_retained_input_manifest	annotations/raw/PXD008147/biological.json	annotations/raw/PXD008147/technical.json	annotations/raw/PXD008147/experimental_design.json	annotations/normalized/PXD008147/biological.json	annotations/normalized/PXD008147/technical.json	annotations/normalized/PXD008147/experimental_design.json
PXD008150	shard_7	complete_3_raw_3_normalized	flags_present	2			not_in_retained_input_manifest	annotations/raw/PXD008150/biological.json	annotations/raw/PXD008150/technical.json	annotations/raw/PXD008150/experimental_design.json	annotations/normalized/PXD008150/biological.json	annotations/normalized/PXD008150/technical.json	annotations/normalized/PXD008150/experimental_design.json
PXD008178	shard_0	complete_3_raw_3_normalized	flags_present	3			not_in_retained_input_manifest	annotations/raw/PXD008178/biological.json	annotations/raw/PXD008178/technical.json	annotations/raw/PXD008178/experimental_design.json	annotations/normalized/PXD008178/biological.json	annotations/normalized/PXD008178/technical.json	annotations/normalized/PXD008178/experimental_design.json
PXD008197	shard_1	complete_3_raw_3_normalized	flags_present	1			not_in_retained_input_manifest	annotations/raw/PXD008197/biological.json	annotations/raw/PXD008197/technical.json	annotations/raw/PXD008197/experimental_design.json	annotations/normalized/PXD008197/biological.json	annotations/normalized/PXD008197/technical.json	annotations/normalized/PXD008197/experimental_design.json
PXD008205	shard_2	complete_3_raw_3_normalized	no_stored_flags	0			not_in_retained_input_manifest	annotations/raw/PXD008205/biological.json	annotations/raw/PXD008205/technical.json	annotations/raw/PXD008205/experimental_design.json	annotations/normalized/PXD008205/biological.json	annotations/normalized/PXD008205/technical.json	annotations/normalized/PXD008205/experimental_design.json
PXD008217	shard_3	complete_3_raw_3_normalized	no_stored_flags	0			not_in_retained_input_manifest	annotations/raw/PXD008217/biological.json	annotations/raw/PXD008217/technical.json	annotations/raw/PXD008217/experimental_design.json	annotations/normalized/PXD008217/biological.json	annotations/normalized/PXD008217/technical.json	annotations/normalized/PXD008217/experimental_design.json
PXD008252	shard_4	complete_3_raw_3_normalized	flags_present	1			not_in_retained_input_manifest	annotations/raw/PXD008252/biological.json	annotations/raw/PXD008252/technical.json	annotations/raw/PXD008252/experimental_design.json	annotations/normalized/PXD008252/biological.json	annotations/normalized/PXD008252/technical.json	annotations/normalized/PXD008252/experimental_design.json
PXD008260	shard_5	complete_3_raw_3_normalized	no_stored_flags	0	technical		not_in_retained_input_manifest	annotations/raw/PXD008260/biological.json	annotations/raw/PXD008260/technical.json	annotations/raw/PXD008260/experimental_design.json	annotations/normalized/PXD008260/biological.json	annotations/normalized/PXD008260/technical.json	annotations/normalized/PXD008260/experimental_design.json
PXD008272	shard_6	complete_3_raw_3_normalized	flags_present	3			not_in_retained_input_manifest	annotations/raw/PXD008272/biological.json	annotations/raw/PXD008272/technical.json	annotations/raw/PXD008272/experimental_design.json	annotations/normalized/PXD008272/biological.json	annotations/normalized/PXD008272/technical.json	annotations/normalized/PXD008272/experimental_design.json
PXD008311	shard_7	complete_3_raw_3_normalized	flags_present	1			not_in_retained_input_manifest	annotations/raw/PXD008311/biological.json	annotations/raw/PXD008311/technical.json	annotations/raw/PXD008311/experimental_design.json	annotations/normalized/PXD008311/biological.json	annotations/normalized/PXD008311/technical.json	annotations/normalized/PXD008311/experimental_design.json
PXD008333	shard_0	complete_3_raw_3_normalized	flags_present	2			not_in_retained_input_manifest	annotations/raw/PXD008333/biological.json	annotations/raw/PXD008333/technical.json	annotations/raw/PXD008333/experimental_design.json	annotations/normalized/PXD008333/biological.json	annotations/normalized/PXD008333/technical.json	annotations/normalized/PXD008333/experimental_design.json
PXD008338	shard_1	complete_3_raw_3_normalized	flags_present	1			not_in_retained_input_manifest	annotations/raw/PXD008338/biological.json	annotations/raw/PXD008338/technical.json	annotations/raw/PXD008338/experimental_design.json	annotations/normalized/PXD008338/biological.json	annotations/normalized/PXD008338/technical.json	annotations/normalized/PXD008338/experimental_design.json
PXD008381	shard_2	complete_3_raw_3_normalized	flags_present	1			not_in_retained_input_manifest	annotations/raw/PXD008381/biological.json	annotations/raw/PXD008381/technical.json	annotations/raw/PXD008381/experimental_design.json	annotations/normalized/PXD008381/biological.json	annotations/normalized/PXD008381/technical.json	annotations/normalized/PXD008381/experimental_design.json
PXD008440	shard_3	complete_3_raw_3_normalized	flags_present	2			not_in_retained_input_manifest	annotations/raw/PXD008440/biological.json	annotations/raw/PXD008440/technical.json	annotations/raw/PXD008440/experimental_design.json	annotations/normalized/PXD008440/biological.json	annotations/normalized/PXD008440/technical.json	annotations/normalized/PXD008440/experimental_design.json
PXD008443	shard_4	complete_3_raw_3_normalized	flags_present	1			not_in_retained_input_manifest	annotations/raw/PXD008443/biological.json	annotations/raw/PXD008443/technical.json	annotations/raw/PXD008443/experimental_design.json	annotations/normalized/PXD008443/biological.json	annotations/normalized/PXD008443/technical.json	annotations/normalized/PXD008443/experimental_design.json
PXD008454	shard_5	complete_3_raw_3_normalized	flags_present	1			not_in_retained_input_manifest	annotations/raw/PXD008454/biological.json	annotations/raw/PXD008454/technical.json	annotations/raw/PXD008454/experimental_design.json	annotations/normalized/PXD008454/biological.json	annotations/normalized/PXD008454/technical.json	annotations/normalized/PXD008454/experimental_design.json
PXD008463	shard_6	complete_3_raw_3_normalized	no_stored_flags	0			not_in_retained_input_manifest	annotations/raw/PXD008463/biological.json	annotations/raw/PXD008463/technical.json	annotations/raw/PXD008463/experimental_design.json	annotations/normalized/PXD008463/biological.json	annotations/normalized/PXD008463/technical.json	annotations/normalized/PXD008463/experimental_design.json
PXD008467	shard_7	complete_3_raw_3_normalized	no_stored_flags	0			not_in_retained_input_manifest	annotations/raw/PXD008467/biological.json	annotations/raw/PXD008467/technical.json	annotations/raw/PXD008467/experimental_design.json	annotations/normalized/PXD008467/biological.json	annotations/normalized/PXD008467/technical.json	annotations/normalized/PXD008467/experimental_design.json
PXD008468	shard_0	complete_3_raw_3_normalized	flags_present	2			not_in_retained_input_manifest	annotations/raw/PXD008468/biological.json	annotations/raw/PXD008468/technical.json	annotations/raw/PXD008468/experimental_design.json	annotations/normalized/PXD008468/biological.json	annotations/normalized/PXD008468/technical.json	annotations/normalized/PXD008468/experimental_design.json
PXD008493	shard_1	complete_3_raw_3_normalized	flags_present	1			not_in_retained_input_manifest	annotations/raw/PXD008493/biological.json	annotations/raw/PXD008493/technical.json	annotations/raw/PXD008493/experimental_design.json	annotations/normalized/PXD008493/biological.json	annotations/normalized/PXD008493/technical.json	annotations/normalized/PXD008493/experimental_design.json
PXD008497	shard_2	complete_3_raw_3_normalized	flags_present	1			not_in_retained_input_manifest	annotations/raw/PXD008497/biological.json	annotations/raw/PXD008497/technical.json	annotations/raw/PXD008497/experimental_design.json	annotations/normalized/PXD008497/biological.json	annotations/normalized/PXD008497/technical.json	annotations/normalized/PXD008497/experimental_design.json
PXD008518	shard_3	complete_3_raw_3_normalized	no_stored_flags	0			not_in_retained_input_manifest	annotations/raw/PXD008518/biological.json	annotations/raw/PXD008518/technical.json	annotations/raw/PXD008518/experimental_design.json	annotations/normalized/PXD008518/biological.json	annotations/normalized/PXD008518/technical.json	annotations/normalized/PXD008518/experimental_design.json
PXD008525	shard_4	complete_3_raw_3_normalized	flags_present	3			not_in_retained_input_manifest	annotations/raw/PXD008525/biological.json	annotations/raw/PXD008525/technical.json	annotations/raw/PXD008525/experimental_design.json	annotations/normalized/PXD008525/biological.json	annotations/normalized/PXD008525/technical.json	annotations/normalized/PXD008525/experimental_design.json
PXD008536	shard_5	complete_3_raw_3_normalized	flags_present	2			not_in_retained_input_manifest	annotations/raw/PXD008536/biological.json	annotations/raw/PXD008536/technical.json	annotations/raw/PXD008536/experimental_design.json	annotations/normalized/PXD008536/biological.json	annotations/normalized/PXD008536/technical.json	annotations/normalized/PXD008536/experimental_design.json
PXD008568	shard_6	complete_3_raw_3_normalized	no_stored_flags	0			not_in_retained_input_manifest	annotations/raw/PXD008568/biological.json	annotations/raw/PXD008568/technical.json	annotations/raw/PXD008568/experimental_design.json	annotations/normalized/PXD008568/biological.json	annotations/normalized/PXD008568/technical.json	annotations/normalized/PXD008568/experimental_design.json
PXD008575	shard_7	complete_3_raw_3_normalized	flags_present	2			not_in_retained_input_manifest	annotations/raw/PXD008575/biological.json	annotations/raw/PXD008575/technical.json	annotations/raw/PXD008575/experimental_design.json	annotations/normalized/PXD008575/biological.json	annotations/normalized/PXD008575/technical.json	annotations/normalized/PXD008575/experimental_design.json
PXD008581	shard_0	complete_3_raw_3_normalized	flags_present	1			not_in_retained_input_manifest	annotations/raw/PXD008581/biological.json	annotations/raw/PXD008581/technical.json	annotations/raw/PXD008581/experimental_design.json	annotations/normalized/PXD008581/biological.json	annotations/normalized/PXD008581/technical.json	annotations/normalized/PXD008581/experimental_design.json
PXD008584	shard_1	complete_3_raw_3_normalized	no_stored_flags	0			not_in_retained_input_manifest	annotations/raw/PXD008584/biological.json	annotations/raw/PXD008584/technical.json	annotations/raw/PXD008584/experimental_design.json	annotations/normalized/PXD008584/biological.json	annotations/normalized/PXD008584/technical.json	annotations/normalized/PXD008584/experimental_design.json
PXD008601	shard_2	complete_3_raw_3_normalized	flags_present	5			not_in_retained_input_manifest	annotations/raw/PXD008601/biological.json	annotations/raw/PXD008601/technical.json	annotations/raw/PXD008601/experimental_design.json	annotations/normalized/PXD008601/biological.json	annotations/normalized/PXD008601/technical.json	annotations/normalized/PXD008601/experimental_design.json
PXD008682	shard_3	complete_3_raw_3_normalized	flags_present	1			not_in_retained_input_manifest	annotations/raw/PXD008682/biological.json	annotations/raw/PXD008682/technical.json	annotations/raw/PXD008682/experimental_design.json	annotations/normalized/PXD008682/biological.json	annotations/normalized/PXD008682/technical.json	annotations/normalized/PXD008682/experimental_design.json
PXD008691	shard_4	complete_3_raw_3_normalized	flags_present	1			not_in_retained_input_manifest	annotations/raw/PXD008691/biological.json	annotations/raw/PXD008691/technical.json	annotations/raw/PXD008691/experimental_design.json	annotations/normalized/PXD008691/biological.json	annotations/normalized/PXD008691/technical.json	annotations/normalized/PXD008691/experimental_design.json
PXD008693	shard_5	complete_3_raw_3_normalized	no_stored_flags	0			not_in_retained_input_manifest	annotations/raw/PXD008693/biological.json	annotations/raw/PXD008693/technical.json	annotations/raw/PXD008693/experimental_design.json	annotations/normalized/PXD008693/biological.json	annotations/normalized/PXD008693/technical.json	annotations/normalized/PXD008693/experimental_design.json
PXD008713	shard_6	complete_3_raw_3_normalized	flags_present	1			not_in_retained_input_manifest	annotations/raw/PXD008713/biological.json	annotations/raw/PXD008713/technical.json	annotations/raw/PXD008713/experimental_design.json	annotations/normalized/PXD008713/biological.json	annotations/normalized/PXD008713/technical.json	annotations/normalized/PXD008713/experimental_design.json
PXD008715	shard_7	complete_3_raw_3_normalized	no_stored_flags	0			not_in_retained_input_manifest	annotations/raw/PXD008715/biological.json	annotations/raw/PXD008715/technical.json	annotations/raw/PXD008715/experimental_design.json	annotations/normalized/PXD008715/biological.json	annotations/normalized/PXD008715/technical.json	annotations/normalized/PXD008715/experimental_design.json
PXD008719	shard_0	complete_3_raw_3_normalized	flags_present	3			not_in_retained_input_manifest	annotations/raw/PXD008719/biological.json	annotations/raw/PXD008719/technical.json	annotations/raw/PXD008719/experimental_design.json	annotations/normalized/PXD008719/biological.json	annotations/normalized/PXD008719/technical.json	annotations/normalized/PXD008719/experimental_design.json
PXD008722	shard_1	complete_3_raw_3_normalized	flags_present	1			not_in_retained_input_manifest	annotations/raw/PXD008722/biological.json	annotations/raw/PXD008722/technical.json	annotations/raw/PXD008722/experimental_design.json	annotations/normalized/PXD008722/biological.json	annotations/normalized/PXD008722/technical.json	annotations/normalized/PXD008722/experimental_design.json
PXD008723	shard_2	complete_3_raw_3_normalized	flags_present	2			not_in_retained_input_manifest	annotations/raw/PXD008723/biological.json	annotations/raw/PXD008723/technical.json	annotations/raw/PXD008723/experimental_design.json	annotations/normalized/PXD008723/biological.json	annotations/normalized/PXD008723/technical.json	annotations/normalized/PXD008723/experimental_design.json
PXD008832	shard_3	complete_3_raw_3_normalized	flags_present	3			not_in_retained_input_manifest	annotations/raw/PXD008832/biological.json	annotations/raw/PXD008832/technical.json	annotations/raw/PXD008832/experimental_design.json	annotations/normalized/PXD008832/biological.json	annotations/normalized/PXD008832/technical.json	annotations/normalized/PXD008832/experimental_design.json
PXD008855	shard_4	complete_3_raw_3_normalized	flags_present	2			not_in_retained_input_manifest	annotations/raw/PXD008855/biological.json	annotations/raw/PXD008855/technical.json	annotations/raw/PXD008855/experimental_design.json	annotations/normalized/PXD008855/biological.json	annotations/normalized/PXD008855/technical.json	annotations/normalized/PXD008855/experimental_design.json
PXD008863	shard_5	complete_3_raw_3_normalized	flags_present	2			not_in_retained_input_manifest	annotations/raw/PXD008863/biological.json	annotations/raw/PXD008863/technical.json	annotations/raw/PXD008863/experimental_design.json	annotations/normalized/PXD008863/biological.json	annotations/normalized/PXD008863/technical.json	annotations/normalized/PXD008863/experimental_design.json
PXD008870	shard_6	complete_3_raw_3_normalized	flags_present	1			not_in_retained_input_manifest	annotations/raw/PXD008870/biological.json	annotations/raw/PXD008870/technical.json	annotations/raw/PXD008870/experimental_design.json	annotations/normalized/PXD008870/biological.json	annotations/normalized/PXD008870/technical.json	annotations/normalized/PXD008870/experimental_design.json
PXD008896	shard_7	complete_3_raw_3_normalized	flags_present	4			not_in_retained_input_manifest	annotations/raw/PXD008896/biological.json	annotations/raw/PXD008896/technical.json	annotations/raw/PXD008896/experimental_design.json	annotations/normalized/PXD008896/biological.json	annotations/normalized/PXD008896/technical.json	annotations/normalized/PXD008896/experimental_design.json
PXD008918	shard_0	complete_3_raw_3_normalized	no_stored_flags	0			not_in_retained_input_manifest	annotations/raw/PXD008918/biological.json	annotations/raw/PXD008918/technical.json	annotations/raw/PXD008918/experimental_design.json	annotations/normalized/PXD008918/biological.json	annotations/normalized/PXD008918/technical.json	annotations/normalized/PXD008918/experimental_design.json
PXD008925	shard_1	complete_3_raw_3_normalized	flags_present	1			not_in_retained_input_manifest	annotations/raw/PXD008925/biological.json	annotations/raw/PXD008925/technical.json	annotations/raw/PXD008925/experimental_design.json	annotations/normalized/PXD008925/biological.json	annotations/normalized/PXD008925/technical.json	annotations/normalized/PXD008925/experimental_design.json
PXD008933	shard_2	complete_3_raw_3_normalized	flags_present	1			not_in_retained_input_manifest	annotations/raw/PXD008933/biological.json	annotations/raw/PXD008933/technical.json	annotations/raw/PXD008933/experimental_design.json	annotations/normalized/PXD008933/biological.json	annotations/normalized/PXD008933/technical.json	annotations/normalized/PXD008933/experimental_design.json
PXD008934	shard_3	complete_3_raw_3_normalized	flags_present	1			not_in_retained_input_manifest	annotations/raw/PXD008934/biological.json	annotations/raw/PXD008934/technical.json	annotations/raw/PXD008934/experimental_design.json	annotations/normalized/PXD008934/biological.json	annotations/normalized/PXD008934/technical.json	annotations/normalized/PXD008934/experimental_design.json
PXD008939	shard_4	complete_3_raw_3_normalized	flags_present	1			not_in_retained_input_manifest	annotations/raw/PXD008939/biological.json	annotations/raw/PXD008939/technical.json	annotations/raw/PXD008939/experimental_design.json	annotations/normalized/PXD008939/biological.json	annotations/normalized/PXD008939/technical.json	annotations/normalized/PXD008939/experimental_design.json
PXD008940	shard_5	complete_3_raw_3_normalized	no_stored_flags	0			not_in_retained_input_manifest	annotations/raw/PXD008940/biological.json	annotations/raw/PXD008940/technical.json	annotations/raw/PXD008940/experimental_design.json	annotations/normalized/PXD008940/biological.json	annotations/normalized/PXD008940/technical.json	annotations/normalized/PXD008940/experimental_design.json
PXD008952	shard_6	complete_3_raw_3_normalized	no_stored_flags	0			not_in_retained_input_manifest	annotations/raw/PXD008952/biological.json	annotations/raw/PXD008952/technical.json	annotations/raw/PXD008952/experimental_design.json	annotations/normalized/PXD008952/biological.json	annotations/normalized/PXD008952/technical.json	annotations/normalized/PXD008952/experimental_design.json
PXD008966	shard_7	complete_3_raw_3_normalized	no_stored_flags	0			not_in_retained_input_manifest	annotations/raw/PXD008966/biological.json	annotations/raw/PXD008966/technical.json	annotations/raw/PXD008966/experimental_design.json	annotations/normalized/PXD008966/biological.json	annotations/normalized/PXD008966/technical.json	annotations/normalized/PXD008966/experimental_design.json
PXD008980	shard_0	complete_3_raw_3_normalized	flags_present	1			not_in_retained_input_manifest	annotations/raw/PXD008980/biological.json	annotations/raw/PXD008980/technical.json	annotations/raw/PXD008980/experimental_design.json	annotations/normalized/PXD008980/biological.json	annotations/normalized/PXD008980/technical.json	annotations/normalized/PXD008980/experimental_design.json
PXD008992	shard_1	complete_3_raw_3_normalized	flags_present	6			not_in_retained_input_manifest	annotations/raw/PXD008992/biological.json	annotations/raw/PXD008992/technical.json	annotations/raw/PXD008992/experimental_design.json	annotations/normalized/PXD008992/biological.json	annotations/normalized/PXD008992/technical.json	annotations/normalized/PXD008992/experimental_design.json
PXD008996	shard_2	complete_3_raw_3_normalized	no_stored_flags	0			not_in_retained_input_manifest	annotations/raw/PXD008996/biological.json	annotations/raw/PXD008996/technical.json	annotations/raw/PXD008996/experimental_design.json	annotations/normalized/PXD008996/biological.json	annotations/normalized/PXD008996/technical.json	annotations/normalized/PXD008996/experimental_design.json
PXD009021	shard_3	complete_3_raw_3_normalized	flags_present	5			not_in_retained_input_manifest	annotations/raw/PXD009021/biological.json	annotations/raw/PXD009021/technical.json	annotations/raw/PXD009021/experimental_design.json	annotations/normalized/PXD009021/biological.json	annotations/normalized/PXD009021/technical.json	annotations/normalized/PXD009021/experimental_design.json
PXD009029	shard_4	complete_3_raw_3_normalized	flags_present	1			not_in_retained_input_manifest	annotations/raw/PXD009029/biological.json	annotations/raw/PXD009029/technical.json	annotations/raw/PXD009029/experimental_design.json	annotations/normalized/PXD009029/biological.json	annotations/normalized/PXD009029/technical.json	annotations/normalized/PXD009029/experimental_design.json
PXD009035	shard_5	complete_3_raw_3_normalized	flags_present	4			not_in_retained_input_manifest	annotations/raw/PXD009035/biological.json	annotations/raw/PXD009035/technical.json	annotations/raw/PXD009035/experimental_design.json	annotations/normalized/PXD009035/biological.json	annotations/normalized/PXD009035/technical.json	annotations/normalized/PXD009035/experimental_design.json
PXD009041	shard_6	complete_3_raw_3_normalized	flags_present	1			not_in_retained_input_manifest	annotations/raw/PXD009041/biological.json	annotations/raw/PXD009041/technical.json	annotations/raw/PXD009041/experimental_design.json	annotations/normalized/PXD009041/biological.json	annotations/normalized/PXD009041/technical.json	annotations/normalized/PXD009041/experimental_design.json
PXD009084	shard_7	complete_3_raw_3_normalized	flags_present	1			not_in_retained_input_manifest	annotations/raw/PXD009084/biological.json	annotations/raw/PXD009084/technical.json	annotations/raw/PXD009084/experimental_design.json	annotations/normalized/PXD009084/biological.json	annotations/normalized/PXD009084/technical.json	annotations/normalized/PXD009084/experimental_design.json
PXD009095	shard_0	complete_3_raw_3_normalized	flags_present	4			not_in_retained_input_manifest	annotations/raw/PXD009095/biological.json	annotations/raw/PXD009095/technical.json	annotations/raw/PXD009095/experimental_design.json	annotations/normalized/PXD009095/biological.json	annotations/normalized/PXD009095/technical.json	annotations/normalized/PXD009095/experimental_design.json
PXD009110	shard_1	complete_3_raw_3_normalized	flags_present	1			not_in_retained_input_manifest	annotations/raw/PXD009110/biological.json	annotations/raw/PXD009110/technical.json	annotations/raw/PXD009110/experimental_design.json	annotations/normalized/PXD009110/biological.json	annotations/normalized/PXD009110/technical.json	annotations/normalized/PXD009110/experimental_design.json
PXD009112	shard_2	complete_3_raw_3_normalized	flags_present	1			not_in_retained_input_manifest	annotations/raw/PXD009112/biological.json	annotations/raw/PXD009112/technical.json	annotations/raw/PXD009112/experimental_design.json	annotations/normalized/PXD009112/biological.json	annotations/normalized/PXD009112/technical.json	annotations/normalized/PXD009112/experimental_design.json
PXD009118	shard_3	complete_3_raw_3_normalized	flags_present	1			not_in_retained_input_manifest	annotations/raw/PXD009118/biological.json	annotations/raw/PXD009118/technical.json	annotations/raw/PXD009118/experimental_design.json	annotations/normalized/PXD009118/biological.json	annotations/normalized/PXD009118/technical.json	annotations/normalized/PXD009118/experimental_design.json
PXD009142	shard_4	complete_3_raw_3_normalized	flags_present	7			not_in_retained_input_manifest	annotations/raw/PXD009142/biological.json	annotations/raw/PXD009142/technical.json	annotations/raw/PXD009142/experimental_design.json	annotations/normalized/PXD009142/biological.json	annotations/normalized/PXD009142/technical.json	annotations/normalized/PXD009142/experimental_design.json
PXD009144	shard_5	complete_3_raw_3_normalized	flags_present	1			not_in_retained_input_manifest	annotations/raw/PXD009144/biological.json	annotations/raw/PXD009144/technical.json	annotations/raw/PXD009144/experimental_design.json	annotations/normalized/PXD009144/biological.json	annotations/normalized/PXD009144/technical.json	annotations/normalized/PXD009144/experimental_design.json
PXD009149	shard_6	complete_3_raw_3_normalized	flags_present	1			not_in_retained_input_manifest	annotations/raw/PXD009149/biological.json	annotations/raw/PXD009149/technical.json	annotations/raw/PXD009149/experimental_design.json	annotations/normalized/PXD009149/biological.json	annotations/normalized/PXD009149/technical.json	annotations/normalized/PXD009149/experimental_design.json
PXD009158	shard_7	complete_3_raw_3_normalized	no_stored_flags	0			not_in_retained_input_manifest	annotations/raw/PXD009158/biological.json	annotations/raw/PXD009158/technical.json	annotations/raw/PXD009158/experimental_design.json	annotations/normalized/PXD009158/biological.json	annotations/normalized/PXD009158/technical.json	annotations/normalized/PXD009158/experimental_design.json
PXD009161	shard_0	complete_3_raw_3_normalized	no_stored_flags	0			not_in_retained_input_manifest	annotations/raw/PXD009161/biological.json	annotations/raw/PXD009161/technical.json	annotations/raw/PXD009161/experimental_design.json	annotations/normalized/PXD009161/biological.json	annotations/normalized/PXD009161/technical.json	annotations/normalized/PXD009161/experimental_design.json
PXD009174	shard_1	complete_3_raw_3_normalized	flags_present	3			not_in_retained_input_manifest	annotations/raw/PXD009174/biological.json	annotations/raw/PXD009174/technical.json	annotations/raw/PXD009174/experimental_design.json	annotations/normalized/PXD009174/biological.json	annotations/normalized/PXD009174/technical.json	annotations/normalized/PXD009174/experimental_design.json
PXD009181	shard_2	complete_3_raw_3_normalized	flags_present	4			not_in_retained_input_manifest	annotations/raw/PXD009181/biological.json	annotations/raw/PXD009181/technical.json	annotations/raw/PXD009181/experimental_design.json	annotations/normalized/PXD009181/biological.json	annotations/normalized/PXD009181/technical.json	annotations/normalized/PXD009181/experimental_design.json
PXD009196	shard_3	complete_3_raw_3_normalized	flags_present	2			not_in_retained_input_manifest	annotations/raw/PXD009196/biological.json	annotations/raw/PXD009196/technical.json	annotations/raw/PXD009196/experimental_design.json	annotations/normalized/PXD009196/biological.json	annotations/normalized/PXD009196/technical.json	annotations/normalized/PXD009196/experimental_design.json
PXD009197	shard_4	complete_3_raw_3_normalized	flags_present	1			not_in_retained_input_manifest	annotations/raw/PXD009197/biological.json	annotations/raw/PXD009197/technical.json	annotations/raw/PXD009197/experimental_design.json	annotations/normalized/PXD009197/biological.json	annotations/normalized/PXD009197/technical.json	annotations/normalized/PXD009197/experimental_design.json
PXD009206	shard_5	complete_3_raw_3_normalized	no_stored_flags	0			not_in_retained_input_manifest	annotations/raw/PXD009206/biological.json	annotations/raw/PXD009206/technical.json	annotations/raw/PXD009206/experimental_design.json	annotations/normalized/PXD009206/biological.json	annotations/normalized/PXD009206/technical.json	annotations/normalized/PXD009206/experimental_design.json
PXD009216	shard_6	complete_3_raw_3_normalized	flags_present	3			not_in_retained_input_manifest	annotations/raw/PXD009216/biological.json	annotations/raw/PXD009216/technical.json	annotations/raw/PXD009216/experimental_design.json	annotations/normalized/PXD009216/biological.json	annotations/normalized/PXD009216/technical.json	annotations/normalized/PXD009216/experimental_design.json
PXD009234	shard_7	complete_3_raw_3_normalized	flags_present	4			not_in_retained_input_manifest	annotations/raw/PXD009234/biological.json	annotations/raw/PXD009234/technical.json	annotations/raw/PXD009234/experimental_design.json	annotations/normalized/PXD009234/biological.json	annotations/normalized/PXD009234/technical.json	annotations/normalized/PXD009234/experimental_design.json
PXD009241	shard_0	complete_3_raw_3_normalized	flags_present	3			not_in_retained_input_manifest	annotations/raw/PXD009241/biological.json	annotations/raw/PXD009241/technical.json	annotations/raw/PXD009241/experimental_design.json	annotations/normalized/PXD009241/biological.json	annotations/normalized/PXD009241/technical.json	annotations/normalized/PXD009241/experimental_design.json
PXD009254	shard_1	complete_3_raw_3_normalized	no_stored_flags	0			not_in_retained_input_manifest	annotations/raw/PXD009254/biological.json	annotations/raw/PXD009254/technical.json	annotations/raw/PXD009254/experimental_design.json	annotations/normalized/PXD009254/biological.json	annotations/normalized/PXD009254/technical.json	annotations/normalized/PXD009254/experimental_design.json
PXD009265	shard_2	complete_3_raw_3_normalized	flags_present	3			not_in_retained_input_manifest	annotations/raw/PXD009265/biological.json	annotations/raw/PXD009265/technical.json	annotations/raw/PXD009265/experimental_design.json	annotations/normalized/PXD009265/biological.json	annotations/normalized/PXD009265/technical.json	annotations/normalized/PXD009265/experimental_design.json
PXD009266	shard_3	complete_3_raw_3_normalized	flags_present	3			not_in_retained_input_manifest	annotations/raw/PXD009266/biological.json	annotations/raw/PXD009266/technical.json	annotations/raw/PXD009266/experimental_design.json	annotations/normalized/PXD009266/biological.json	annotations/normalized/PXD009266/technical.json	annotations/normalized/PXD009266/experimental_design.json
PXD009267	shard_4	complete_3_raw_3_normalized	flags_present	1			not_in_retained_input_manifest	annotations/raw/PXD009267/biological.json	annotations/raw/PXD009267/technical.json	annotations/raw/PXD009267/experimental_design.json	annotations/normalized/PXD009267/biological.json	annotations/normalized/PXD009267/technical.json	annotations/normalized/PXD009267/experimental_design.json
PXD009276	shard_5	complete_3_raw_3_normalized	no_stored_flags	0	experimental_design		not_in_retained_input_manifest	annotations/raw/PXD009276/biological.json	annotations/raw/PXD009276/technical.json	annotations/raw/PXD009276/experimental_design.json	annotations/normalized/PXD009276/biological.json	annotations/normalized/PXD009276/technical.json	annotations/normalized/PXD009276/experimental_design.json
PXD009292	shard_6	complete_3_raw_3_normalized	flags_present	2			not_in_retained_input_manifest	annotations/raw/PXD009292/biological.json	annotations/raw/PXD009292/technical.json	annotations/raw/PXD009292/experimental_design.json	annotations/normalized/PXD009292/biological.json	annotations/normalized/PXD009292/technical.json	annotations/normalized/PXD009292/experimental_design.json
PXD009295	shard_7	complete_3_raw_3_normalized	flags_present	1			not_in_retained_input_manifest	annotations/raw/PXD009295/biological.json	annotations/raw/PXD009295/technical.json	annotations/raw/PXD009295/experimental_design.json	annotations/normalized/PXD009295/biological.json	annotations/normalized/PXD009295/technical.json	annotations/normalized/PXD009295/experimental_design.json
PXD009300	shard_0	complete_3_raw_3_normalized	flags_present	2			not_in_retained_input_manifest	annotations/raw/PXD009300/biological.json	annotations/raw/PXD009300/technical.json	annotations/raw/PXD009300/experimental_design.json	annotations/normalized/PXD009300/biological.json	annotations/normalized/PXD009300/technical.json	annotations/normalized/PXD009300/experimental_design.json
PXD009302	shard_1	complete_3_raw_3_normalized	flags_present	1			not_in_retained_input_manifest	annotations/raw/PXD009302/biological.json	annotations/raw/PXD009302/technical.json	annotations/raw/PXD009302/experimental_design.json	annotations/normalized/PXD009302/biological.json	annotations/normalized/PXD009302/technical.json	annotations/normalized/PXD009302/experimental_design.json
PXD009310	shard_2	complete_3_raw_3_normalized	no_stored_flags	0			not_in_retained_input_manifest	annotations/raw/PXD009310/biological.json	annotations/raw/PXD009310/technical.json	annotations/raw/PXD009310/experimental_design.json	annotations/normalized/PXD009310/biological.json	annotations/normalized/PXD009310/technical.json	annotations/normalized/PXD009310/experimental_design.json
PXD009317	shard_3	complete_3_raw_3_normalized	no_stored_flags	0			not_in_retained_input_manifest	annotations/raw/PXD009317/biological.json	annotations/raw/PXD009317/technical.json	annotations/raw/PXD009317/experimental_design.json	annotations/normalized/PXD009317/biological.json	annotations/normalized/PXD009317/technical.json	annotations/normalized/PXD009317/experimental_design.json
PXD009321	shard_4	complete_3_raw_3_normalized	flags_present	2			not_in_retained_input_manifest	annotations/raw/PXD009321/biological.json	annotations/raw/PXD009321/technical.json	annotations/raw/PXD009321/experimental_design.json	annotations/normalized/PXD009321/biological.json	annotations/normalized/PXD009321/technical.json	annotations/normalized/PXD009321/experimental_design.json
PXD009327	shard_5	complete_3_raw_3_normalized	flags_present	2	technical		not_in_retained_input_manifest	annotations/raw/PXD009327/biological.json	annotations/raw/PXD009327/technical.json	annotations/raw/PXD009327/experimental_design.json	annotations/normalized/PXD009327/biological.json	annotations/normalized/PXD009327/technical.json	annotations/normalized/PXD009327/experimental_design.json
PXD009343	shard_6	complete_3_raw_3_normalized	flags_present	1			not_in_retained_input_manifest	annotations/raw/PXD009343/biological.json	annotations/raw/PXD009343/technical.json	annotations/raw/PXD009343/experimental_design.json	annotations/normalized/PXD009343/biological.json	annotations/normalized/PXD009343/technical.json	annotations/normalized/PXD009343/experimental_design.json
PXD009348	shard_7	complete_3_raw_3_normalized	no_stored_flags	0	biological		not_in_retained_input_manifest	annotations/raw/PXD009348/biological.json	annotations/raw/PXD009348/technical.json	annotations/raw/PXD009348/experimental_design.json	annotations/normalized/PXD009348/biological.json	annotations/normalized/PXD009348/technical.json	annotations/normalized/PXD009348/experimental_design.json
PXD009350	shard_0	complete_3_raw_3_normalized	flags_present	3			not_in_retained_input_manifest	annotations/raw/PXD009350/biological.json	annotations/raw/PXD009350/technical.json	annotations/raw/PXD009350/experimental_design.json	annotations/normalized/PXD009350/biological.json	annotations/normalized/PXD009350/technical.json	annotations/normalized/PXD009350/experimental_design.json
PXD009360	shard_1	complete_3_raw_3_normalized	flags_present	1			not_in_retained_input_manifest	annotations/raw/PXD009360/biological.json	annotations/raw/PXD009360/technical.json	annotations/raw/PXD009360/experimental_design.json	annotations/normalized/PXD009360/biological.json	annotations/normalized/PXD009360/technical.json	annotations/normalized/PXD009360/experimental_design.json
PXD009366	shard_2	complete_3_raw_3_normalized	flags_present	1			not_in_retained_input_manifest	annotations/raw/PXD009366/biological.json	annotations/raw/PXD009366/technical.json	annotations/raw/PXD009366/experimental_design.json	annotations/normalized/PXD009366/biological.json	annotations/normalized/PXD009366/technical.json	annotations/normalized/PXD009366/experimental_design.json
PXD009367	shard_3	complete_3_raw_3_normalized	flags_present	1			not_in_retained_input_manifest	annotations/raw/PXD009367/biological.json	annotations/raw/PXD009367/technical.json	annotations/raw/PXD009367/experimental_design.json	annotations/normalized/PXD009367/biological.json	annotations/normalized/PXD009367/technical.json	annotations/normalized/PXD009367/experimental_design.json
PXD009374	shard_4	complete_3_raw_3_normalized	flags_present	6			not_in_retained_input_manifest	annotations/raw/PXD009374/biological.json	annotations/raw/PXD009374/technical.json	annotations/raw/PXD009374/experimental_design.json	annotations/normalized/PXD009374/biological.json	annotations/normalized/PXD009374/technical.json	annotations/normalized/PXD009374/experimental_design.json
PXD009380	shard_5	complete_3_raw_3_normalized	flags_present	1			not_in_retained_input_manifest	annotations/raw/PXD009380/biological.json	annotations/raw/PXD009380/technical.json	annotations/raw/PXD009380/experimental_design.json	annotations/normalized/PXD009380/biological.json	annotations/normalized/PXD009380/technical.json	annotations/normalized/PXD009380/experimental_design.json
PXD009389	shard_6	complete_3_raw_3_normalized	flags_present	1			not_in_retained_input_manifest	annotations/raw/PXD009389/biological.json	annotations/raw/PXD009389/technical.json	annotations/raw/PXD009389/experimental_design.json	annotations/normalized/PXD009389/biological.json	annotations/normalized/PXD009389/technical.json	annotations/normalized/PXD009389/experimental_design.json
PXD009393	shard_7	complete_3_raw_3_normalized	flags_present	4			not_in_retained_input_manifest	annotations/raw/PXD009393/biological.json	annotations/raw/PXD009393/technical.json	annotations/raw/PXD009393/experimental_design.json	annotations/normalized/PXD009393/biological.json	annotations/normalized/PXD009393/technical.json	annotations/normalized/PXD009393/experimental_design.json
PXD009426	shard_0	complete_3_raw_3_normalized	flags_present	1			not_in_retained_input_manifest	annotations/raw/PXD009426/biological.json	annotations/raw/PXD009426/technical.json	annotations/raw/PXD009426/experimental_design.json	annotations/normalized/PXD009426/biological.json	annotations/normalized/PXD009426/technical.json	annotations/normalized/PXD009426/experimental_design.json
PXD009442	shard_1	complete_3_raw_3_normalized	flags_present	1			not_in_retained_input_manifest	annotations/raw/PXD009442/biological.json	annotations/raw/PXD009442/technical.json	annotations/raw/PXD009442/experimental_design.json	annotations/normalized/PXD009442/biological.json	annotations/normalized/PXD009442/technical.json	annotations/normalized/PXD009442/experimental_design.json
PXD009444	shard_2	complete_3_raw_3_normalized	flags_present	2			not_in_retained_input_manifest	annotations/raw/PXD009444/biological.json	annotations/raw/PXD009444/technical.json	annotations/raw/PXD009444/experimental_design.json	annotations/normalized/PXD009444/biological.json	annotations/normalized/PXD009444/technical.json	annotations/normalized/PXD009444/experimental_design.json
PXD009453	shard_3	complete_3_raw_3_normalized	flags_present	1			not_in_retained_input_manifest	annotations/raw/PXD009453/biological.json	annotations/raw/PXD009453/technical.json	annotations/raw/PXD009453/experimental_design.json	annotations/normalized/PXD009453/biological.json	annotations/normalized/PXD009453/technical.json	annotations/normalized/PXD009453/experimental_design.json
PXD009476	shard_4	complete_3_raw_3_normalized	flags_present	4			not_in_retained_input_manifest	annotations/raw/PXD009476/biological.json	annotations/raw/PXD009476/technical.json	annotations/raw/PXD009476/experimental_design.json	annotations/normalized/PXD009476/biological.json	annotations/normalized/PXD009476/technical.json	annotations/normalized/PXD009476/experimental_design.json
PXD009477	shard_5	complete_3_raw_3_normalized	flags_present	1			not_in_retained_input_manifest	annotations/raw/PXD009477/biological.json	annotations/raw/PXD009477/technical.json	annotations/raw/PXD009477/experimental_design.json	annotations/normalized/PXD009477/biological.json	annotations/normalized/PXD009477/technical.json	annotations/normalized/PXD009477/experimental_design.json
PXD009487	shard_6	complete_3_raw_3_normalized	flags_present	1			not_in_retained_input_manifest	annotations/raw/PXD009487/biological.json	annotations/raw/PXD009487/technical.json	annotations/raw/PXD009487/experimental_design.json	annotations/normalized/PXD009487/biological.json	annotations/normalized/PXD009487/technical.json	annotations/normalized/PXD009487/experimental_design.json
PXD009495	shard_7	complete_3_raw_3_normalized	flags_present	2			not_in_retained_input_manifest	annotations/raw/PXD009495/biological.json	annotations/raw/PXD009495/technical.json	annotations/raw/PXD009495/experimental_design.json	annotations/normalized/PXD009495/biological.json	annotations/normalized/PXD009495/technical.json	annotations/normalized/PXD009495/experimental_design.json
PXD009500	shard_0	complete_3_raw_3_normalized	flags_present	3			not_in_retained_input_manifest	annotations/raw/PXD009500/biological.json	annotations/raw/PXD009500/technical.json	annotations/raw/PXD009500/experimental_design.json	annotations/normalized/PXD009500/biological.json	annotations/normalized/PXD009500/technical.json	annotations/normalized/PXD009500/experimental_design.json
PXD009515	shard_1	complete_3_raw_3_normalized	flags_present	1			not_in_retained_input_manifest	annotations/raw/PXD009515/biological.json	annotations/raw/PXD009515/technical.json	annotations/raw/PXD009515/experimental_design.json	annotations/normalized/PXD009515/biological.json	annotations/normalized/PXD009515/technical.json	annotations/normalized/PXD009515/experimental_design.json
PXD009553	shard_2	complete_3_raw_3_normalized	no_stored_flags	0			not_in_retained_input_manifest	annotations/raw/PXD009553/biological.json	annotations/raw/PXD009553/technical.json	annotations/raw/PXD009553/experimental_design.json	annotations/normalized/PXD009553/biological.json	annotations/normalized/PXD009553/technical.json	annotations/normalized/PXD009553/experimental_design.json
PXD009557	shard_3	complete_3_raw_3_normalized	flags_present	1			not_in_retained_input_manifest	annotations/raw/PXD009557/biological.json	annotations/raw/PXD009557/technical.json	annotations/raw/PXD009557/experimental_design.json	annotations/normalized/PXD009557/biological.json	annotations/normalized/PXD009557/technical.json	annotations/normalized/PXD009557/experimental_design.json
PXD009560	shard_4	complete_3_raw_3_normalized	flags_present	1			not_in_retained_input_manifest	annotations/raw/PXD009560/biological.json	annotations/raw/PXD009560/technical.json	annotations/raw/PXD009560/experimental_design.json	annotations/normalized/PXD009560/biological.json	annotations/normalized/PXD009560/technical.json	annotations/normalized/PXD009560/experimental_design.json
PXD009561	shard_5	complete_3_raw_3_normalized	flags_present	3	technical		not_in_retained_input_manifest	annotations/raw/PXD009561/biological.json	annotations/raw/PXD009561/technical.json	annotations/raw/PXD009561/experimental_design.json	annotations/normalized/PXD009561/biological.json	annotations/normalized/PXD009561/technical.json	annotations/normalized/PXD009561/experimental_design.json
PXD009565	shard_6	complete_3_raw_3_normalized	no_stored_flags	0			not_in_retained_input_manifest	annotations/raw/PXD009565/biological.json	annotations/raw/PXD009565/technical.json	annotations/raw/PXD009565/experimental_design.json	annotations/normalized/PXD009565/biological.json	annotations/normalized/PXD009565/technical.json	annotations/normalized/PXD009565/experimental_design.json
PXD009570	shard_7	complete_3_raw_3_normalized	no_stored_flags	0			not_in_retained_input_manifest	annotations/raw/PXD009570/biological.json	annotations/raw/PXD009570/technical.json	annotations/raw/PXD009570/experimental_design.json	annotations/normalized/PXD009570/biological.json	annotations/normalized/PXD009570/technical.json	annotations/normalized/PXD009570/experimental_design.json
PXD009578	shard_0	complete_3_raw_3_normalized	no_stored_flags	0			not_in_retained_input_manifest	annotations/raw/PXD009578/biological.json	annotations/raw/PXD009578/technical.json	annotations/raw/PXD009578/experimental_design.json	annotations/normalized/PXD009578/biological.json	annotations/normalized/PXD009578/technical.json	annotations/normalized/PXD009578/experimental_design.json
PXD009592	shard_1	complete_3_raw_3_normalized	no_stored_flags	0			not_in_retained_input_manifest	annotations/raw/PXD009592/biological.json	annotations/raw/PXD009592/technical.json	annotations/raw/PXD009592/experimental_design.json	annotations/normalized/PXD009592/biological.json	annotations/normalized/PXD009592/technical.json	annotations/normalized/PXD009592/experimental_design.json
PXD009596	shard_2	complete_3_raw_3_normalized	flags_present	1			not_in_retained_input_manifest	annotations/raw/PXD009596/biological.json	annotations/raw/PXD009596/technical.json	annotations/raw/PXD009596/experimental_design.json	annotations/normalized/PXD009596/biological.json	annotations/normalized/PXD009596/technical.json	annotations/normalized/PXD009596/experimental_design.json
PXD009600	shard_3	complete_3_raw_3_normalized	flags_present	3			not_in_retained_input_manifest	annotations/raw/PXD009600/biological.json	annotations/raw/PXD009600/technical.json	annotations/raw/PXD009600/experimental_design.json	annotations/normalized/PXD009600/biological.json	annotations/normalized/PXD009600/technical.json	annotations/normalized/PXD009600/experimental_design.json
PXD009603	shard_4	complete_3_raw_3_normalized	flags_present	1			not_in_retained_input_manifest	annotations/raw/PXD009603/biological.json	annotations/raw/PXD009603/technical.json	annotations/raw/PXD009603/experimental_design.json	annotations/normalized/PXD009603/biological.json	annotations/normalized/PXD009603/technical.json	annotations/normalized/PXD009603/experimental_design.json
PXD009606	shard_5	complete_3_raw_3_normalized	no_stored_flags	0			not_in_retained_input_manifest	annotations/raw/PXD009606/biological.json	annotations/raw/PXD009606/technical.json	annotations/raw/PXD009606/experimental_design.json	annotations/normalized/PXD009606/biological.json	annotations/normalized/PXD009606/technical.json	annotations/normalized/PXD009606/experimental_design.json
PXD009624	shard_6	complete_3_raw_3_normalized	flags_present	1			not_in_retained_input_manifest	annotations/raw/PXD009624/biological.json	annotations/raw/PXD009624/technical.json	annotations/raw/PXD009624/experimental_design.json	annotations/normalized/PXD009624/biological.json	annotations/normalized/PXD009624/technical.json	annotations/normalized/PXD009624/experimental_design.json
PXD009645	shard_7	complete_3_raw_3_normalized	flags_present	6			not_in_retained_input_manifest	annotations/raw/PXD009645/biological.json	annotations/raw/PXD009645/technical.json	annotations/raw/PXD009645/experimental_design.json	annotations/normalized/PXD009645/biological.json	annotations/normalized/PXD009645/technical.json	annotations/normalized/PXD009645/experimental_design.json
PXD009646	shard_0	complete_3_raw_3_normalized	no_stored_flags	0			not_in_retained_input_manifest	annotations/raw/PXD009646/biological.json	annotations/raw/PXD009646/technical.json	annotations/raw/PXD009646/experimental_design.json	annotations/normalized/PXD009646/biological.json	annotations/normalized/PXD009646/technical.json	annotations/normalized/PXD009646/experimental_design.json
PXD009709	shard_1	complete_3_raw_3_normalized	flags_present	3			not_in_retained_input_manifest	annotations/raw/PXD009709/biological.json	annotations/raw/PXD009709/technical.json	annotations/raw/PXD009709/experimental_design.json	annotations/normalized/PXD009709/biological.json	annotations/normalized/PXD009709/technical.json	annotations/normalized/PXD009709/experimental_design.json
PXD009716	shard_2	complete_3_raw_3_normalized	no_stored_flags	0			not_in_retained_input_manifest	annotations/raw/PXD009716/biological.json	annotations/raw/PXD009716/technical.json	annotations/raw/PXD009716/experimental_design.json	annotations/normalized/PXD009716/biological.json	annotations/normalized/PXD009716/technical.json	annotations/normalized/PXD009716/experimental_design.json
PXD009724	shard_3	complete_3_raw_3_normalized	no_stored_flags	0			not_in_retained_input_manifest	annotations/raw/PXD009724/biological.json	annotations/raw/PXD009724/technical.json	annotations/raw/PXD009724/experimental_design.json	annotations/normalized/PXD009724/biological.json	annotations/normalized/PXD009724/technical.json	annotations/normalized/PXD009724/experimental_design.json
PXD009737	shard_4	complete_3_raw_3_normalized	no_stored_flags	0			not_in_retained_input_manifest	annotations/raw/PXD009737/biological.json	annotations/raw/PXD009737/technical.json	annotations/raw/PXD009737/experimental_design.json	annotations/normalized/PXD009737/biological.json	annotations/normalized/PXD009737/technical.json	annotations/normalized/PXD009737/experimental_design.json
PXD009741	shard_5	complete_3_raw_3_normalized	flags_present	2			not_in_retained_input_manifest	annotations/raw/PXD009741/biological.json	annotations/raw/PXD009741/technical.json	annotations/raw/PXD009741/experimental_design.json	annotations/normalized/PXD009741/biological.json	annotations/normalized/PXD009741/technical.json	annotations/normalized/PXD009741/experimental_design.json
PXD009747	shard_6	complete_3_raw_3_normalized	flags_present	2			not_in_retained_input_manifest	annotations/raw/PXD009747/biological.json	annotations/raw/PXD009747/technical.json	annotations/raw/PXD009747/experimental_design.json	annotations/normalized/PXD009747/biological.json	annotations/normalized/PXD009747/technical.json	annotations/normalized/PXD009747/experimental_design.json
PXD009759	shard_7	complete_3_raw_3_normalized	flags_present	3			not_in_retained_input_manifest	annotations/raw/PXD009759/biological.json	annotations/raw/PXD009759/technical.json	annotations/raw/PXD009759/experimental_design.json	annotations/normalized/PXD009759/biological.json	annotations/normalized/PXD009759/technical.json	annotations/normalized/PXD009759/experimental_design.json
PXD009760	shard_0	complete_3_raw_3_normalized	flags_present	3			not_in_retained_input_manifest	annotations/raw/PXD009760/biological.json	annotations/raw/PXD009760/technical.json	annotations/raw/PXD009760/experimental_design.json	annotations/normalized/PXD009760/biological.json	annotations/normalized/PXD009760/technical.json	annotations/normalized/PXD009760/experimental_design.json
PXD009781	shard_1	complete_3_raw_3_normalized	flags_present	1			not_in_retained_input_manifest	annotations/raw/PXD009781/biological.json	annotations/raw/PXD009781/technical.json	annotations/raw/PXD009781/experimental_design.json	annotations/normalized/PXD009781/biological.json	annotations/normalized/PXD009781/technical.json	annotations/normalized/PXD009781/experimental_design.json
PXD009784	shard_2	complete_3_raw_3_normalized	no_stored_flags	0			not_in_retained_input_manifest	annotations/raw/PXD009784/biological.json	annotations/raw/PXD009784/technical.json	annotations/raw/PXD009784/experimental_design.json	annotations/normalized/PXD009784/biological.json	annotations/normalized/PXD009784/technical.json	annotations/normalized/PXD009784/experimental_design.json
PXD009797	shard_3	complete_3_raw_3_normalized	flags_present	1			not_in_retained_input_manifest	annotations/raw/PXD009797/biological.json	annotations/raw/PXD009797/technical.json	annotations/raw/PXD009797/experimental_design.json	annotations/normalized/PXD009797/biological.json	annotations/normalized/PXD009797/technical.json	annotations/normalized/PXD009797/experimental_design.json
PXD009801	shard_4	complete_3_raw_3_normalized	flags_present	1			not_in_retained_input_manifest	annotations/raw/PXD009801/biological.json	annotations/raw/PXD009801/technical.json	annotations/raw/PXD009801/experimental_design.json	annotations/normalized/PXD009801/biological.json	annotations/normalized/PXD009801/technical.json	annotations/normalized/PXD009801/experimental_design.json
PXD009803	shard_5	complete_3_raw_3_normalized	flags_present	2			not_in_retained_input_manifest	annotations/raw/PXD009803/biological.json	annotations/raw/PXD009803/technical.json	annotations/raw/PXD009803/experimental_design.json	annotations/normalized/PXD009803/biological.json	annotations/normalized/PXD009803/technical.json	annotations/normalized/PXD009803/experimental_design.json
PXD009830	shard_6	complete_3_raw_3_normalized	no_stored_flags	0			not_in_retained_input_manifest	annotations/raw/PXD009830/biological.json	annotations/raw/PXD009830/technical.json	annotations/raw/PXD009830/experimental_design.json	annotations/normalized/PXD009830/biological.json	annotations/normalized/PXD009830/technical.json	annotations/normalized/PXD009830/experimental_design.json
PXD009838	shard_7	complete_3_raw_3_normalized	flags_present	1			not_in_retained_input_manifest	annotations/raw/PXD009838/biological.json	annotations/raw/PXD009838/technical.json	annotations/raw/PXD009838/experimental_design.json	annotations/normalized/PXD009838/biological.json	annotations/normalized/PXD009838/technical.json	annotations/normalized/PXD009838/experimental_design.json
PXD009839	shard_0	complete_3_raw_3_normalized	no_stored_flags	0			not_in_retained_input_manifest	annotations/raw/PXD009839/biological.json	annotations/raw/PXD009839/technical.json	annotations/raw/PXD009839/experimental_design.json	annotations/normalized/PXD009839/biological.json	annotations/normalized/PXD009839/technical.json	annotations/normalized/PXD009839/experimental_design.json
PXD009861	shard_1	complete_3_raw_3_normalized	flags_present	1			not_in_retained_input_manifest	annotations/raw/PXD009861/biological.json	annotations/raw/PXD009861/technical.json	annotations/raw/PXD009861/experimental_design.json	annotations/normalized/PXD009861/biological.json	annotations/normalized/PXD009861/technical.json	annotations/normalized/PXD009861/experimental_design.json
PXD009868	shard_2	complete_3_raw_3_normalized	flags_present	5			not_in_retained_input_manifest	annotations/raw/PXD009868/biological.json	annotations/raw/PXD009868/technical.json	annotations/raw/PXD009868/experimental_design.json	annotations/normalized/PXD009868/biological.json	annotations/normalized/PXD009868/technical.json	annotations/normalized/PXD009868/experimental_design.json
PXD009870	shard_3	complete_3_raw_3_normalized	flags_present	2			not_in_retained_input_manifest	annotations/raw/PXD009870/biological.json	annotations/raw/PXD009870/technical.json	annotations/raw/PXD009870/experimental_design.json	annotations/normalized/PXD009870/biological.json	annotations/normalized/PXD009870/technical.json	annotations/normalized/PXD009870/experimental_design.json
PXD009880	shard_4	complete_3_raw_3_normalized	flags_present	2			not_in_retained_input_manifest	annotations/raw/PXD009880/biological.json	annotations/raw/PXD009880/technical.json	annotations/raw/PXD009880/experimental_design.json	annotations/normalized/PXD009880/biological.json	annotations/normalized/PXD009880/technical.json	annotations/normalized/PXD009880/experimental_design.json
PXD009891	shard_5	complete_3_raw_3_normalized	flags_present	4			not_in_retained_input_manifest	annotations/raw/PXD009891/biological.json	annotations/raw/PXD009891/technical.json	annotations/raw/PXD009891/experimental_design.json	annotations/normalized/PXD009891/biological.json	annotations/normalized/PXD009891/technical.json	annotations/normalized/PXD009891/experimental_design.json
PXD009893	shard_6	complete_3_raw_3_normalized	flags_present	2			not_in_retained_input_manifest	annotations/raw/PXD009893/biological.json	annotations/raw/PXD009893/technical.json	annotations/raw/PXD009893/experimental_design.json	annotations/normalized/PXD009893/biological.json	annotations/normalized/PXD009893/technical.json	annotations/normalized/PXD009893/experimental_design.json
PXD009895	shard_7	complete_3_raw_3_normalized	flags_present	9			not_in_retained_input_manifest	annotations/raw/PXD009895/biological.json	annotations/raw/PXD009895/technical.json	annotations/raw/PXD009895/experimental_design.json	annotations/normalized/PXD009895/biological.json	annotations/normalized/PXD009895/technical.json	annotations/normalized/PXD009895/experimental_design.json
PXD009900	shard_0	complete_3_raw_3_normalized	flags_present	4			not_in_retained_input_manifest	annotations/raw/PXD009900/biological.json	annotations/raw/PXD009900/technical.json	annotations/raw/PXD009900/experimental_design.json	annotations/normalized/PXD009900/biological.json	annotations/normalized/PXD009900/technical.json	annotations/normalized/PXD009900/experimental_design.json
PXD009916	shard_1	complete_3_raw_3_normalized	no_stored_flags	0			not_in_retained_input_manifest	annotations/raw/PXD009916/biological.json	annotations/raw/PXD009916/technical.json	annotations/raw/PXD009916/experimental_design.json	annotations/normalized/PXD009916/biological.json	annotations/normalized/PXD009916/technical.json	annotations/normalized/PXD009916/experimental_design.json
PXD009917	shard_2	complete_3_raw_3_normalized	flags_present	1			not_in_retained_input_manifest	annotations/raw/PXD009917/biological.json	annotations/raw/PXD009917/technical.json	annotations/raw/PXD009917/experimental_design.json	annotations/normalized/PXD009917/biological.json	annotations/normalized/PXD009917/technical.json	annotations/normalized/PXD009917/experimental_design.json
PXD009924	shard_3	complete_3_raw_3_normalized	no_stored_flags	0			not_in_retained_input_manifest	annotations/raw/PXD009924/biological.json	annotations/raw/PXD009924/technical.json	annotations/raw/PXD009924/experimental_design.json	annotations/normalized/PXD009924/biological.json	annotations/normalized/PXD009924/technical.json	annotations/normalized/PXD009924/experimental_design.json
PXD009931	shard_4	complete_3_raw_3_normalized	flags_present	1			not_in_retained_input_manifest	annotations/raw/PXD009931/biological.json	annotations/raw/PXD009931/technical.json	annotations/raw/PXD009931/experimental_design.json	annotations/normalized/PXD009931/biological.json	annotations/normalized/PXD009931/technical.json	annotations/normalized/PXD009931/experimental_design.json
PXD009933	shard_5	complete_3_raw_3_normalized	flags_present	2			not_in_retained_input_manifest	annotations/raw/PXD009933/biological.json	annotations/raw/PXD009933/technical.json	annotations/raw/PXD009933/experimental_design.json	annotations/normalized/PXD009933/biological.json	annotations/normalized/PXD009933/technical.json	annotations/normalized/PXD009933/experimental_design.json
PXD009936	shard_6	complete_3_raw_3_normalized	no_stored_flags	0			not_in_retained_input_manifest	annotations/raw/PXD009936/biological.json	annotations/raw/PXD009936/technical.json	annotations/raw/PXD009936/experimental_design.json	annotations/normalized/PXD009936/biological.json	annotations/normalized/PXD009936/technical.json	annotations/normalized/PXD009936/experimental_design.json
PXD009948	shard_7	complete_3_raw_3_normalized	flags_present	5			not_in_retained_input_manifest	annotations/raw/PXD009948/biological.json	annotations/raw/PXD009948/technical.json	annotations/raw/PXD009948/experimental_design.json	annotations/normalized/PXD009948/biological.json	annotations/normalized/PXD009948/technical.json	annotations/normalized/PXD009948/experimental_design.json
PXD009950	shard_0	complete_3_raw_3_normalized	flags_present	3			not_in_retained_input_manifest	annotations/raw/PXD009950/biological.json	annotations/raw/PXD009950/technical.json	annotations/raw/PXD009950/experimental_design.json	annotations/normalized/PXD009950/biological.json	annotations/normalized/PXD009950/technical.json	annotations/normalized/PXD009950/experimental_design.json
PXD009996	shard_1	complete_3_raw_3_normalized	no_stored_flags	0			not_in_retained_input_manifest	annotations/raw/PXD009996/biological.json	annotations/raw/PXD009996/technical.json	annotations/raw/PXD009996/experimental_design.json	annotations/normalized/PXD009996/biological.json	annotations/normalized/PXD009996/technical.json	annotations/normalized/PXD009996/experimental_design.json
PXD010005	shard_2	complete_3_raw_3_normalized	no_stored_flags	0			not_in_retained_input_manifest	annotations/raw/PXD010005/biological.json	annotations/raw/PXD010005/technical.json	annotations/raw/PXD010005/experimental_design.json	annotations/normalized/PXD010005/biological.json	annotations/normalized/PXD010005/technical.json	annotations/normalized/PXD010005/experimental_design.json
PXD010027	shard_3	complete_3_raw_3_normalized	flags_present	1			not_in_retained_input_manifest	annotations/raw/PXD010027/biological.json	annotations/raw/PXD010027/technical.json	annotations/raw/PXD010027/experimental_design.json	annotations/normalized/PXD010027/biological.json	annotations/normalized/PXD010027/technical.json	annotations/normalized/PXD010027/experimental_design.json
PXD010061	shard_4	complete_3_raw_3_normalized	no_stored_flags	0			not_in_retained_input_manifest	annotations/raw/PXD010061/biological.json	annotations/raw/PXD010061/technical.json	annotations/raw/PXD010061/experimental_design.json	annotations/normalized/PXD010061/biological.json	annotations/normalized/PXD010061/technical.json	annotations/normalized/PXD010061/experimental_design.json
PXD010073	shard_5	complete_3_raw_3_normalized	no_stored_flags	0	technical		not_in_retained_input_manifest	annotations/raw/PXD010073/biological.json	annotations/raw/PXD010073/technical.json	annotations/raw/PXD010073/experimental_design.json	annotations/normalized/PXD010073/biological.json	annotations/normalized/PXD010073/technical.json	annotations/normalized/PXD010073/experimental_design.json
PXD010075	shard_6	complete_3_raw_3_normalized	flags_present	1			not_in_retained_input_manifest	annotations/raw/PXD010075/biological.json	annotations/raw/PXD010075/technical.json	annotations/raw/PXD010075/experimental_design.json	annotations/normalized/PXD010075/biological.json	annotations/normalized/PXD010075/technical.json	annotations/normalized/PXD010075/experimental_design.json
PXD010088	shard_7	complete_3_raw_3_normalized	no_stored_flags	0			not_in_retained_input_manifest	annotations/raw/PXD010088/biological.json	annotations/raw/PXD010088/technical.json	annotations/raw/PXD010088/experimental_design.json	annotations/normalized/PXD010088/biological.json	annotations/normalized/PXD010088/technical.json	annotations/normalized/PXD010088/experimental_design.json
PXD010093	shard_0	complete_3_raw_3_normalized	no_stored_flags	0			not_in_retained_input_manifest	annotations/raw/PXD010093/biological.json	annotations/raw/PXD010093/technical.json	annotations/raw/PXD010093/experimental_design.json	annotations/normalized/PXD010093/biological.json	annotations/normalized/PXD010093/technical.json	annotations/normalized/PXD010093/experimental_design.json
PXD010103	shard_1	complete_3_raw_3_normalized	flags_present	6			not_in_retained_input_manifest	annotations/raw/PXD010103/biological.json	annotations/raw/PXD010103/technical.json	annotations/raw/PXD010103/experimental_design.json	annotations/normalized/PXD010103/biological.json	annotations/normalized/PXD010103/technical.json	annotations/normalized/PXD010103/experimental_design.json
PXD010122	shard_2	complete_3_raw_3_normalized	flags_present	1			not_in_retained_input_manifest	annotations/raw/PXD010122/biological.json	annotations/raw/PXD010122/technical.json	annotations/raw/PXD010122/experimental_design.json	annotations/normalized/PXD010122/biological.json	annotations/normalized/PXD010122/technical.json	annotations/normalized/PXD010122/experimental_design.json
PXD010124	shard_3	complete_3_raw_3_normalized	no_stored_flags	0			not_in_retained_input_manifest	annotations/raw/PXD010124/biological.json	annotations/raw/PXD010124/technical.json	annotations/raw/PXD010124/experimental_design.json	annotations/normalized/PXD010124/biological.json	annotations/normalized/PXD010124/technical.json	annotations/normalized/PXD010124/experimental_design.json
PXD010132	shard_4	complete_3_raw_3_normalized	flags_present	2			not_in_retained_input_manifest	annotations/raw/PXD010132/biological.json	annotations/raw/PXD010132/technical.json	annotations/raw/PXD010132/experimental_design.json	annotations/normalized/PXD010132/biological.json	annotations/normalized/PXD010132/technical.json	annotations/normalized/PXD010132/experimental_design.json
PXD010142	shard_5	complete_3_raw_3_normalized	flags_present	5			not_in_retained_input_manifest	annotations/raw/PXD010142/biological.json	annotations/raw/PXD010142/technical.json	annotations/raw/PXD010142/experimental_design.json	annotations/normalized/PXD010142/biological.json	annotations/normalized/PXD010142/technical.json	annotations/normalized/PXD010142/experimental_design.json
PXD010145	shard_6	complete_3_raw_3_normalized	flags_present	1			not_in_retained_input_manifest	annotations/raw/PXD010145/biological.json	annotations/raw/PXD010145/technical.json	annotations/raw/PXD010145/experimental_design.json	annotations/normalized/PXD010145/biological.json	annotations/normalized/PXD010145/technical.json	annotations/normalized/PXD010145/experimental_design.json
PXD010150	shard_7	complete_3_raw_3_normalized	flags_present	1			not_in_retained_input_manifest	annotations/raw/PXD010150/biological.json	annotations/raw/PXD010150/technical.json	annotations/raw/PXD010150/experimental_design.json	annotations/normalized/PXD010150/biological.json	annotations/normalized/PXD010150/technical.json	annotations/normalized/PXD010150/experimental_design.json
PXD010154	shard_0	complete_3_raw_3_normalized	flags_present	1			not_in_retained_input_manifest	annotations/raw/PXD010154/biological.json	annotations/raw/PXD010154/technical.json	annotations/raw/PXD010154/experimental_design.json	annotations/normalized/PXD010154/biological.json	annotations/normalized/PXD010154/technical.json	annotations/normalized/PXD010154/experimental_design.json
PXD010155	shard_1	complete_3_raw_3_normalized	no_stored_flags	0			not_in_retained_input_manifest	annotations/raw/PXD010155/biological.json	annotations/raw/PXD010155/technical.json	annotations/raw/PXD010155/experimental_design.json	annotations/normalized/PXD010155/biological.json	annotations/normalized/PXD010155/technical.json	annotations/normalized/PXD010155/experimental_design.json
PXD010202	shard_2	complete_3_raw_3_normalized	flags_present	1			not_in_retained_input_manifest	annotations/raw/PXD010202/biological.json	annotations/raw/PXD010202/technical.json	annotations/raw/PXD010202/experimental_design.json	annotations/normalized/PXD010202/biological.json	annotations/normalized/PXD010202/technical.json	annotations/normalized/PXD010202/experimental_design.json
PXD010210	shard_3	complete_3_raw_3_normalized	flags_present	1			not_in_retained_input_manifest	annotations/raw/PXD010210/biological.json	annotations/raw/PXD010210/technical.json	annotations/raw/PXD010210/experimental_design.json	annotations/normalized/PXD010210/biological.json	annotations/normalized/PXD010210/technical.json	annotations/normalized/PXD010210/experimental_design.json
PXD010223	shard_4	complete_3_raw_3_normalized	flags_present	1			not_in_retained_input_manifest	annotations/raw/PXD010223/biological.json	annotations/raw/PXD010223/technical.json	annotations/raw/PXD010223/experimental_design.json	annotations/normalized/PXD010223/biological.json	annotations/normalized/PXD010223/technical.json	annotations/normalized/PXD010223/experimental_design.json
PXD010260	shard_5	complete_3_raw_3_normalized	no_stored_flags	0	experimental_design		not_in_retained_input_manifest	annotations/raw/PXD010260/biological.json	annotations/raw/PXD010260/technical.json	annotations/raw/PXD010260/experimental_design.json	annotations/normalized/PXD010260/biological.json	annotations/normalized/PXD010260/technical.json	annotations/normalized/PXD010260/experimental_design.json
PXD010271	shard_6	complete_3_raw_3_normalized	flags_present	1			not_in_retained_input_manifest	annotations/raw/PXD010271/biological.json	annotations/raw/PXD010271/technical.json	annotations/raw/PXD010271/experimental_design.json	annotations/normalized/PXD010271/biological.json	annotations/normalized/PXD010271/technical.json	annotations/normalized/PXD010271/experimental_design.json
PXD010284	shard_7	complete_3_raw_3_normalized	no_stored_flags	0			not_in_retained_input_manifest	annotations/raw/PXD010284/biological.json	annotations/raw/PXD010284/technical.json	annotations/raw/PXD010284/experimental_design.json	annotations/normalized/PXD010284/biological.json	annotations/normalized/PXD010284/technical.json	annotations/normalized/PXD010284/experimental_design.json
PXD010286	shard_0	complete_3_raw_3_normalized	no_stored_flags	0			not_in_retained_input_manifest	annotations/raw/PXD010286/biological.json	annotations/raw/PXD010286/technical.json	annotations/raw/PXD010286/experimental_design.json	annotations/normalized/PXD010286/biological.json	annotations/normalized/PXD010286/technical.json	annotations/normalized/PXD010286/experimental_design.json
PXD010296	shard_1	complete_3_raw_3_normalized	no_stored_flags	0			not_in_retained_input_manifest	annotations/raw/PXD010296/biological.json	annotations/raw/PXD010296/technical.json	annotations/raw/PXD010296/experimental_design.json	annotations/normalized/PXD010296/biological.json	annotations/normalized/PXD010296/technical.json	annotations/normalized/PXD010296/experimental_design.json
PXD010361	shard_2	complete_3_raw_3_normalized	flags_present	3			not_in_retained_input_manifest	annotations/raw/PXD010361/biological.json	annotations/raw/PXD010361/technical.json	annotations/raw/PXD010361/experimental_design.json	annotations/normalized/PXD010361/biological.json	annotations/normalized/PXD010361/technical.json	annotations/normalized/PXD010361/experimental_design.json
PXD010372	shard_3	complete_3_raw_3_normalized	flags_present	5			not_in_retained_input_manifest	annotations/raw/PXD010372/biological.json	annotations/raw/PXD010372/technical.json	annotations/raw/PXD010372/experimental_design.json	annotations/normalized/PXD010372/biological.json	annotations/normalized/PXD010372/technical.json	annotations/normalized/PXD010372/experimental_design.json
PXD010393	shard_4	complete_3_raw_3_normalized	flags_present	3			not_in_retained_input_manifest	annotations/raw/PXD010393/biological.json	annotations/raw/PXD010393/technical.json	annotations/raw/PXD010393/experimental_design.json	annotations/normalized/PXD010393/biological.json	annotations/normalized/PXD010393/technical.json	annotations/normalized/PXD010393/experimental_design.json
PXD010406	shard_5	complete_3_raw_3_normalized	flags_present	6			not_in_retained_input_manifest	annotations/raw/PXD010406/biological.json	annotations/raw/PXD010406/technical.json	annotations/raw/PXD010406/experimental_design.json	annotations/normalized/PXD010406/biological.json	annotations/normalized/PXD010406/technical.json	annotations/normalized/PXD010406/experimental_design.json
PXD010445	shard_6	complete_3_raw_3_normalized	flags_present	3			not_in_retained_input_manifest	annotations/raw/PXD010445/biological.json	annotations/raw/PXD010445/technical.json	annotations/raw/PXD010445/experimental_design.json	annotations/normalized/PXD010445/biological.json	annotations/normalized/PXD010445/technical.json	annotations/normalized/PXD010445/experimental_design.json
PXD010466	shard_7	complete_3_raw_3_normalized	flags_present	2			not_in_retained_input_manifest	annotations/raw/PXD010466/biological.json	annotations/raw/PXD010466/technical.json	annotations/raw/PXD010466/experimental_design.json	annotations/normalized/PXD010466/biological.json	annotations/normalized/PXD010466/technical.json	annotations/normalized/PXD010466/experimental_design.json
PXD010469	shard_0	complete_3_raw_3_normalized	no_stored_flags	0			not_in_retained_input_manifest	annotations/raw/PXD010469/biological.json	annotations/raw/PXD010469/technical.json	annotations/raw/PXD010469/experimental_design.json	annotations/normalized/PXD010469/biological.json	annotations/normalized/PXD010469/technical.json	annotations/normalized/PXD010469/experimental_design.json
PXD010516	shard_1	complete_3_raw_3_normalized	flags_present	3			not_in_retained_input_manifest	annotations/raw/PXD010516/biological.json	annotations/raw/PXD010516/technical.json	annotations/raw/PXD010516/experimental_design.json	annotations/normalized/PXD010516/biological.json	annotations/normalized/PXD010516/technical.json	annotations/normalized/PXD010516/experimental_design.json
PXD010520	shard_2	complete_3_raw_3_normalized	flags_present	1			not_in_retained_input_manifest	annotations/raw/PXD010520/biological.json	annotations/raw/PXD010520/technical.json	annotations/raw/PXD010520/experimental_design.json	annotations/normalized/PXD010520/biological.json	annotations/normalized/PXD010520/technical.json	annotations/normalized/PXD010520/experimental_design.json
PXD010527	shard_3	complete_3_raw_3_normalized	flags_present	1			not_in_retained_input_manifest	annotations/raw/PXD010527/biological.json	annotations/raw/PXD010527/technical.json	annotations/raw/PXD010527/experimental_design.json	annotations/normalized/PXD010527/biological.json	annotations/normalized/PXD010527/technical.json	annotations/normalized/PXD010527/experimental_design.json
PXD010538	shard_4	complete_3_raw_3_normalized	flags_present	3			not_in_retained_input_manifest	annotations/raw/PXD010538/biological.json	annotations/raw/PXD010538/technical.json	annotations/raw/PXD010538/experimental_design.json	annotations/normalized/PXD010538/biological.json	annotations/normalized/PXD010538/technical.json	annotations/normalized/PXD010538/experimental_design.json
PXD010579	shard_5	complete_3_raw_3_normalized	flags_present	2			not_in_retained_input_manifest	annotations/raw/PXD010579/biological.json	annotations/raw/PXD010579/technical.json	annotations/raw/PXD010579/experimental_design.json	annotations/normalized/PXD010579/biological.json	annotations/normalized/PXD010579/technical.json	annotations/normalized/PXD010579/experimental_design.json
PXD010606	shard_6	complete_3_raw_3_normalized	no_stored_flags	0			not_in_retained_input_manifest	annotations/raw/PXD010606/biological.json	annotations/raw/PXD010606/technical.json	annotations/raw/PXD010606/experimental_design.json	annotations/normalized/PXD010606/biological.json	annotations/normalized/PXD010606/technical.json	annotations/normalized/PXD010606/experimental_design.json
PXD010622	shard_7	complete_3_raw_3_normalized	flags_present	2			not_in_retained_input_manifest	annotations/raw/PXD010622/biological.json	annotations/raw/PXD010622/technical.json	annotations/raw/PXD010622/experimental_design.json	annotations/normalized/PXD010622/biological.json	annotations/normalized/PXD010622/technical.json	annotations/normalized/PXD010622/experimental_design.json
PXD010630	shard_0	complete_3_raw_3_normalized	flags_present	2			not_in_retained_input_manifest	annotations/raw/PXD010630/biological.json	annotations/raw/PXD010630/technical.json	annotations/raw/PXD010630/experimental_design.json	annotations/normalized/PXD010630/biological.json	annotations/normalized/PXD010630/technical.json	annotations/normalized/PXD010630/experimental_design.json
PXD010634	shard_1	complete_3_raw_3_normalized	flags_present	1			not_in_retained_input_manifest	annotations/raw/PXD010634/biological.json	annotations/raw/PXD010634/technical.json	annotations/raw/PXD010634/experimental_design.json	annotations/normalized/PXD010634/biological.json	annotations/normalized/PXD010634/technical.json	annotations/normalized/PXD010634/experimental_design.json
PXD010690	shard_2	complete_3_raw_3_normalized	flags_present	2			not_in_retained_input_manifest	annotations/raw/PXD010690/biological.json	annotations/raw/PXD010690/technical.json	annotations/raw/PXD010690/experimental_design.json	annotations/normalized/PXD010690/biological.json	annotations/normalized/PXD010690/technical.json	annotations/normalized/PXD010690/experimental_design.json
PXD010698	shard_3	complete_3_raw_3_normalized	flags_present	2			not_in_retained_input_manifest	annotations/raw/PXD010698/biological.json	annotations/raw/PXD010698/technical.json	annotations/raw/PXD010698/experimental_design.json	annotations/normalized/PXD010698/biological.json	annotations/normalized/PXD010698/technical.json	annotations/normalized/PXD010698/experimental_design.json
PXD010708	shard_4	complete_3_raw_3_normalized	no_stored_flags	0			not_in_retained_input_manifest	annotations/raw/PXD010708/biological.json	annotations/raw/PXD010708/technical.json	annotations/raw/PXD010708/experimental_design.json	annotations/normalized/PXD010708/biological.json	annotations/normalized/PXD010708/technical.json	annotations/normalized/PXD010708/experimental_design.json
PXD010786	shard_5	complete_3_raw_3_normalized	flags_present	1			not_in_retained_input_manifest	annotations/raw/PXD010786/biological.json	annotations/raw/PXD010786/technical.json	annotations/raw/PXD010786/experimental_design.json	annotations/normalized/PXD010786/biological.json	annotations/normalized/PXD010786/technical.json	annotations/normalized/PXD010786/experimental_design.json
PXD010787	shard_6	complete_3_raw_3_normalized	flags_present	1			not_in_retained_input_manifest	annotations/raw/PXD010787/biological.json	annotations/raw/PXD010787/technical.json	annotations/raw/PXD010787/experimental_design.json	annotations/normalized/PXD010787/biological.json	annotations/normalized/PXD010787/technical.json	annotations/normalized/PXD010787/experimental_design.json
PXD010805	shard_7	complete_3_raw_3_normalized	flags_present	1			not_in_retained_input_manifest	annotations/raw/PXD010805/biological.json	annotations/raw/PXD010805/technical.json	annotations/raw/PXD010805/experimental_design.json	annotations/normalized/PXD010805/biological.json	annotations/normalized/PXD010805/technical.json	annotations/normalized/PXD010805/experimental_design.json
PXD010821	shard_0	complete_3_raw_3_normalized	flags_present	2			not_in_retained_input_manifest	annotations/raw/PXD010821/biological.json	annotations/raw/PXD010821/technical.json	annotations/raw/PXD010821/experimental_design.json	annotations/normalized/PXD010821/biological.json	annotations/normalized/PXD010821/technical.json	annotations/normalized/PXD010821/experimental_design.json
PXD010870	shard_1	complete_3_raw_3_normalized	flags_present	2			not_in_retained_input_manifest	annotations/raw/PXD010870/biological.json	annotations/raw/PXD010870/technical.json	annotations/raw/PXD010870/experimental_design.json	annotations/normalized/PXD010870/biological.json	annotations/normalized/PXD010870/technical.json	annotations/normalized/PXD010870/experimental_design.json
PXD010941	shard_2	complete_3_raw_3_normalized	flags_present	4			not_in_retained_input_manifest	annotations/raw/PXD010941/biological.json	annotations/raw/PXD010941/technical.json	annotations/raw/PXD010941/experimental_design.json	annotations/normalized/PXD010941/biological.json	annotations/normalized/PXD010941/technical.json	annotations/normalized/PXD010941/experimental_design.json
PXD010942	shard_3	complete_3_raw_3_normalized	flags_present	3			not_in_retained_input_manifest	annotations/raw/PXD010942/biological.json	annotations/raw/PXD010942/technical.json	annotations/raw/PXD010942/experimental_design.json	annotations/normalized/PXD010942/biological.json	annotations/normalized/PXD010942/technical.json	annotations/normalized/PXD010942/experimental_design.json
PXD011000	shard_4	complete_3_raw_3_normalized	flags_present	1			not_in_retained_input_manifest	annotations/raw/PXD011000/biological.json	annotations/raw/PXD011000/technical.json	annotations/raw/PXD011000/experimental_design.json	annotations/normalized/PXD011000/biological.json	annotations/normalized/PXD011000/technical.json	annotations/normalized/PXD011000/experimental_design.json
PXD011009	shard_5	complete_3_raw_3_normalized	no_stored_flags	0			not_in_retained_input_manifest	annotations/raw/PXD011009/biological.json	annotations/raw/PXD011009/technical.json	annotations/raw/PXD011009/experimental_design.json	annotations/normalized/PXD011009/biological.json	annotations/normalized/PXD011009/technical.json	annotations/normalized/PXD011009/experimental_design.json
PXD011033	shard_6	complete_3_raw_3_normalized	flags_present	1			not_in_retained_input_manifest	annotations/raw/PXD011033/biological.json	annotations/raw/PXD011033/technical.json	annotations/raw/PXD011033/experimental_design.json	annotations/normalized/PXD011033/biological.json	annotations/normalized/PXD011033/technical.json	annotations/normalized/PXD011033/experimental_design.json
PXD011042	shard_7	complete_3_raw_3_normalized	flags_present	4			not_in_retained_input_manifest	annotations/raw/PXD011042/biological.json	annotations/raw/PXD011042/technical.json	annotations/raw/PXD011042/experimental_design.json	annotations/normalized/PXD011042/biological.json	annotations/normalized/PXD011042/technical.json	annotations/normalized/PXD011042/experimental_design.json
PXD011075	shard_0	complete_3_raw_3_normalized	flags_present	1			not_in_retained_input_manifest	annotations/raw/PXD011075/biological.json	annotations/raw/PXD011075/technical.json	annotations/raw/PXD011075/experimental_design.json	annotations/normalized/PXD011075/biological.json	annotations/normalized/PXD011075/technical.json	annotations/normalized/PXD011075/experimental_design.json
PXD011124	shard_1	complete_3_raw_3_normalized	flags_present	3			not_in_retained_input_manifest	annotations/raw/PXD011124/biological.json	annotations/raw/PXD011124/technical.json	annotations/raw/PXD011124/experimental_design.json	annotations/normalized/PXD011124/biological.json	annotations/normalized/PXD011124/technical.json	annotations/normalized/PXD011124/experimental_design.json
PXD011146	shard_2	complete_3_raw_3_normalized	flags_present	2			not_in_retained_input_manifest	annotations/raw/PXD011146/biological.json	annotations/raw/PXD011146/technical.json	annotations/raw/PXD011146/experimental_design.json	annotations/normalized/PXD011146/biological.json	annotations/normalized/PXD011146/technical.json	annotations/normalized/PXD011146/experimental_design.json
PXD011152	shard_3	complete_3_raw_3_normalized	flags_present	1			not_in_retained_input_manifest	annotations/raw/PXD011152/biological.json	annotations/raw/PXD011152/technical.json	annotations/raw/PXD011152/experimental_design.json	annotations/normalized/PXD011152/biological.json	annotations/normalized/PXD011152/technical.json	annotations/normalized/PXD011152/experimental_design.json
PXD011175	shard_4	complete_3_raw_3_normalized	no_stored_flags	0			not_in_retained_input_manifest	annotations/raw/PXD011175/biological.json	annotations/raw/PXD011175/technical.json	annotations/raw/PXD011175/experimental_design.json	annotations/normalized/PXD011175/biological.json	annotations/normalized/PXD011175/technical.json	annotations/normalized/PXD011175/experimental_design.json
PXD011183	shard_5	complete_3_raw_3_normalized	flags_present	2			not_in_retained_input_manifest	annotations/raw/PXD011183/biological.json	annotations/raw/PXD011183/technical.json	annotations/raw/PXD011183/experimental_design.json	annotations/normalized/PXD011183/biological.json	annotations/normalized/PXD011183/technical.json	annotations/normalized/PXD011183/experimental_design.json
PXD011204	shard_6	complete_3_raw_3_normalized	flags_present	1			not_in_retained_input_manifest	annotations/raw/PXD011204/biological.json	annotations/raw/PXD011204/technical.json	annotations/raw/PXD011204/experimental_design.json	annotations/normalized/PXD011204/biological.json	annotations/normalized/PXD011204/technical.json	annotations/normalized/PXD011204/experimental_design.json
PXD011241	shard_7	complete_3_raw_3_normalized	flags_present	3			not_in_retained_input_manifest	annotations/raw/PXD011241/biological.json	annotations/raw/PXD011241/technical.json	annotations/raw/PXD011241/experimental_design.json	annotations/normalized/PXD011241/biological.json	annotations/normalized/PXD011241/technical.json	annotations/normalized/PXD011241/experimental_design.json
PXD011242	shard_0	complete_3_raw_3_normalized	flags_present	1			not_in_retained_input_manifest	annotations/raw/PXD011242/biological.json	annotations/raw/PXD011242/technical.json	annotations/raw/PXD011242/experimental_design.json	annotations/normalized/PXD011242/biological.json	annotations/normalized/PXD011242/technical.json	annotations/normalized/PXD011242/experimental_design.json
PXD011256	shard_1	complete_3_raw_3_normalized	flags_present	1			not_in_retained_input_manifest	annotations/raw/PXD011256/biological.json	annotations/raw/PXD011256/technical.json	annotations/raw/PXD011256/experimental_design.json	annotations/normalized/PXD011256/biological.json	annotations/normalized/PXD011256/technical.json	annotations/normalized/PXD011256/experimental_design.json
PXD011301	shard_2	complete_3_raw_3_normalized	flags_present	4			not_in_retained_input_manifest	annotations/raw/PXD011301/biological.json	annotations/raw/PXD011301/technical.json	annotations/raw/PXD011301/experimental_design.json	annotations/normalized/PXD011301/biological.json	annotations/normalized/PXD011301/technical.json	annotations/normalized/PXD011301/experimental_design.json
PXD011309	shard_3	complete_3_raw_3_normalized	flags_present	1			not_in_retained_input_manifest	annotations/raw/PXD011309/biological.json	annotations/raw/PXD011309/technical.json	annotations/raw/PXD011309/experimental_design.json	annotations/normalized/PXD011309/biological.json	annotations/normalized/PXD011309/technical.json	annotations/normalized/PXD011309/experimental_design.json
PXD011456	shard_4	complete_3_raw_3_normalized	no_stored_flags	0			not_in_retained_input_manifest	annotations/raw/PXD011456/biological.json	annotations/raw/PXD011456/technical.json	annotations/raw/PXD011456/experimental_design.json	annotations/normalized/PXD011456/biological.json	annotations/normalized/PXD011456/technical.json	annotations/normalized/PXD011456/experimental_design.json
PXD011467	shard_5	complete_3_raw_3_normalized	flags_present	1			not_in_retained_input_manifest	annotations/raw/PXD011467/biological.json	annotations/raw/PXD011467/technical.json	annotations/raw/PXD011467/experimental_design.json	annotations/normalized/PXD011467/biological.json	annotations/normalized/PXD011467/technical.json	annotations/normalized/PXD011467/experimental_design.json
PXD011492	shard_6	complete_3_raw_3_normalized	flags_present	1			not_in_retained_input_manifest	annotations/raw/PXD011492/biological.json	annotations/raw/PXD011492/technical.json	annotations/raw/PXD011492/experimental_design.json	annotations/normalized/PXD011492/biological.json	annotations/normalized/PXD011492/technical.json	annotations/normalized/PXD011492/experimental_design.json
PXD011599	shard_7	complete_3_raw_3_normalized	no_stored_flags	0			not_in_retained_input_manifest	annotations/raw/PXD011599/biological.json	annotations/raw/PXD011599/technical.json	annotations/raw/PXD011599/experimental_design.json	annotations/normalized/PXD011599/biological.json	annotations/normalized/PXD011599/technical.json	annotations/normalized/PXD011599/experimental_design.json
PXD011609	shard_0	complete_3_raw_3_normalized	no_stored_flags	0			not_in_retained_input_manifest	annotations/raw/PXD011609/biological.json	annotations/raw/PXD011609/technical.json	annotations/raw/PXD011609/experimental_design.json	annotations/normalized/PXD011609/biological.json	annotations/normalized/PXD011609/technical.json	annotations/normalized/PXD011609/experimental_design.json
PXD011618	shard_1	complete_3_raw_3_normalized	flags_present	3			not_in_retained_input_manifest	annotations/raw/PXD011618/biological.json	annotations/raw/PXD011618/technical.json	annotations/raw/PXD011618/experimental_design.json	annotations/normalized/PXD011618/biological.json	annotations/normalized/PXD011618/technical.json	annotations/normalized/PXD011618/experimental_design.json
PXD011839	shard_2	complete_3_raw_3_normalized	no_stored_flags	0			not_in_retained_input_manifest	annotations/raw/PXD011839/biological.json	annotations/raw/PXD011839/technical.json	annotations/raw/PXD011839/experimental_design.json	annotations/normalized/PXD011839/biological.json	annotations/normalized/PXD011839/technical.json	annotations/normalized/PXD011839/experimental_design.json
PXD011960	shard_3	complete_3_raw_3_normalized	flags_present	3			not_in_retained_input_manifest	annotations/raw/PXD011960/biological.json	annotations/raw/PXD011960/technical.json	annotations/raw/PXD011960/experimental_design.json	annotations/normalized/PXD011960/biological.json	annotations/normalized/PXD011960/technical.json	annotations/normalized/PXD011960/experimental_design.json
PXD012755	shard_4	complete_3_raw_3_normalized	flags_present	1			not_in_retained_input_manifest	annotations/raw/PXD012755/biological.json	annotations/raw/PXD012755/technical.json	annotations/raw/PXD012755/experimental_design.json	annotations/normalized/PXD012755/biological.json	annotations/normalized/PXD012755/technical.json	annotations/normalized/PXD012755/experimental_design.json
PXD012792	shard_5	complete_3_raw_3_normalized	no_stored_flags	0			not_in_retained_input_manifest	annotations/raw/PXD012792/biological.json	annotations/raw/PXD012792/technical.json	annotations/raw/PXD012792/experimental_design.json	annotations/normalized/PXD012792/biological.json	annotations/normalized/PXD012792/technical.json	annotations/normalized/PXD012792/experimental_design.json
PXD013523	shard_6	complete_3_raw_3_normalized	flags_present	2			not_in_retained_input_manifest	annotations/raw/PXD013523/biological.json	annotations/raw/PXD013523/technical.json	annotations/raw/PXD013523/experimental_design.json	annotations/normalized/PXD013523/biological.json	annotations/normalized/PXD013523/technical.json	annotations/normalized/PXD013523/experimental_design.json
PXD013868	shard_7	complete_3_raw_3_normalized	flags_present	5			not_in_retained_input_manifest	annotations/raw/PXD013868/biological.json	annotations/raw/PXD013868/technical.json	annotations/raw/PXD013868/experimental_design.json	annotations/normalized/PXD013868/biological.json	annotations/normalized/PXD013868/technical.json	annotations/normalized/PXD013868/experimental_design.json
PXD013923	shard_0	complete_3_raw_3_normalized	flags_present	1			not_in_retained_input_manifest	annotations/raw/PXD013923/biological.json	annotations/raw/PXD013923/technical.json	annotations/raw/PXD013923/experimental_design.json	annotations/normalized/PXD013923/biological.json	annotations/normalized/PXD013923/technical.json	annotations/normalized/PXD013923/experimental_design.json
PXD015957	shard_1	complete_3_raw_3_normalized	flags_present	3			not_in_retained_input_manifest	annotations/raw/PXD015957/biological.json	annotations/raw/PXD015957/technical.json	annotations/raw/PXD015957/experimental_design.json	annotations/normalized/PXD015957/biological.json	annotations/normalized/PXD015957/technical.json	annotations/normalized/PXD015957/experimental_design.json
PXD016199	shard_2	complete_3_raw_3_normalized	flags_present	3			not_in_retained_input_manifest	annotations/raw/PXD016199/biological.json	annotations/raw/PXD016199/technical.json	annotations/raw/PXD016199/experimental_design.json	annotations/normalized/PXD016199/biological.json	annotations/normalized/PXD016199/technical.json	annotations/normalized/PXD016199/experimental_design.json
PXD016273	shard_3	complete_3_raw_3_normalized	flags_present	2			not_in_retained_input_manifest	annotations/raw/PXD016273/biological.json	annotations/raw/PXD016273/technical.json	annotations/raw/PXD016273/experimental_design.json	annotations/normalized/PXD016273/biological.json	annotations/normalized/PXD016273/technical.json	annotations/normalized/PXD016273/experimental_design.json
PXD017799	shard_4	complete_3_raw_3_normalized	flags_present	1			not_in_retained_input_manifest	annotations/raw/PXD017799/biological.json	annotations/raw/PXD017799/technical.json	annotations/raw/PXD017799/experimental_design.json	annotations/normalized/PXD017799/biological.json	annotations/normalized/PXD017799/technical.json	annotations/normalized/PXD017799/experimental_design.json
PXD018110	shard_5	complete_3_raw_3_normalized	flags_present	4			not_in_retained_input_manifest	annotations/raw/PXD018110/biological.json	annotations/raw/PXD018110/technical.json	annotations/raw/PXD018110/experimental_design.json	annotations/normalized/PXD018110/biological.json	annotations/normalized/PXD018110/technical.json	annotations/normalized/PXD018110/experimental_design.json
PXD019817	shard_6	complete_3_raw_3_normalized	flags_present	4			not_in_retained_input_manifest	annotations/raw/PXD019817/biological.json	annotations/raw/PXD019817/technical.json	annotations/raw/PXD019817/experimental_design.json	annotations/normalized/PXD019817/biological.json	annotations/normalized/PXD019817/technical.json	annotations/normalized/PXD019817/experimental_design.json
PXD020122	shard_7	complete_3_raw_3_normalized	no_stored_flags	0			not_in_retained_input_manifest	annotations/raw/PXD020122/biological.json	annotations/raw/PXD020122/technical.json	annotations/raw/PXD020122/experimental_design.json	annotations/normalized/PXD020122/biological.json	annotations/normalized/PXD020122/technical.json	annotations/normalized/PXD020122/experimental_design.json
PXD020164	shard_0	complete_3_raw_3_normalized	no_stored_flags	0			not_in_retained_input_manifest	annotations/raw/PXD020164/biological.json	annotations/raw/PXD020164/technical.json	annotations/raw/PXD020164/experimental_design.json	annotations/normalized/PXD020164/biological.json	annotations/normalized/PXD020164/technical.json	annotations/normalized/PXD020164/experimental_design.json
PXD020187	shard_1	complete_3_raw_3_normalized	flags_present	2			not_in_retained_input_manifest	annotations/raw/PXD020187/biological.json	annotations/raw/PXD020187/technical.json	annotations/raw/PXD020187/experimental_design.json	annotations/normalized/PXD020187/biological.json	annotations/normalized/PXD020187/technical.json	annotations/normalized/PXD020187/experimental_design.json
PXD020192	shard_2	complete_3_raw_3_normalized	flags_present	1			not_in_retained_input_manifest	annotations/raw/PXD020192/biological.json	annotations/raw/PXD020192/technical.json	annotations/raw/PXD020192/experimental_design.json	annotations/normalized/PXD020192/biological.json	annotations/normalized/PXD020192/technical.json	annotations/normalized/PXD020192/experimental_design.json
PXD020352	shard_3	complete_3_raw_3_normalized	flags_present	1			not_in_retained_input_manifest	annotations/raw/PXD020352/biological.json	annotations/raw/PXD020352/technical.json	annotations/raw/PXD020352/experimental_design.json	annotations/normalized/PXD020352/biological.json	annotations/normalized/PXD020352/technical.json	annotations/normalized/PXD020352/experimental_design.json
PXD021106	shard_4	complete_3_raw_3_normalized	flags_present	1			not_in_retained_input_manifest	annotations/raw/PXD021106/biological.json	annotations/raw/PXD021106/technical.json	annotations/raw/PXD021106/experimental_design.json	annotations/normalized/PXD021106/biological.json	annotations/normalized/PXD021106/technical.json	annotations/normalized/PXD021106/experimental_design.json
PXD021401	shard_5	complete_3_raw_3_normalized	flags_present	6			not_in_retained_input_manifest	annotations/raw/PXD021401/biological.json	annotations/raw/PXD021401/technical.json	annotations/raw/PXD021401/experimental_design.json	annotations/normalized/PXD021401/biological.json	annotations/normalized/PXD021401/technical.json	annotations/normalized/PXD021401/experimental_design.json
PXD022843	shard_6	complete_3_raw_3_normalized	flags_present	2			not_in_retained_input_manifest	annotations/raw/PXD022843/biological.json	annotations/raw/PXD022843/technical.json	annotations/raw/PXD022843/experimental_design.json	annotations/normalized/PXD022843/biological.json	annotations/normalized/PXD022843/technical.json	annotations/normalized/PXD022843/experimental_design.json
PXD022983	shard_7	complete_3_raw_3_normalized	flags_present	2			not_in_retained_input_manifest	annotations/raw/PXD022983/biological.json	annotations/raw/PXD022983/technical.json	annotations/raw/PXD022983/experimental_design.json	annotations/normalized/PXD022983/biological.json	annotations/normalized/PXD022983/technical.json	annotations/normalized/PXD022983/experimental_design.json
PXD025899	shard_0	complete_3_raw_3_normalized	flags_present	1			not_in_retained_input_manifest	annotations/raw/PXD025899/biological.json	annotations/raw/PXD025899/technical.json	annotations/raw/PXD025899/experimental_design.json	annotations/normalized/PXD025899/biological.json	annotations/normalized/PXD025899/technical.json	annotations/normalized/PXD025899/experimental_design.json
PXD028393	shard_1	complete_3_raw_3_normalized	no_stored_flags	0			not_in_retained_input_manifest	annotations/raw/PXD028393/biological.json	annotations/raw/PXD028393/technical.json	annotations/raw/PXD028393/experimental_design.json	annotations/normalized/PXD028393/biological.json	annotations/normalized/PXD028393/technical.json	annotations/normalized/PXD028393/experimental_design.json
PXD029400	shard_2	complete_3_raw_3_normalized	flags_present	3			not_in_retained_input_manifest	annotations/raw/PXD029400/biological.json	annotations/raw/PXD029400/technical.json	annotations/raw/PXD029400/experimental_design.json	annotations/normalized/PXD029400/biological.json	annotations/normalized/PXD029400/technical.json	annotations/normalized/PXD029400/experimental_design.json
PXD030804	shard_3	complete_3_raw_3_normalized	flags_present	1			not_in_retained_input_manifest	annotations/raw/PXD030804/biological.json	annotations/raw/PXD030804/technical.json	annotations/raw/PXD030804/experimental_design.json	annotations/normalized/PXD030804/biological.json	annotations/normalized/PXD030804/technical.json	annotations/normalized/PXD030804/experimental_design.json
PXD030990	shard_4	complete_3_raw_3_normalized	flags_present	1			not_in_retained_input_manifest	annotations/raw/PXD030990/biological.json	annotations/raw/PXD030990/technical.json	annotations/raw/PXD030990/experimental_design.json	annotations/normalized/PXD030990/biological.json	annotations/normalized/PXD030990/technical.json	annotations/normalized/PXD030990/experimental_design.json
PXD032918	shard_5	complete_3_raw_3_normalized	flags_present	1			not_in_retained_input_manifest	annotations/raw/PXD032918/biological.json	annotations/raw/PXD032918/technical.json	annotations/raw/PXD032918/experimental_design.json	annotations/normalized/PXD032918/biological.json	annotations/normalized/PXD032918/technical.json	annotations/normalized/PXD032918/experimental_design.json
PXD035447	shard_6	complete_3_raw_3_normalized	no_stored_flags	0			not_in_retained_input_manifest	annotations/raw/PXD035447/biological.json	annotations/raw/PXD035447/technical.json	annotations/raw/PXD035447/experimental_design.json	annotations/normalized/PXD035447/biological.json	annotations/normalized/PXD035447/technical.json	annotations/normalized/PXD035447/experimental_design.json
PXD035780	shard_7	complete_3_raw_3_normalized	flags_present	2			not_in_retained_input_manifest	annotations/raw/PXD035780/biological.json	annotations/raw/PXD035780/technical.json	annotations/raw/PXD035780/experimental_design.json	annotations/normalized/PXD035780/biological.json	annotations/normalized/PXD035780/technical.json	annotations/normalized/PXD035780/experimental_design.json
PXD036023	shard_0	complete_3_raw_3_normalized	flags_present	3			not_in_retained_input_manifest	annotations/raw/PXD036023/biological.json	annotations/raw/PXD036023/technical.json	annotations/raw/PXD036023/experimental_design.json	annotations/normalized/PXD036023/biological.json	annotations/normalized/PXD036023/technical.json	annotations/normalized/PXD036023/experimental_design.json
PXD036633	shard_1	complete_3_raw_3_normalized	no_stored_flags	0			not_in_retained_input_manifest	annotations/raw/PXD036633/biological.json	annotations/raw/PXD036633/technical.json	annotations/raw/PXD036633/experimental_design.json	annotations/normalized/PXD036633/biological.json	annotations/normalized/PXD036633/technical.json	annotations/normalized/PXD036633/experimental_design.json
PXD037340	shard_2	complete_3_raw_3_normalized	flags_present	1			not_in_retained_input_manifest	annotations/raw/PXD037340/biological.json	annotations/raw/PXD037340/technical.json	annotations/raw/PXD037340/experimental_design.json	annotations/normalized/PXD037340/biological.json	annotations/normalized/PXD037340/technical.json	annotations/normalized/PXD037340/experimental_design.json
PXD037654	shard_3	complete_3_raw_3_normalized	flags_present	3			not_in_retained_input_manifest	annotations/raw/PXD037654/biological.json	annotations/raw/PXD037654/technical.json	annotations/raw/PXD037654/experimental_design.json	annotations/normalized/PXD037654/biological.json	annotations/normalized/PXD037654/technical.json	annotations/normalized/PXD037654/experimental_design.json
PXD046331	shard_4	complete_3_raw_3_normalized	flags_present	2			not_in_retained_input_manifest	annotations/raw/PXD046331/biological.json	annotations/raw/PXD046331/technical.json	annotations/raw/PXD046331/experimental_design.json	annotations/normalized/PXD046331/biological.json	annotations/normalized/PXD046331/technical.json	annotations/normalized/PXD046331/experimental_design.json
PXD046357	shard_5	complete_3_raw_3_normalized	flags_present	1			not_in_retained_input_manifest	annotations/raw/PXD046357/biological.json	annotations/raw/PXD046357/technical.json	annotations/raw/PXD046357/experimental_design.json	annotations/normalized/PXD046357/biological.json	annotations/normalized/PXD046357/technical.json	annotations/normalized/PXD046357/experimental_design.json
PXD046372	shard_6	complete_3_raw_3_normalized	flags_present	5			not_in_retained_input_manifest	annotations/raw/PXD046372/biological.json	annotations/raw/PXD046372/technical.json	annotations/raw/PXD046372/experimental_design.json	annotations/normalized/PXD046372/biological.json	annotations/normalized/PXD046372/technical.json	annotations/normalized/PXD046372/experimental_design.json
PXD046393	shard_7	complete_3_raw_3_normalized	no_stored_flags	0			not_in_retained_input_manifest	annotations/raw/PXD046393/biological.json	annotations/raw/PXD046393/technical.json	annotations/raw/PXD046393/experimental_design.json	annotations/normalized/PXD046393/biological.json	annotations/normalized/PXD046393/technical.json	annotations/normalized/PXD046393/experimental_design.json
PXD046405	shard_0	complete_3_raw_3_normalized	flags_present	1			not_in_retained_input_manifest	annotations/raw/PXD046405/biological.json	annotations/raw/PXD046405/technical.json	annotations/raw/PXD046405/experimental_design.json	annotations/normalized/PXD046405/biological.json	annotations/normalized/PXD046405/technical.json	annotations/normalized/PXD046405/experimental_design.json
PXD046412	shard_1	complete_3_raw_3_normalized	no_stored_flags	0			not_in_retained_input_manifest	annotations/raw/PXD046412/biological.json	annotations/raw/PXD046412/technical.json	annotations/raw/PXD046412/experimental_design.json	annotations/normalized/PXD046412/biological.json	annotations/normalized/PXD046412/technical.json	annotations/normalized/PXD046412/experimental_design.json
PXD046413	shard_2	complete_3_raw_3_normalized	no_stored_flags	0			not_in_retained_input_manifest	annotations/raw/PXD046413/biological.json	annotations/raw/PXD046413/technical.json	annotations/raw/PXD046413/experimental_design.json	annotations/normalized/PXD046413/biological.json	annotations/normalized/PXD046413/technical.json	annotations/normalized/PXD046413/experimental_design.json
PXD046414	shard_3	complete_3_raw_3_normalized	no_stored_flags	0			not_in_retained_input_manifest	annotations/raw/PXD046414/biological.json	annotations/raw/PXD046414/technical.json	annotations/raw/PXD046414/experimental_design.json	annotations/normalized/PXD046414/biological.json	annotations/normalized/PXD046414/technical.json	annotations/normalized/PXD046414/experimental_design.json
PXD046417	shard_4	complete_3_raw_3_normalized	flags_present	2			not_in_retained_input_manifest	annotations/raw/PXD046417/biological.json	annotations/raw/PXD046417/technical.json	annotations/raw/PXD046417/experimental_design.json	annotations/normalized/PXD046417/biological.json	annotations/normalized/PXD046417/technical.json	annotations/normalized/PXD046417/experimental_design.json
PXD046438	shard_5	complete_3_raw_3_normalized	flags_present	2			not_in_retained_input_manifest	annotations/raw/PXD046438/biological.json	annotations/raw/PXD046438/technical.json	annotations/raw/PXD046438/experimental_design.json	annotations/normalized/PXD046438/biological.json	annotations/normalized/PXD046438/technical.json	annotations/normalized/PXD046438/experimental_design.json
PXD046451	shard_6	complete_3_raw_3_normalized	flags_present	3			not_in_retained_input_manifest	annotations/raw/PXD046451/biological.json	annotations/raw/PXD046451/technical.json	annotations/raw/PXD046451/experimental_design.json	annotations/normalized/PXD046451/biological.json	annotations/normalized/PXD046451/technical.json	annotations/normalized/PXD046451/experimental_design.json
PXD046457	shard_7	complete_3_raw_3_normalized	flags_present	1			not_in_retained_input_manifest	annotations/raw/PXD046457/biological.json	annotations/raw/PXD046457/technical.json	annotations/raw/PXD046457/experimental_design.json	annotations/normalized/PXD046457/biological.json	annotations/normalized/PXD046457/technical.json	annotations/normalized/PXD046457/experimental_design.json
PXD046462	shard_0	complete_3_raw_3_normalized	flags_present	4			not_in_retained_input_manifest	annotations/raw/PXD046462/biological.json	annotations/raw/PXD046462/technical.json	annotations/raw/PXD046462/experimental_design.json	annotations/normalized/PXD046462/biological.json	annotations/normalized/PXD046462/technical.json	annotations/normalized/PXD046462/experimental_design.json
PXD046463	shard_1	complete_3_raw_3_normalized	flags_present	2			not_in_retained_input_manifest	annotations/raw/PXD046463/biological.json	annotations/raw/PXD046463/technical.json	annotations/raw/PXD046463/experimental_design.json	annotations/normalized/PXD046463/biological.json	annotations/normalized/PXD046463/technical.json	annotations/normalized/PXD046463/experimental_design.json
PXD046497	shard_2	complete_3_raw_3_normalized	flags_present	4			not_in_retained_input_manifest	annotations/raw/PXD046497/biological.json	annotations/raw/PXD046497/technical.json	annotations/raw/PXD046497/experimental_design.json	annotations/normalized/PXD046497/biological.json	annotations/normalized/PXD046497/technical.json	annotations/normalized/PXD046497/experimental_design.json
PXD046500	shard_3	complete_3_raw_3_normalized	flags_present	4			not_in_retained_input_manifest	annotations/raw/PXD046500/biological.json	annotations/raw/PXD046500/technical.json	annotations/raw/PXD046500/experimental_design.json	annotations/normalized/PXD046500/biological.json	annotations/normalized/PXD046500/technical.json	annotations/normalized/PXD046500/experimental_design.json
PXD046508	shard_4	complete_3_raw_3_normalized	flags_present	2			not_in_retained_input_manifest	annotations/raw/PXD046508/biological.json	annotations/raw/PXD046508/technical.json	annotations/raw/PXD046508/experimental_design.json	annotations/normalized/PXD046508/biological.json	annotations/normalized/PXD046508/technical.json	annotations/normalized/PXD046508/experimental_design.json
PXD046525	shard_5	complete_3_raw_3_normalized	flags_present	1			not_in_retained_input_manifest	annotations/raw/PXD046525/biological.json	annotations/raw/PXD046525/technical.json	annotations/raw/PXD046525/experimental_design.json	annotations/normalized/PXD046525/biological.json	annotations/normalized/PXD046525/technical.json	annotations/normalized/PXD046525/experimental_design.json
PXD046534	shard_6	complete_3_raw_3_normalized	flags_present	1			not_in_retained_input_manifest	annotations/raw/PXD046534/biological.json	annotations/raw/PXD046534/technical.json	annotations/raw/PXD046534/experimental_design.json	annotations/normalized/PXD046534/biological.json	annotations/normalized/PXD046534/technical.json	annotations/normalized/PXD046534/experimental_design.json
PXD046544	shard_7	complete_3_raw_3_normalized	flags_present	2			not_in_retained_input_manifest	annotations/raw/PXD046544/biological.json	annotations/raw/PXD046544/technical.json	annotations/raw/PXD046544/experimental_design.json	annotations/normalized/PXD046544/biological.json	annotations/normalized/PXD046544/technical.json	annotations/normalized/PXD046544/experimental_design.json
PXD046550	shard_0	complete_3_raw_3_normalized	flags_present	5			not_in_retained_input_manifest	annotations/raw/PXD046550/biological.json	annotations/raw/PXD046550/technical.json	annotations/raw/PXD046550/experimental_design.json	annotations/normalized/PXD046550/biological.json	annotations/normalized/PXD046550/technical.json	annotations/normalized/PXD046550/experimental_design.json
PXD046571	shard_1	complete_3_raw_3_normalized	flags_present	3			not_in_retained_input_manifest	annotations/raw/PXD046571/biological.json	annotations/raw/PXD046571/technical.json	annotations/raw/PXD046571/experimental_design.json	annotations/normalized/PXD046571/biological.json	annotations/normalized/PXD046571/technical.json	annotations/normalized/PXD046571/experimental_design.json
PXD046582	shard_2	complete_3_raw_3_normalized	flags_present	2			not_in_retained_input_manifest	annotations/raw/PXD046582/biological.json	annotations/raw/PXD046582/technical.json	annotations/raw/PXD046582/experimental_design.json	annotations/normalized/PXD046582/biological.json	annotations/normalized/PXD046582/technical.json	annotations/normalized/PXD046582/experimental_design.json
PXD046587	shard_3	complete_3_raw_3_normalized	no_stored_flags	0			not_in_retained_input_manifest	annotations/raw/PXD046587/biological.json	annotations/raw/PXD046587/technical.json	annotations/raw/PXD046587/experimental_design.json	annotations/normalized/PXD046587/biological.json	annotations/normalized/PXD046587/technical.json	annotations/normalized/PXD046587/experimental_design.json
PXD046637	shard_4	complete_3_raw_3_normalized	flags_present	1			not_in_retained_input_manifest	annotations/raw/PXD046637/biological.json	annotations/raw/PXD046637/technical.json	annotations/raw/PXD046637/experimental_design.json	annotations/normalized/PXD046637/biological.json	annotations/normalized/PXD046637/technical.json	annotations/normalized/PXD046637/experimental_design.json
PXD046640	shard_5	complete_3_raw_3_normalized	no_stored_flags	0	experimental_design		not_in_retained_input_manifest	annotations/raw/PXD046640/biological.json	annotations/raw/PXD046640/technical.json	annotations/raw/PXD046640/experimental_design.json	annotations/normalized/PXD046640/biological.json	annotations/normalized/PXD046640/technical.json	annotations/normalized/PXD046640/experimental_design.json
PXD046656	shard_6	complete_3_raw_3_normalized	no_stored_flags	0			not_in_retained_input_manifest	annotations/raw/PXD046656/biological.json	annotations/raw/PXD046656/technical.json	annotations/raw/PXD046656/experimental_design.json	annotations/normalized/PXD046656/biological.json	annotations/normalized/PXD046656/technical.json	annotations/normalized/PXD046656/experimental_design.json
PXD046660	shard_7	complete_3_raw_3_normalized	flags_present	2			not_in_retained_input_manifest	annotations/raw/PXD046660/biological.json	annotations/raw/PXD046660/technical.json	annotations/raw/PXD046660/experimental_design.json	annotations/normalized/PXD046660/biological.json	annotations/normalized/PXD046660/technical.json	annotations/normalized/PXD046660/experimental_design.json
PXD046676	shard_0	complete_3_raw_3_normalized	flags_present	4			not_in_retained_input_manifest	annotations/raw/PXD046676/biological.json	annotations/raw/PXD046676/technical.json	annotations/raw/PXD046676/experimental_design.json	annotations/normalized/PXD046676/biological.json	annotations/normalized/PXD046676/technical.json	annotations/normalized/PXD046676/experimental_design.json
PXD046709	shard_1	complete_3_raw_3_normalized	no_stored_flags	0			not_in_retained_input_manifest	annotations/raw/PXD046709/biological.json	annotations/raw/PXD046709/technical.json	annotations/raw/PXD046709/experimental_design.json	annotations/normalized/PXD046709/biological.json	annotations/normalized/PXD046709/technical.json	annotations/normalized/PXD046709/experimental_design.json
PXD046711	shard_2	complete_3_raw_3_normalized	flags_present	1			not_in_retained_input_manifest	annotations/raw/PXD046711/biological.json	annotations/raw/PXD046711/technical.json	annotations/raw/PXD046711/experimental_design.json	annotations/normalized/PXD046711/biological.json	annotations/normalized/PXD046711/technical.json	annotations/normalized/PXD046711/experimental_design.json
PXD046731	shard_3	complete_3_raw_3_normalized	flags_present	2			not_in_retained_input_manifest	annotations/raw/PXD046731/biological.json	annotations/raw/PXD046731/technical.json	annotations/raw/PXD046731/experimental_design.json	annotations/normalized/PXD046731/biological.json	annotations/normalized/PXD046731/technical.json	annotations/normalized/PXD046731/experimental_design.json
PXD046734	shard_4	complete_3_raw_3_normalized	flags_present	5			not_in_retained_input_manifest	annotations/raw/PXD046734/biological.json	annotations/raw/PXD046734/technical.json	annotations/raw/PXD046734/experimental_design.json	annotations/normalized/PXD046734/biological.json	annotations/normalized/PXD046734/technical.json	annotations/normalized/PXD046734/experimental_design.json
PXD046735	shard_5	complete_3_raw_3_normalized	no_stored_flags	0			not_in_retained_input_manifest	annotations/raw/PXD046735/biological.json	annotations/raw/PXD046735/technical.json	annotations/raw/PXD046735/experimental_design.json	annotations/normalized/PXD046735/biological.json	annotations/normalized/PXD046735/technical.json	annotations/normalized/PXD046735/experimental_design.json
PXD046738	shard_6	complete_3_raw_3_normalized	no_stored_flags	0			not_in_retained_input_manifest	annotations/raw/PXD046738/biological.json	annotations/raw/PXD046738/technical.json	annotations/raw/PXD046738/experimental_design.json	annotations/normalized/PXD046738/biological.json	annotations/normalized/PXD046738/technical.json	annotations/normalized/PXD046738/experimental_design.json
PXD046742	shard_7	complete_3_raw_3_normalized	flags_present	1			not_in_retained_input_manifest	annotations/raw/PXD046742/biological.json	annotations/raw/PXD046742/technical.json	annotations/raw/PXD046742/experimental_design.json	annotations/normalized/PXD046742/biological.json	annotations/normalized/PXD046742/technical.json	annotations/normalized/PXD046742/experimental_design.json
PXD046754	shard_0	complete_3_raw_3_normalized	no_stored_flags	0			not_in_retained_input_manifest	annotations/raw/PXD046754/biological.json	annotations/raw/PXD046754/technical.json	annotations/raw/PXD046754/experimental_design.json	annotations/normalized/PXD046754/biological.json	annotations/normalized/PXD046754/technical.json	annotations/normalized/PXD046754/experimental_design.json
PXD046760	shard_1	complete_3_raw_3_normalized	no_stored_flags	0			not_in_retained_input_manifest	annotations/raw/PXD046760/biological.json	annotations/raw/PXD046760/technical.json	annotations/raw/PXD046760/experimental_design.json	annotations/normalized/PXD046760/biological.json	annotations/normalized/PXD046760/technical.json	annotations/normalized/PXD046760/experimental_design.json
PXD046786	shard_2	complete_3_raw_3_normalized	no_stored_flags	0			not_in_retained_input_manifest	annotations/raw/PXD046786/biological.json	annotations/raw/PXD046786/technical.json	annotations/raw/PXD046786/experimental_design.json	annotations/normalized/PXD046786/biological.json	annotations/normalized/PXD046786/technical.json	annotations/normalized/PXD046786/experimental_design.json
PXD046787	shard_3	complete_3_raw_3_normalized	flags_present	2			not_in_retained_input_manifest	annotations/raw/PXD046787/biological.json	annotations/raw/PXD046787/technical.json	annotations/raw/PXD046787/experimental_design.json	annotations/normalized/PXD046787/biological.json	annotations/normalized/PXD046787/technical.json	annotations/normalized/PXD046787/experimental_design.json
PXD046793	shard_4	complete_3_raw_3_normalized	no_stored_flags	0			not_in_retained_input_manifest	annotations/raw/PXD046793/biological.json	annotations/raw/PXD046793/technical.json	annotations/raw/PXD046793/experimental_design.json	annotations/normalized/PXD046793/biological.json	annotations/normalized/PXD046793/technical.json	annotations/normalized/PXD046793/experimental_design.json
PXD046808	shard_5	complete_3_raw_3_normalized	flags_present	3			not_in_retained_input_manifest	annotations/raw/PXD046808/biological.json	annotations/raw/PXD046808/technical.json	annotations/raw/PXD046808/experimental_design.json	annotations/normalized/PXD046808/biological.json	annotations/normalized/PXD046808/technical.json	annotations/normalized/PXD046808/experimental_design.json
PXD046815	shard_6	complete_3_raw_3_normalized	no_stored_flags	0			not_in_retained_input_manifest	annotations/raw/PXD046815/biological.json	annotations/raw/PXD046815/technical.json	annotations/raw/PXD046815/experimental_design.json	annotations/normalized/PXD046815/biological.json	annotations/normalized/PXD046815/technical.json	annotations/normalized/PXD046815/experimental_design.json
PXD046822	shard_7	complete_3_raw_3_normalized	no_stored_flags	0			not_in_retained_input_manifest	annotations/raw/PXD046822/biological.json	annotations/raw/PXD046822/technical.json	annotations/raw/PXD046822/experimental_design.json	annotations/normalized/PXD046822/biological.json	annotations/normalized/PXD046822/technical.json	annotations/normalized/PXD046822/experimental_design.json
PXD046846	shard_0	complete_3_raw_3_normalized	flags_present	2			not_in_retained_input_manifest	annotations/raw/PXD046846/biological.json	annotations/raw/PXD046846/technical.json	annotations/raw/PXD046846/experimental_design.json	annotations/normalized/PXD046846/biological.json	annotations/normalized/PXD046846/technical.json	annotations/normalized/PXD046846/experimental_design.json
PXD046852	shard_1	complete_3_raw_3_normalized	no_stored_flags	0			not_in_retained_input_manifest	annotations/raw/PXD046852/biological.json	annotations/raw/PXD046852/technical.json	annotations/raw/PXD046852/experimental_design.json	annotations/normalized/PXD046852/biological.json	annotations/normalized/PXD046852/technical.json	annotations/normalized/PXD046852/experimental_design.json
PXD046855	shard_2	complete_3_raw_3_normalized	flags_present	1			not_in_retained_input_manifest	annotations/raw/PXD046855/biological.json	annotations/raw/PXD046855/technical.json	annotations/raw/PXD046855/experimental_design.json	annotations/normalized/PXD046855/biological.json	annotations/normalized/PXD046855/technical.json	annotations/normalized/PXD046855/experimental_design.json
PXD046856	shard_3	complete_3_raw_3_normalized	flags_present	1			not_in_retained_input_manifest	annotations/raw/PXD046856/biological.json	annotations/raw/PXD046856/technical.json	annotations/raw/PXD046856/experimental_design.json	annotations/normalized/PXD046856/biological.json	annotations/normalized/PXD046856/technical.json	annotations/normalized/PXD046856/experimental_design.json
PXD046871	shard_4	complete_3_raw_3_normalized	no_stored_flags	0			not_in_retained_input_manifest	annotations/raw/PXD046871/biological.json	annotations/raw/PXD046871/technical.json	annotations/raw/PXD046871/experimental_design.json	annotations/normalized/PXD046871/biological.json	annotations/normalized/PXD046871/technical.json	annotations/normalized/PXD046871/experimental_design.json
PXD046955	shard_5	complete_3_raw_3_normalized	flags_present	1			not_in_retained_input_manifest	annotations/raw/PXD046955/biological.json	annotations/raw/PXD046955/technical.json	annotations/raw/PXD046955/experimental_design.json	annotations/normalized/PXD046955/biological.json	annotations/normalized/PXD046955/technical.json	annotations/normalized/PXD046955/experimental_design.json
PXD046956	shard_6	complete_3_raw_3_normalized	flags_present	1			not_in_retained_input_manifest	annotations/raw/PXD046956/biological.json	annotations/raw/PXD046956/technical.json	annotations/raw/PXD046956/experimental_design.json	annotations/normalized/PXD046956/biological.json	annotations/normalized/PXD046956/technical.json	annotations/normalized/PXD046956/experimental_design.json
PXD046976	shard_7	complete_3_raw_3_normalized	flags_present	2			not_in_retained_input_manifest	annotations/raw/PXD046976/biological.json	annotations/raw/PXD046976/technical.json	annotations/raw/PXD046976/experimental_design.json	annotations/normalized/PXD046976/biological.json	annotations/normalized/PXD046976/technical.json	annotations/normalized/PXD046976/experimental_design.json
PXD046988	shard_0	complete_3_raw_3_normalized	flags_present	2			not_in_retained_input_manifest	annotations/raw/PXD046988/biological.json	annotations/raw/PXD046988/technical.json	annotations/raw/PXD046988/experimental_design.json	annotations/normalized/PXD046988/biological.json	annotations/normalized/PXD046988/technical.json	annotations/normalized/PXD046988/experimental_design.json
PXD046995	shard_1	complete_3_raw_3_normalized	flags_present	1			not_in_retained_input_manifest	annotations/raw/PXD046995/biological.json	annotations/raw/PXD046995/technical.json	annotations/raw/PXD046995/experimental_design.json	annotations/normalized/PXD046995/biological.json	annotations/normalized/PXD046995/technical.json	annotations/normalized/PXD046995/experimental_design.json
PXD046996	shard_2	complete_3_raw_3_normalized	flags_present	2			not_in_retained_input_manifest	annotations/raw/PXD046996/biological.json	annotations/raw/PXD046996/technical.json	annotations/raw/PXD046996/experimental_design.json	annotations/normalized/PXD046996/biological.json	annotations/normalized/PXD046996/technical.json	annotations/normalized/PXD046996/experimental_design.json
PXD047005	shard_3	complete_3_raw_3_normalized	flags_present	2			not_in_retained_input_manifest	annotations/raw/PXD047005/biological.json	annotations/raw/PXD047005/technical.json	annotations/raw/PXD047005/experimental_design.json	annotations/normalized/PXD047005/biological.json	annotations/normalized/PXD047005/technical.json	annotations/normalized/PXD047005/experimental_design.json
PXD047009	shard_4	complete_3_raw_3_normalized	flags_present	2			not_in_retained_input_manifest	annotations/raw/PXD047009/biological.json	annotations/raw/PXD047009/technical.json	annotations/raw/PXD047009/experimental_design.json	annotations/normalized/PXD047009/biological.json	annotations/normalized/PXD047009/technical.json	annotations/normalized/PXD047009/experimental_design.json
PXD047019	shard_5	complete_3_raw_3_normalized	flags_present	2	technical;experimental_design		not_in_retained_input_manifest	annotations/raw/PXD047019/biological.json	annotations/raw/PXD047019/technical.json	annotations/raw/PXD047019/experimental_design.json	annotations/normalized/PXD047019/biological.json	annotations/normalized/PXD047019/technical.json	annotations/normalized/PXD047019/experimental_design.json
PXD047020	shard_6	complete_3_raw_3_normalized	flags_present	1			not_in_retained_input_manifest	annotations/raw/PXD047020/biological.json	annotations/raw/PXD047020/technical.json	annotations/raw/PXD047020/experimental_design.json	annotations/normalized/PXD047020/biological.json	annotations/normalized/PXD047020/technical.json	annotations/normalized/PXD047020/experimental_design.json
PXD047036	shard_7	complete_3_raw_3_normalized	flags_present	1			not_in_retained_input_manifest	annotations/raw/PXD047036/biological.json	annotations/raw/PXD047036/technical.json	annotations/raw/PXD047036/experimental_design.json	annotations/normalized/PXD047036/biological.json	annotations/normalized/PXD047036/technical.json	annotations/normalized/PXD047036/experimental_design.json
PXD047040	shard_0	complete_3_raw_3_normalized	flags_present	2			not_in_retained_input_manifest	annotations/raw/PXD047040/biological.json	annotations/raw/PXD047040/technical.json	annotations/raw/PXD047040/experimental_design.json	annotations/normalized/PXD047040/biological.json	annotations/normalized/PXD047040/technical.json	annotations/normalized/PXD047040/experimental_design.json
PXD047043	shard_1	complete_3_raw_3_normalized	flags_present	1			not_in_retained_input_manifest	annotations/raw/PXD047043/biological.json	annotations/raw/PXD047043/technical.json	annotations/raw/PXD047043/experimental_design.json	annotations/normalized/PXD047043/biological.json	annotations/normalized/PXD047043/technical.json	annotations/normalized/PXD047043/experimental_design.json
PXD047057	shard_2	complete_3_raw_3_normalized	flags_present	1			not_in_retained_input_manifest	annotations/raw/PXD047057/biological.json	annotations/raw/PXD047057/technical.json	annotations/raw/PXD047057/experimental_design.json	annotations/normalized/PXD047057/biological.json	annotations/normalized/PXD047057/technical.json	annotations/normalized/PXD047057/experimental_design.json
PXD047062	shard_3	complete_3_raw_3_normalized	flags_present	3			not_in_retained_input_manifest	annotations/raw/PXD047062/biological.json	annotations/raw/PXD047062/technical.json	annotations/raw/PXD047062/experimental_design.json	annotations/normalized/PXD047062/biological.json	annotations/normalized/PXD047062/technical.json	annotations/normalized/PXD047062/experimental_design.json
PXD047066	shard_4	complete_3_raw_3_normalized	flags_present	3			not_in_retained_input_manifest	annotations/raw/PXD047066/biological.json	annotations/raw/PXD047066/technical.json	annotations/raw/PXD047066/experimental_design.json	annotations/normalized/PXD047066/biological.json	annotations/normalized/PXD047066/technical.json	annotations/normalized/PXD047066/experimental_design.json
PXD047071	shard_5	complete_3_raw_3_normalized	flags_present	2			not_in_retained_input_manifest	annotations/raw/PXD047071/biological.json	annotations/raw/PXD047071/technical.json	annotations/raw/PXD047071/experimental_design.json	annotations/normalized/PXD047071/biological.json	annotations/normalized/PXD047071/technical.json	annotations/normalized/PXD047071/experimental_design.json
PXD047102	shard_6	complete_3_raw_3_normalized	flags_present	1			not_in_retained_input_manifest	annotations/raw/PXD047102/biological.json	annotations/raw/PXD047102/technical.json	annotations/raw/PXD047102/experimental_design.json	annotations/normalized/PXD047102/biological.json	annotations/normalized/PXD047102/technical.json	annotations/normalized/PXD047102/experimental_design.json
PXD047108	shard_7	complete_3_raw_3_normalized	no_stored_flags	0			not_in_retained_input_manifest	annotations/raw/PXD047108/biological.json	annotations/raw/PXD047108/technical.json	annotations/raw/PXD047108/experimental_design.json	annotations/normalized/PXD047108/biological.json	annotations/normalized/PXD047108/technical.json	annotations/normalized/PXD047108/experimental_design.json
PXD047111	shard_0	complete_3_raw_3_normalized	flags_present	1			not_in_retained_input_manifest	annotations/raw/PXD047111/biological.json	annotations/raw/PXD047111/technical.json	annotations/raw/PXD047111/experimental_design.json	annotations/normalized/PXD047111/biological.json	annotations/normalized/PXD047111/technical.json	annotations/normalized/PXD047111/experimental_design.json
PXD047133	shard_1	complete_3_raw_3_normalized	flags_present	1			not_in_retained_input_manifest	annotations/raw/PXD047133/biological.json	annotations/raw/PXD047133/technical.json	annotations/raw/PXD047133/experimental_design.json	annotations/normalized/PXD047133/biological.json	annotations/normalized/PXD047133/technical.json	annotations/normalized/PXD047133/experimental_design.json
PXD047134	shard_2	complete_3_raw_3_normalized	flags_present	2			not_in_retained_input_manifest	annotations/raw/PXD047134/biological.json	annotations/raw/PXD047134/technical.json	annotations/raw/PXD047134/experimental_design.json	annotations/normalized/PXD047134/biological.json	annotations/normalized/PXD047134/technical.json	annotations/normalized/PXD047134/experimental_design.json
PXD047157	shard_3	complete_3_raw_3_normalized	flags_present	5			not_in_retained_input_manifest	annotations/raw/PXD047157/biological.json	annotations/raw/PXD047157/technical.json	annotations/raw/PXD047157/experimental_design.json	annotations/normalized/PXD047157/biological.json	annotations/normalized/PXD047157/technical.json	annotations/normalized/PXD047157/experimental_design.json
PXD047169	shard_4	complete_3_raw_3_normalized	flags_present	3			not_in_retained_input_manifest	annotations/raw/PXD047169/biological.json	annotations/raw/PXD047169/technical.json	annotations/raw/PXD047169/experimental_design.json	annotations/normalized/PXD047169/biological.json	annotations/normalized/PXD047169/technical.json	annotations/normalized/PXD047169/experimental_design.json
PXD047178	shard_5	complete_3_raw_3_normalized	flags_present	3			not_in_retained_input_manifest	annotations/raw/PXD047178/biological.json	annotations/raw/PXD047178/technical.json	annotations/raw/PXD047178/experimental_design.json	annotations/normalized/PXD047178/biological.json	annotations/normalized/PXD047178/technical.json	annotations/normalized/PXD047178/experimental_design.json
PXD047200	shard_6	complete_3_raw_3_normalized	flags_present	2			not_in_retained_input_manifest	annotations/raw/PXD047200/biological.json	annotations/raw/PXD047200/technical.json	annotations/raw/PXD047200/experimental_design.json	annotations/normalized/PXD047200/biological.json	annotations/normalized/PXD047200/technical.json	annotations/normalized/PXD047200/experimental_design.json
PXD047202	shard_7	complete_3_raw_3_normalized	flags_present	1			not_in_retained_input_manifest	annotations/raw/PXD047202/biological.json	annotations/raw/PXD047202/technical.json	annotations/raw/PXD047202/experimental_design.json	annotations/normalized/PXD047202/biological.json	annotations/normalized/PXD047202/technical.json	annotations/normalized/PXD047202/experimental_design.json
PXD047228	shard_0	complete_3_raw_3_normalized	flags_present	2			not_in_retained_input_manifest	annotations/raw/PXD047228/biological.json	annotations/raw/PXD047228/technical.json	annotations/raw/PXD047228/experimental_design.json	annotations/normalized/PXD047228/biological.json	annotations/normalized/PXD047228/technical.json	annotations/normalized/PXD047228/experimental_design.json
PXD047241	shard_1	complete_3_raw_3_normalized	no_stored_flags	0			not_in_retained_input_manifest	annotations/raw/PXD047241/biological.json	annotations/raw/PXD047241/technical.json	annotations/raw/PXD047241/experimental_design.json	annotations/normalized/PXD047241/biological.json	annotations/normalized/PXD047241/technical.json	annotations/normalized/PXD047241/experimental_design.json
PXD047261	shard_2	complete_3_raw_3_normalized	flags_present	1			not_in_retained_input_manifest	annotations/raw/PXD047261/biological.json	annotations/raw/PXD047261/technical.json	annotations/raw/PXD047261/experimental_design.json	annotations/normalized/PXD047261/biological.json	annotations/normalized/PXD047261/technical.json	annotations/normalized/PXD047261/experimental_design.json
PXD047271	shard_3	complete_3_raw_3_normalized	no_stored_flags	0			not_in_retained_input_manifest	annotations/raw/PXD047271/biological.json	annotations/raw/PXD047271/technical.json	annotations/raw/PXD047271/experimental_design.json	annotations/normalized/PXD047271/biological.json	annotations/normalized/PXD047271/technical.json	annotations/normalized/PXD047271/experimental_design.json
PXD047313	shard_4	complete_3_raw_3_normalized	no_stored_flags	0			not_in_retained_input_manifest	annotations/raw/PXD047313/biological.json	annotations/raw/PXD047313/technical.json	annotations/raw/PXD047313/experimental_design.json	annotations/normalized/PXD047313/biological.json	annotations/normalized/PXD047313/technical.json	annotations/normalized/PXD047313/experimental_design.json
PXD047324	shard_5	complete_3_raw_3_normalized	no_stored_flags	0	experimental_design		not_in_retained_input_manifest	annotations/raw/PXD047324/biological.json	annotations/raw/PXD047324/technical.json	annotations/raw/PXD047324/experimental_design.json	annotations/normalized/PXD047324/biological.json	annotations/normalized/PXD047324/technical.json	annotations/normalized/PXD047324/experimental_design.json
PXD047331	shard_6	complete_3_raw_3_normalized	flags_present	1			not_in_retained_input_manifest	annotations/raw/PXD047331/biological.json	annotations/raw/PXD047331/technical.json	annotations/raw/PXD047331/experimental_design.json	annotations/normalized/PXD047331/biological.json	annotations/normalized/PXD047331/technical.json	annotations/normalized/PXD047331/experimental_design.json
PXD047339	shard_7	complete_3_raw_3_normalized	flags_present	1			not_in_retained_input_manifest	annotations/raw/PXD047339/biological.json	annotations/raw/PXD047339/technical.json	annotations/raw/PXD047339/experimental_design.json	annotations/normalized/PXD047339/biological.json	annotations/normalized/PXD047339/technical.json	annotations/normalized/PXD047339/experimental_design.json
PXD047367	shard_0	complete_3_raw_3_normalized	no_stored_flags	0			not_in_retained_input_manifest	annotations/raw/PXD047367/biological.json	annotations/raw/PXD047367/technical.json	annotations/raw/PXD047367/experimental_design.json	annotations/normalized/PXD047367/biological.json	annotations/normalized/PXD047367/technical.json	annotations/normalized/PXD047367/experimental_design.json
PXD047386	shard_1	complete_3_raw_3_normalized	flags_present	1			not_in_retained_input_manifest	annotations/raw/PXD047386/biological.json	annotations/raw/PXD047386/technical.json	annotations/raw/PXD047386/experimental_design.json	annotations/normalized/PXD047386/biological.json	annotations/normalized/PXD047386/technical.json	annotations/normalized/PXD047386/experimental_design.json
PXD047412	shard_2	complete_3_raw_3_normalized	flags_present	1			not_in_retained_input_manifest	annotations/raw/PXD047412/biological.json	annotations/raw/PXD047412/technical.json	annotations/raw/PXD047412/experimental_design.json	annotations/normalized/PXD047412/biological.json	annotations/normalized/PXD047412/technical.json	annotations/normalized/PXD047412/experimental_design.json
PXD047413	shard_3	complete_3_raw_3_normalized	flags_present	1			not_in_retained_input_manifest	annotations/raw/PXD047413/biological.json	annotations/raw/PXD047413/technical.json	annotations/raw/PXD047413/experimental_design.json	annotations/normalized/PXD047413/biological.json	annotations/normalized/PXD047413/technical.json	annotations/normalized/PXD047413/experimental_design.json
PXD047435	shard_4	complete_3_raw_3_normalized	flags_present	2			not_in_retained_input_manifest	annotations/raw/PXD047435/biological.json	annotations/raw/PXD047435/technical.json	annotations/raw/PXD047435/experimental_design.json	annotations/normalized/PXD047435/biological.json	annotations/normalized/PXD047435/technical.json	annotations/normalized/PXD047435/experimental_design.json
PXD047436	shard_5	complete_3_raw_3_normalized	no_stored_flags	0	experimental_design		not_in_retained_input_manifest	annotations/raw/PXD047436/biological.json	annotations/raw/PXD047436/technical.json	annotations/raw/PXD047436/experimental_design.json	annotations/normalized/PXD047436/biological.json	annotations/normalized/PXD047436/technical.json	annotations/normalized/PXD047436/experimental_design.json
PXD047438	shard_6	complete_3_raw_3_normalized	flags_present	1			not_in_retained_input_manifest	annotations/raw/PXD047438/biological.json	annotations/raw/PXD047438/technical.json	annotations/raw/PXD047438/experimental_design.json	annotations/normalized/PXD047438/biological.json	annotations/normalized/PXD047438/technical.json	annotations/normalized/PXD047438/experimental_design.json
PXD047450	shard_7	complete_3_raw_3_normalized	no_stored_flags	0			not_in_retained_input_manifest	annotations/raw/PXD047450/biological.json	annotations/raw/PXD047450/technical.json	annotations/raw/PXD047450/experimental_design.json	annotations/normalized/PXD047450/biological.json	annotations/normalized/PXD047450/technical.json	annotations/normalized/PXD047450/experimental_design.json
PXD047507	shard_0	complete_3_raw_3_normalized	flags_present	3			not_in_retained_input_manifest	annotations/raw/PXD047507/biological.json	annotations/raw/PXD047507/technical.json	annotations/raw/PXD047507/experimental_design.json	annotations/normalized/PXD047507/biological.json	annotations/normalized/PXD047507/technical.json	annotations/normalized/PXD047507/experimental_design.json
PXD047527	shard_1	complete_3_raw_3_normalized	flags_present	2			not_in_retained_input_manifest	annotations/raw/PXD047527/biological.json	annotations/raw/PXD047527/technical.json	annotations/raw/PXD047527/experimental_design.json	annotations/normalized/PXD047527/biological.json	annotations/normalized/PXD047527/technical.json	annotations/normalized/PXD047527/experimental_design.json
PXD047528	shard_2	complete_3_raw_3_normalized	flags_present	4			not_in_retained_input_manifest	annotations/raw/PXD047528/biological.json	annotations/raw/PXD047528/technical.json	annotations/raw/PXD047528/experimental_design.json	annotations/normalized/PXD047528/biological.json	annotations/normalized/PXD047528/technical.json	annotations/normalized/PXD047528/experimental_design.json
PXD047566	shard_3	complete_3_raw_3_normalized	flags_present	1			not_in_retained_input_manifest	annotations/raw/PXD047566/biological.json	annotations/raw/PXD047566/technical.json	annotations/raw/PXD047566/experimental_design.json	annotations/normalized/PXD047566/biological.json	annotations/normalized/PXD047566/technical.json	annotations/normalized/PXD047566/experimental_design.json
PXD047573	shard_4	complete_3_raw_3_normalized	flags_present	1			not_in_retained_input_manifest	annotations/raw/PXD047573/biological.json	annotations/raw/PXD047573/technical.json	annotations/raw/PXD047573/experimental_design.json	annotations/normalized/PXD047573/biological.json	annotations/normalized/PXD047573/technical.json	annotations/normalized/PXD047573/experimental_design.json
PXD047574	shard_5	complete_3_raw_3_normalized	flags_present	2			not_in_retained_input_manifest	annotations/raw/PXD047574/biological.json	annotations/raw/PXD047574/technical.json	annotations/raw/PXD047574/experimental_design.json	annotations/normalized/PXD047574/biological.json	annotations/normalized/PXD047574/technical.json	annotations/normalized/PXD047574/experimental_design.json
PXD047577	shard_6	complete_3_raw_3_normalized	no_stored_flags	0			not_in_retained_input_manifest	annotations/raw/PXD047577/biological.json	annotations/raw/PXD047577/technical.json	annotations/raw/PXD047577/experimental_design.json	annotations/normalized/PXD047577/biological.json	annotations/normalized/PXD047577/technical.json	annotations/normalized/PXD047577/experimental_design.json
PXD047604	shard_7	complete_3_raw_3_normalized	flags_present	3			not_in_retained_input_manifest	annotations/raw/PXD047604/biological.json	annotations/raw/PXD047604/technical.json	annotations/raw/PXD047604/experimental_design.json	annotations/normalized/PXD047604/biological.json	annotations/normalized/PXD047604/technical.json	annotations/normalized/PXD047604/experimental_design.json
PXD047613	shard_0	complete_3_raw_3_normalized	no_stored_flags	0			not_in_retained_input_manifest	annotations/raw/PXD047613/biological.json	annotations/raw/PXD047613/technical.json	annotations/raw/PXD047613/experimental_design.json	annotations/normalized/PXD047613/biological.json	annotations/normalized/PXD047613/technical.json	annotations/normalized/PXD047613/experimental_design.json
PXD047674	shard_1	complete_3_raw_3_normalized	flags_present	1			not_in_retained_input_manifest	annotations/raw/PXD047674/biological.json	annotations/raw/PXD047674/technical.json	annotations/raw/PXD047674/experimental_design.json	annotations/normalized/PXD047674/biological.json	annotations/normalized/PXD047674/technical.json	annotations/normalized/PXD047674/experimental_design.json
PXD047716	shard_2	complete_3_raw_3_normalized	no_stored_flags	0			not_in_retained_input_manifest	annotations/raw/PXD047716/biological.json	annotations/raw/PXD047716/technical.json	annotations/raw/PXD047716/experimental_design.json	annotations/normalized/PXD047716/biological.json	annotations/normalized/PXD047716/technical.json	annotations/normalized/PXD047716/experimental_design.json
PXD047725	shard_3	complete_3_raw_3_normalized	flags_present	1			not_in_retained_input_manifest	annotations/raw/PXD047725/biological.json	annotations/raw/PXD047725/technical.json	annotations/raw/PXD047725/experimental_design.json	annotations/normalized/PXD047725/biological.json	annotations/normalized/PXD047725/technical.json	annotations/normalized/PXD047725/experimental_design.json
PXD047758	shard_4	complete_3_raw_3_normalized	flags_present	2			not_in_retained_input_manifest	annotations/raw/PXD047758/biological.json	annotations/raw/PXD047758/technical.json	annotations/raw/PXD047758/experimental_design.json	annotations/normalized/PXD047758/biological.json	annotations/normalized/PXD047758/technical.json	annotations/normalized/PXD047758/experimental_design.json
PXD047766	shard_5	complete_3_raw_3_normalized	flags_present	2	experimental_design		not_in_retained_input_manifest	annotations/raw/PXD047766/biological.json	annotations/raw/PXD047766/technical.json	annotations/raw/PXD047766/experimental_design.json	annotations/normalized/PXD047766/biological.json	annotations/normalized/PXD047766/technical.json	annotations/normalized/PXD047766/experimental_design.json
PXD047774	shard_6	complete_3_raw_3_normalized	flags_present	2			not_in_retained_input_manifest	annotations/raw/PXD047774/biological.json	annotations/raw/PXD047774/technical.json	annotations/raw/PXD047774/experimental_design.json	annotations/normalized/PXD047774/biological.json	annotations/normalized/PXD047774/technical.json	annotations/normalized/PXD047774/experimental_design.json
PXD047819	shard_7	complete_3_raw_3_normalized	no_stored_flags	0			not_in_retained_input_manifest	annotations/raw/PXD047819/biological.json	annotations/raw/PXD047819/technical.json	annotations/raw/PXD047819/experimental_design.json	annotations/normalized/PXD047819/biological.json	annotations/normalized/PXD047819/technical.json	annotations/normalized/PXD047819/experimental_design.json
PXD047823	shard_0	complete_3_raw_3_normalized	flags_present	3			not_in_retained_input_manifest	annotations/raw/PXD047823/biological.json	annotations/raw/PXD047823/technical.json	annotations/raw/PXD047823/experimental_design.json	annotations/normalized/PXD047823/biological.json	annotations/normalized/PXD047823/technical.json	annotations/normalized/PXD047823/experimental_design.json
PXD047828	shard_1	complete_3_raw_3_normalized	no_stored_flags	0			not_in_retained_input_manifest	annotations/raw/PXD047828/biological.json	annotations/raw/PXD047828/technical.json	annotations/raw/PXD047828/experimental_design.json	annotations/normalized/PXD047828/biological.json	annotations/normalized/PXD047828/technical.json	annotations/normalized/PXD047828/experimental_design.json
PXD047844	shard_2	complete_3_raw_3_normalized	flags_present	1			not_in_retained_input_manifest	annotations/raw/PXD047844/biological.json	annotations/raw/PXD047844/technical.json	annotations/raw/PXD047844/experimental_design.json	annotations/normalized/PXD047844/biological.json	annotations/normalized/PXD047844/technical.json	annotations/normalized/PXD047844/experimental_design.json
PXD047864	shard_3	complete_3_raw_3_normalized	no_stored_flags	0			not_in_retained_input_manifest	annotations/raw/PXD047864/biological.json	annotations/raw/PXD047864/technical.json	annotations/raw/PXD047864/experimental_design.json	annotations/normalized/PXD047864/biological.json	annotations/normalized/PXD047864/technical.json	annotations/normalized/PXD047864/experimental_design.json
PXD047878	shard_4	complete_3_raw_3_normalized	no_stored_flags	0			not_in_retained_input_manifest	annotations/raw/PXD047878/biological.json	annotations/raw/PXD047878/technical.json	annotations/raw/PXD047878/experimental_design.json	annotations/normalized/PXD047878/biological.json	annotations/normalized/PXD047878/technical.json	annotations/normalized/PXD047878/experimental_design.json
PXD047901	shard_5	complete_3_raw_3_normalized	no_stored_flags	0			not_in_retained_input_manifest	annotations/raw/PXD047901/biological.json	annotations/raw/PXD047901/technical.json	annotations/raw/PXD047901/experimental_design.json	annotations/normalized/PXD047901/biological.json	annotations/normalized/PXD047901/technical.json	annotations/normalized/PXD047901/experimental_design.json
PXD047905	shard_6	complete_3_raw_3_normalized	flags_present	1			not_in_retained_input_manifest	annotations/raw/PXD047905/biological.json	annotations/raw/PXD047905/technical.json	annotations/raw/PXD047905/experimental_design.json	annotations/normalized/PXD047905/biological.json	annotations/normalized/PXD047905/technical.json	annotations/normalized/PXD047905/experimental_design.json
PXD047910	shard_7	complete_3_raw_3_normalized	flags_present	4			not_in_retained_input_manifest	annotations/raw/PXD047910/biological.json	annotations/raw/PXD047910/technical.json	annotations/raw/PXD047910/experimental_design.json	annotations/normalized/PXD047910/biological.json	annotations/normalized/PXD047910/technical.json	annotations/normalized/PXD047910/experimental_design.json
PXD047914	shard_0	complete_3_raw_3_normalized	no_stored_flags	0			not_in_retained_input_manifest	annotations/raw/PXD047914/biological.json	annotations/raw/PXD047914/technical.json	annotations/raw/PXD047914/experimental_design.json	annotations/normalized/PXD047914/biological.json	annotations/normalized/PXD047914/technical.json	annotations/normalized/PXD047914/experimental_design.json
PXD047930	shard_1	complete_3_raw_3_normalized	flags_present	2			not_in_retained_input_manifest	annotations/raw/PXD047930/biological.json	annotations/raw/PXD047930/technical.json	annotations/raw/PXD047930/experimental_design.json	annotations/normalized/PXD047930/biological.json	annotations/normalized/PXD047930/technical.json	annotations/normalized/PXD047930/experimental_design.json
PXD047936	shard_2	complete_3_raw_3_normalized	flags_present	1			not_in_retained_input_manifest	annotations/raw/PXD047936/biological.json	annotations/raw/PXD047936/technical.json	annotations/raw/PXD047936/experimental_design.json	annotations/normalized/PXD047936/biological.json	annotations/normalized/PXD047936/technical.json	annotations/normalized/PXD047936/experimental_design.json
PXD047958	shard_3	complete_3_raw_3_normalized	flags_present	2			not_in_retained_input_manifest	annotations/raw/PXD047958/biological.json	annotations/raw/PXD047958/technical.json	annotations/raw/PXD047958/experimental_design.json	annotations/normalized/PXD047958/biological.json	annotations/normalized/PXD047958/technical.json	annotations/normalized/PXD047958/experimental_design.json
PXD047979	shard_4	complete_3_raw_3_normalized	flags_present	8			not_in_retained_input_manifest	annotations/raw/PXD047979/biological.json	annotations/raw/PXD047979/technical.json	annotations/raw/PXD047979/experimental_design.json	annotations/normalized/PXD047979/biological.json	annotations/normalized/PXD047979/technical.json	annotations/normalized/PXD047979/experimental_design.json
PXD047989	shard_5	complete_3_raw_3_normalized	flags_present	1	technical		not_in_retained_input_manifest	annotations/raw/PXD047989/biological.json	annotations/raw/PXD047989/technical.json	annotations/raw/PXD047989/experimental_design.json	annotations/normalized/PXD047989/biological.json	annotations/normalized/PXD047989/technical.json	annotations/normalized/PXD047989/experimental_design.json
PXD048004	shard_6	complete_3_raw_3_normalized	flags_present	1			not_in_retained_input_manifest	annotations/raw/PXD048004/biological.json	annotations/raw/PXD048004/technical.json	annotations/raw/PXD048004/experimental_design.json	annotations/normalized/PXD048004/biological.json	annotations/normalized/PXD048004/technical.json	annotations/normalized/PXD048004/experimental_design.json
PXD048009	shard_7	complete_3_raw_3_normalized	no_stored_flags	0			not_in_retained_input_manifest	annotations/raw/PXD048009/biological.json	annotations/raw/PXD048009/technical.json	annotations/raw/PXD048009/experimental_design.json	annotations/normalized/PXD048009/biological.json	annotations/normalized/PXD048009/technical.json	annotations/normalized/PXD048009/experimental_design.json
PXD048018	shard_0	complete_3_raw_3_normalized	flags_present	4			not_in_retained_input_manifest	annotations/raw/PXD048018/biological.json	annotations/raw/PXD048018/technical.json	annotations/raw/PXD048018/experimental_design.json	annotations/normalized/PXD048018/biological.json	annotations/normalized/PXD048018/technical.json	annotations/normalized/PXD048018/experimental_design.json
PXD048034	shard_1	complete_3_raw_3_normalized	flags_present	1			not_in_retained_input_manifest	annotations/raw/PXD048034/biological.json	annotations/raw/PXD048034/technical.json	annotations/raw/PXD048034/experimental_design.json	annotations/normalized/PXD048034/biological.json	annotations/normalized/PXD048034/technical.json	annotations/normalized/PXD048034/experimental_design.json
PXD048041	shard_2	complete_3_raw_3_normalized	flags_present	1			not_in_retained_input_manifest	annotations/raw/PXD048041/biological.json	annotations/raw/PXD048041/technical.json	annotations/raw/PXD048041/experimental_design.json	annotations/normalized/PXD048041/biological.json	annotations/normalized/PXD048041/technical.json	annotations/normalized/PXD048041/experimental_design.json
PXD048054	shard_3	complete_3_raw_3_normalized	flags_present	2			not_in_retained_input_manifest	annotations/raw/PXD048054/biological.json	annotations/raw/PXD048054/technical.json	annotations/raw/PXD048054/experimental_design.json	annotations/normalized/PXD048054/biological.json	annotations/normalized/PXD048054/technical.json	annotations/normalized/PXD048054/experimental_design.json
PXD048082	shard_4	complete_3_raw_3_normalized	flags_present	2			not_in_retained_input_manifest	annotations/raw/PXD048082/biological.json	annotations/raw/PXD048082/technical.json	annotations/raw/PXD048082/experimental_design.json	annotations/normalized/PXD048082/biological.json	annotations/normalized/PXD048082/technical.json	annotations/normalized/PXD048082/experimental_design.json
PXD048091	shard_5	complete_3_raw_3_normalized	flags_present	1			not_in_retained_input_manifest	annotations/raw/PXD048091/biological.json	annotations/raw/PXD048091/technical.json	annotations/raw/PXD048091/experimental_design.json	annotations/normalized/PXD048091/biological.json	annotations/normalized/PXD048091/technical.json	annotations/normalized/PXD048091/experimental_design.json
PXD048098	shard_6	complete_3_raw_3_normalized	no_stored_flags	0			not_in_retained_input_manifest	annotations/raw/PXD048098/biological.json	annotations/raw/PXD048098/technical.json	annotations/raw/PXD048098/experimental_design.json	annotations/normalized/PXD048098/biological.json	annotations/normalized/PXD048098/technical.json	annotations/normalized/PXD048098/experimental_design.json
PXD048101	shard_7	complete_3_raw_3_normalized	flags_present	1			not_in_retained_input_manifest	annotations/raw/PXD048101/biological.json	annotations/raw/PXD048101/technical.json	annotations/raw/PXD048101/experimental_design.json	annotations/normalized/PXD048101/biological.json	annotations/normalized/PXD048101/technical.json	annotations/normalized/PXD048101/experimental_design.json
PXD048102	shard_0	complete_3_raw_3_normalized	flags_present	1			not_in_retained_input_manifest	annotations/raw/PXD048102/biological.json	annotations/raw/PXD048102/technical.json	annotations/raw/PXD048102/experimental_design.json	annotations/normalized/PXD048102/biological.json	annotations/normalized/PXD048102/technical.json	annotations/normalized/PXD048102/experimental_design.json
PXD048170	shard_1	complete_3_raw_3_normalized	flags_present	1			not_in_retained_input_manifest	annotations/raw/PXD048170/biological.json	annotations/raw/PXD048170/technical.json	annotations/raw/PXD048170/experimental_design.json	annotations/normalized/PXD048170/biological.json	annotations/normalized/PXD048170/technical.json	annotations/normalized/PXD048170/experimental_design.json
PXD048180	shard_2	complete_3_raw_3_normalized	no_stored_flags	0			not_in_retained_input_manifest	annotations/raw/PXD048180/biological.json	annotations/raw/PXD048180/technical.json	annotations/raw/PXD048180/experimental_design.json	annotations/normalized/PXD048180/biological.json	annotations/normalized/PXD048180/technical.json	annotations/normalized/PXD048180/experimental_design.json
PXD048186	shard_3	complete_3_raw_3_normalized	flags_present	4			not_in_retained_input_manifest	annotations/raw/PXD048186/biological.json	annotations/raw/PXD048186/technical.json	annotations/raw/PXD048186/experimental_design.json	annotations/normalized/PXD048186/biological.json	annotations/normalized/PXD048186/technical.json	annotations/normalized/PXD048186/experimental_design.json
PXD048225	shard_4	complete_3_raw_3_normalized	no_stored_flags	0			not_in_retained_input_manifest	annotations/raw/PXD048225/biological.json	annotations/raw/PXD048225/technical.json	annotations/raw/PXD048225/experimental_design.json	annotations/normalized/PXD048225/biological.json	annotations/normalized/PXD048225/technical.json	annotations/normalized/PXD048225/experimental_design.json
PXD048228	shard_5	complete_3_raw_3_normalized	flags_present	2	technical		not_in_retained_input_manifest	annotations/raw/PXD048228/biological.json	annotations/raw/PXD048228/technical.json	annotations/raw/PXD048228/experimental_design.json	annotations/normalized/PXD048228/biological.json	annotations/normalized/PXD048228/technical.json	annotations/normalized/PXD048228/experimental_design.json
PXD048312	shard_6	complete_3_raw_3_normalized	no_stored_flags	0			not_in_retained_input_manifest	annotations/raw/PXD048312/biological.json	annotations/raw/PXD048312/technical.json	annotations/raw/PXD048312/experimental_design.json	annotations/normalized/PXD048312/biological.json	annotations/normalized/PXD048312/technical.json	annotations/normalized/PXD048312/experimental_design.json
PXD048323	shard_7	complete_3_raw_3_normalized	flags_present	1			not_in_retained_input_manifest	annotations/raw/PXD048323/biological.json	annotations/raw/PXD048323/technical.json	annotations/raw/PXD048323/experimental_design.json	annotations/normalized/PXD048323/biological.json	annotations/normalized/PXD048323/technical.json	annotations/normalized/PXD048323/experimental_design.json
PXD048361	shard_0	complete_3_raw_3_normalized	flags_present	1			not_in_retained_input_manifest	annotations/raw/PXD048361/biological.json	annotations/raw/PXD048361/technical.json	annotations/raw/PXD048361/experimental_design.json	annotations/normalized/PXD048361/biological.json	annotations/normalized/PXD048361/technical.json	annotations/normalized/PXD048361/experimental_design.json
PXD048380	shard_1	complete_3_raw_3_normalized	no_stored_flags	0			not_in_retained_input_manifest	annotations/raw/PXD048380/biological.json	annotations/raw/PXD048380/technical.json	annotations/raw/PXD048380/experimental_design.json	annotations/normalized/PXD048380/biological.json	annotations/normalized/PXD048380/technical.json	annotations/normalized/PXD048380/experimental_design.json
PXD048393	shard_2	complete_3_raw_3_normalized	no_stored_flags	0			not_in_retained_input_manifest	annotations/raw/PXD048393/biological.json	annotations/raw/PXD048393/technical.json	annotations/raw/PXD048393/experimental_design.json	annotations/normalized/PXD048393/biological.json	annotations/normalized/PXD048393/technical.json	annotations/normalized/PXD048393/experimental_design.json
PXD048450	shard_3	complete_3_raw_3_normalized	flags_present	3			not_in_retained_input_manifest	annotations/raw/PXD048450/biological.json	annotations/raw/PXD048450/technical.json	annotations/raw/PXD048450/experimental_design.json	annotations/normalized/PXD048450/biological.json	annotations/normalized/PXD048450/technical.json	annotations/normalized/PXD048450/experimental_design.json
PXD048460	shard_4	complete_3_raw_3_normalized	flags_present	1			not_in_retained_input_manifest	annotations/raw/PXD048460/biological.json	annotations/raw/PXD048460/technical.json	annotations/raw/PXD048460/experimental_design.json	annotations/normalized/PXD048460/biological.json	annotations/normalized/PXD048460/technical.json	annotations/normalized/PXD048460/experimental_design.json
PXD048464	shard_5	complete_3_raw_3_normalized	no_stored_flags	0			not_in_retained_input_manifest	annotations/raw/PXD048464/biological.json	annotations/raw/PXD048464/technical.json	annotations/raw/PXD048464/experimental_design.json	annotations/normalized/PXD048464/biological.json	annotations/normalized/PXD048464/technical.json	annotations/normalized/PXD048464/experimental_design.json
PXD048479	shard_6	complete_3_raw_3_normalized	no_stored_flags	0			not_in_retained_input_manifest	annotations/raw/PXD048479/biological.json	annotations/raw/PXD048479/technical.json	annotations/raw/PXD048479/experimental_design.json	annotations/normalized/PXD048479/biological.json	annotations/normalized/PXD048479/technical.json	annotations/normalized/PXD048479/experimental_design.json
PXD048503	shard_7	complete_3_raw_3_normalized	flags_present	3			not_in_retained_input_manifest	annotations/raw/PXD048503/biological.json	annotations/raw/PXD048503/technical.json	annotations/raw/PXD048503/experimental_design.json	annotations/normalized/PXD048503/biological.json	annotations/normalized/PXD048503/technical.json	annotations/normalized/PXD048503/experimental_design.json
PXD048511	shard_0	complete_3_raw_3_normalized	flags_present	1			not_in_retained_input_manifest	annotations/raw/PXD048511/biological.json	annotations/raw/PXD048511/technical.json	annotations/raw/PXD048511/experimental_design.json	annotations/normalized/PXD048511/biological.json	annotations/normalized/PXD048511/technical.json	annotations/normalized/PXD048511/experimental_design.json
PXD048529	shard_1	complete_3_raw_3_normalized	flags_present	1			not_in_retained_input_manifest	annotations/raw/PXD048529/biological.json	annotations/raw/PXD048529/technical.json	annotations/raw/PXD048529/experimental_design.json	annotations/normalized/PXD048529/biological.json	annotations/normalized/PXD048529/technical.json	annotations/normalized/PXD048529/experimental_design.json
PXD048532	shard_2	complete_3_raw_3_normalized	no_stored_flags	0			not_in_retained_input_manifest	annotations/raw/PXD048532/biological.json	annotations/raw/PXD048532/technical.json	annotations/raw/PXD048532/experimental_design.json	annotations/normalized/PXD048532/biological.json	annotations/normalized/PXD048532/technical.json	annotations/normalized/PXD048532/experimental_design.json
PXD048534	shard_3	complete_3_raw_3_normalized	no_stored_flags	0			not_in_retained_input_manifest	annotations/raw/PXD048534/biological.json	annotations/raw/PXD048534/technical.json	annotations/raw/PXD048534/experimental_design.json	annotations/normalized/PXD048534/biological.json	annotations/normalized/PXD048534/technical.json	annotations/normalized/PXD048534/experimental_design.json
PXD048538	shard_4	complete_3_raw_3_normalized	flags_present	8			not_in_retained_input_manifest	annotations/raw/PXD048538/biological.json	annotations/raw/PXD048538/technical.json	annotations/raw/PXD048538/experimental_design.json	annotations/normalized/PXD048538/biological.json	annotations/normalized/PXD048538/technical.json	annotations/normalized/PXD048538/experimental_design.json
PXD048553	shard_5	complete_3_raw_3_normalized	flags_present	1			not_in_retained_input_manifest	annotations/raw/PXD048553/biological.json	annotations/raw/PXD048553/technical.json	annotations/raw/PXD048553/experimental_design.json	annotations/normalized/PXD048553/biological.json	annotations/normalized/PXD048553/technical.json	annotations/normalized/PXD048553/experimental_design.json
PXD048556	shard_6	complete_3_raw_3_normalized	flags_present	1			not_in_retained_input_manifest	annotations/raw/PXD048556/biological.json	annotations/raw/PXD048556/technical.json	annotations/raw/PXD048556/experimental_design.json	annotations/normalized/PXD048556/biological.json	annotations/normalized/PXD048556/technical.json	annotations/normalized/PXD048556/experimental_design.json
PXD048589	shard_7	complete_3_raw_3_normalized	flags_present	3			not_in_retained_input_manifest	annotations/raw/PXD048589/biological.json	annotations/raw/PXD048589/technical.json	annotations/raw/PXD048589/experimental_design.json	annotations/normalized/PXD048589/biological.json	annotations/normalized/PXD048589/technical.json	annotations/normalized/PXD048589/experimental_design.json
PXD048603	shard_0	complete_3_raw_3_normalized	flags_present	3			not_in_retained_input_manifest	annotations/raw/PXD048603/biological.json	annotations/raw/PXD048603/technical.json	annotations/raw/PXD048603/experimental_design.json	annotations/normalized/PXD048603/biological.json	annotations/normalized/PXD048603/technical.json	annotations/normalized/PXD048603/experimental_design.json
PXD048606	shard_1	complete_3_raw_3_normalized	flags_present	1			not_in_retained_input_manifest	annotations/raw/PXD048606/biological.json	annotations/raw/PXD048606/technical.json	annotations/raw/PXD048606/experimental_design.json	annotations/normalized/PXD048606/biological.json	annotations/normalized/PXD048606/technical.json	annotations/normalized/PXD048606/experimental_design.json
PXD048618	shard_2	complete_3_raw_3_normalized	flags_present	1			not_in_retained_input_manifest	annotations/raw/PXD048618/biological.json	annotations/raw/PXD048618/technical.json	annotations/raw/PXD048618/experimental_design.json	annotations/normalized/PXD048618/biological.json	annotations/normalized/PXD048618/technical.json	annotations/normalized/PXD048618/experimental_design.json
PXD048623	shard_3	complete_3_raw_3_normalized	no_stored_flags	0			not_in_retained_input_manifest	annotations/raw/PXD048623/biological.json	annotations/raw/PXD048623/technical.json	annotations/raw/PXD048623/experimental_design.json	annotations/normalized/PXD048623/biological.json	annotations/normalized/PXD048623/technical.json	annotations/normalized/PXD048623/experimental_design.json
PXD048637	shard_4	complete_3_raw_3_normalized	no_stored_flags	0			not_in_retained_input_manifest	annotations/raw/PXD048637/biological.json	annotations/raw/PXD048637/technical.json	annotations/raw/PXD048637/experimental_design.json	annotations/normalized/PXD048637/biological.json	annotations/normalized/PXD048637/technical.json	annotations/normalized/PXD048637/experimental_design.json
PXD048645	shard_5	complete_3_raw_3_normalized	no_stored_flags	0	experimental_design		not_in_retained_input_manifest	annotations/raw/PXD048645/biological.json	annotations/raw/PXD048645/technical.json	annotations/raw/PXD048645/experimental_design.json	annotations/normalized/PXD048645/biological.json	annotations/normalized/PXD048645/technical.json	annotations/normalized/PXD048645/experimental_design.json
PXD048647	shard_6	complete_3_raw_3_normalized	flags_present	1			not_in_retained_input_manifest	annotations/raw/PXD048647/biological.json	annotations/raw/PXD048647/technical.json	annotations/raw/PXD048647/experimental_design.json	annotations/normalized/PXD048647/biological.json	annotations/normalized/PXD048647/technical.json	annotations/normalized/PXD048647/experimental_design.json
PXD048675	shard_7	complete_3_raw_3_normalized	no_stored_flags	0			not_in_retained_input_manifest	annotations/raw/PXD048675/biological.json	annotations/raw/PXD048675/technical.json	annotations/raw/PXD048675/experimental_design.json	annotations/normalized/PXD048675/biological.json	annotations/normalized/PXD048675/technical.json	annotations/normalized/PXD048675/experimental_design.json
PXD048682	shard_0	complete_3_raw_3_normalized	flags_present	1			not_in_retained_input_manifest	annotations/raw/PXD048682/biological.json	annotations/raw/PXD048682/technical.json	annotations/raw/PXD048682/experimental_design.json	annotations/normalized/PXD048682/biological.json	annotations/normalized/PXD048682/technical.json	annotations/normalized/PXD048682/experimental_design.json
PXD048691	shard_1	complete_3_raw_3_normalized	flags_present	5			not_in_retained_input_manifest	annotations/raw/PXD048691/biological.json	annotations/raw/PXD048691/technical.json	annotations/raw/PXD048691/experimental_design.json	annotations/normalized/PXD048691/biological.json	annotations/normalized/PXD048691/technical.json	annotations/normalized/PXD048691/experimental_design.json
PXD048696	shard_2	complete_3_raw_3_normalized	flags_present	3			not_in_retained_input_manifest	annotations/raw/PXD048696/biological.json	annotations/raw/PXD048696/technical.json	annotations/raw/PXD048696/experimental_design.json	annotations/normalized/PXD048696/biological.json	annotations/normalized/PXD048696/technical.json	annotations/normalized/PXD048696/experimental_design.json
PXD048718	shard_3	complete_3_raw_3_normalized	flags_present	1			not_in_retained_input_manifest	annotations/raw/PXD048718/biological.json	annotations/raw/PXD048718/technical.json	annotations/raw/PXD048718/experimental_design.json	annotations/normalized/PXD048718/biological.json	annotations/normalized/PXD048718/technical.json	annotations/normalized/PXD048718/experimental_design.json
PXD048734	shard_4	complete_3_raw_3_normalized	no_stored_flags	0			not_in_retained_input_manifest	annotations/raw/PXD048734/biological.json	annotations/raw/PXD048734/technical.json	annotations/raw/PXD048734/experimental_design.json	annotations/normalized/PXD048734/biological.json	annotations/normalized/PXD048734/technical.json	annotations/normalized/PXD048734/experimental_design.json
PXD048767	shard_5	complete_3_raw_3_normalized	no_stored_flags	0			not_in_retained_input_manifest	annotations/raw/PXD048767/biological.json	annotations/raw/PXD048767/technical.json	annotations/raw/PXD048767/experimental_design.json	annotations/normalized/PXD048767/biological.json	annotations/normalized/PXD048767/technical.json	annotations/normalized/PXD048767/experimental_design.json
PXD048830	shard_6	complete_3_raw_3_normalized	flags_present	1			not_in_retained_input_manifest	annotations/raw/PXD048830/biological.json	annotations/raw/PXD048830/technical.json	annotations/raw/PXD048830/experimental_design.json	annotations/normalized/PXD048830/biological.json	annotations/normalized/PXD048830/technical.json	annotations/normalized/PXD048830/experimental_design.json
PXD048839	shard_7	complete_3_raw_3_normalized	no_stored_flags	0			not_in_retained_input_manifest	annotations/raw/PXD048839/biological.json	annotations/raw/PXD048839/technical.json	annotations/raw/PXD048839/experimental_design.json	annotations/normalized/PXD048839/biological.json	annotations/normalized/PXD048839/technical.json	annotations/normalized/PXD048839/experimental_design.json
PXD048840	shard_0	complete_3_raw_3_normalized	no_stored_flags	0			not_in_retained_input_manifest	annotations/raw/PXD048840/biological.json	annotations/raw/PXD048840/technical.json	annotations/raw/PXD048840/experimental_design.json	annotations/normalized/PXD048840/biological.json	annotations/normalized/PXD048840/technical.json	annotations/normalized/PXD048840/experimental_design.json
PXD048849	shard_1	complete_3_raw_3_normalized	no_stored_flags	0			not_in_retained_input_manifest	annotations/raw/PXD048849/biological.json	annotations/raw/PXD048849/technical.json	annotations/raw/PXD048849/experimental_design.json	annotations/normalized/PXD048849/biological.json	annotations/normalized/PXD048849/technical.json	annotations/normalized/PXD048849/experimental_design.json
PXD048853	shard_2	complete_3_raw_3_normalized	flags_present	2			not_in_retained_input_manifest	annotations/raw/PXD048853/biological.json	annotations/raw/PXD048853/technical.json	annotations/raw/PXD048853/experimental_design.json	annotations/normalized/PXD048853/biological.json	annotations/normalized/PXD048853/technical.json	annotations/normalized/PXD048853/experimental_design.json
PXD048866	shard_3	complete_3_raw_3_normalized	flags_present	4			not_in_retained_input_manifest	annotations/raw/PXD048866/biological.json	annotations/raw/PXD048866/technical.json	annotations/raw/PXD048866/experimental_design.json	annotations/normalized/PXD048866/biological.json	annotations/normalized/PXD048866/technical.json	annotations/normalized/PXD048866/experimental_design.json
PXD048880	shard_4	complete_3_raw_3_normalized	flags_present	3			not_in_retained_input_manifest	annotations/raw/PXD048880/biological.json	annotations/raw/PXD048880/technical.json	annotations/raw/PXD048880/experimental_design.json	annotations/normalized/PXD048880/biological.json	annotations/normalized/PXD048880/technical.json	annotations/normalized/PXD048880/experimental_design.json
PXD048906	shard_5	complete_3_raw_3_normalized	flags_present	1			not_in_retained_input_manifest	annotations/raw/PXD048906/biological.json	annotations/raw/PXD048906/technical.json	annotations/raw/PXD048906/experimental_design.json	annotations/normalized/PXD048906/biological.json	annotations/normalized/PXD048906/technical.json	annotations/normalized/PXD048906/experimental_design.json
PXD048929	shard_6	complete_3_raw_3_normalized	flags_present	1			not_in_retained_input_manifest	annotations/raw/PXD048929/biological.json	annotations/raw/PXD048929/technical.json	annotations/raw/PXD048929/experimental_design.json	annotations/normalized/PXD048929/biological.json	annotations/normalized/PXD048929/technical.json	annotations/normalized/PXD048929/experimental_design.json
PXD048931	shard_7	complete_3_raw_3_normalized	flags_present	2			not_in_retained_input_manifest	annotations/raw/PXD048931/biological.json	annotations/raw/PXD048931/technical.json	annotations/raw/PXD048931/experimental_design.json	annotations/normalized/PXD048931/biological.json	annotations/normalized/PXD048931/technical.json	annotations/normalized/PXD048931/experimental_design.json
PXD048934	shard_0	complete_3_raw_3_normalized	flags_present	2			not_in_retained_input_manifest	annotations/raw/PXD048934/biological.json	annotations/raw/PXD048934/technical.json	annotations/raw/PXD048934/experimental_design.json	annotations/normalized/PXD048934/biological.json	annotations/normalized/PXD048934/technical.json	annotations/normalized/PXD048934/experimental_design.json
PXD048938	shard_1	complete_3_raw_3_normalized	flags_present	2			not_in_retained_input_manifest	annotations/raw/PXD048938/biological.json	annotations/raw/PXD048938/technical.json	annotations/raw/PXD048938/experimental_design.json	annotations/normalized/PXD048938/biological.json	annotations/normalized/PXD048938/technical.json	annotations/normalized/PXD048938/experimental_design.json
PXD048963	shard_2	complete_3_raw_3_normalized	no_stored_flags	0			not_in_retained_input_manifest	annotations/raw/PXD048963/biological.json	annotations/raw/PXD048963/technical.json	annotations/raw/PXD048963/experimental_design.json	annotations/normalized/PXD048963/biological.json	annotations/normalized/PXD048963/technical.json	annotations/normalized/PXD048963/experimental_design.json
PXD048968	shard_3	complete_3_raw_3_normalized	no_stored_flags	0			not_in_retained_input_manifest	annotations/raw/PXD048968/biological.json	annotations/raw/PXD048968/technical.json	annotations/raw/PXD048968/experimental_design.json	annotations/normalized/PXD048968/biological.json	annotations/normalized/PXD048968/technical.json	annotations/normalized/PXD048968/experimental_design.json
PXD048975	shard_4	complete_3_raw_3_normalized	flags_present	2			not_in_retained_input_manifest	annotations/raw/PXD048975/biological.json	annotations/raw/PXD048975/technical.json	annotations/raw/PXD048975/experimental_design.json	annotations/normalized/PXD048975/biological.json	annotations/normalized/PXD048975/technical.json	annotations/normalized/PXD048975/experimental_design.json
PXD049018	shard_5	complete_3_raw_3_normalized	flags_present	1			not_in_retained_input_manifest	annotations/raw/PXD049018/biological.json	annotations/raw/PXD049018/technical.json	annotations/raw/PXD049018/experimental_design.json	annotations/normalized/PXD049018/biological.json	annotations/normalized/PXD049018/technical.json	annotations/normalized/PXD049018/experimental_design.json
PXD049019	shard_6	complete_3_raw_3_normalized	flags_present	3			not_in_retained_input_manifest	annotations/raw/PXD049019/biological.json	annotations/raw/PXD049019/technical.json	annotations/raw/PXD049019/experimental_design.json	annotations/normalized/PXD049019/biological.json	annotations/normalized/PXD049019/technical.json	annotations/normalized/PXD049019/experimental_design.json
PXD049034	shard_7	complete_3_raw_3_normalized	flags_present	3			not_in_retained_input_manifest	annotations/raw/PXD049034/biological.json	annotations/raw/PXD049034/technical.json	annotations/raw/PXD049034/experimental_design.json	annotations/normalized/PXD049034/biological.json	annotations/normalized/PXD049034/technical.json	annotations/normalized/PXD049034/experimental_design.json
PXD049067	shard_0	complete_3_raw_3_normalized	flags_present	1			not_in_retained_input_manifest	annotations/raw/PXD049067/biological.json	annotations/raw/PXD049067/technical.json	annotations/raw/PXD049067/experimental_design.json	annotations/normalized/PXD049067/biological.json	annotations/normalized/PXD049067/technical.json	annotations/normalized/PXD049067/experimental_design.json
PXD049082	shard_1	complete_3_raw_3_normalized	no_stored_flags	0			not_in_retained_input_manifest	annotations/raw/PXD049082/biological.json	annotations/raw/PXD049082/technical.json	annotations/raw/PXD049082/experimental_design.json	annotations/normalized/PXD049082/biological.json	annotations/normalized/PXD049082/technical.json	annotations/normalized/PXD049082/experimental_design.json
PXD049087	shard_2	complete_3_raw_3_normalized	no_stored_flags	0			not_in_retained_input_manifest	annotations/raw/PXD049087/biological.json	annotations/raw/PXD049087/technical.json	annotations/raw/PXD049087/experimental_design.json	annotations/normalized/PXD049087/biological.json	annotations/normalized/PXD049087/technical.json	annotations/normalized/PXD049087/experimental_design.json
PXD049091	shard_3	complete_3_raw_3_normalized	no_stored_flags	0			not_in_retained_input_manifest	annotations/raw/PXD049091/biological.json	annotations/raw/PXD049091/technical.json	annotations/raw/PXD049091/experimental_design.json	annotations/normalized/PXD049091/biological.json	annotations/normalized/PXD049091/technical.json	annotations/normalized/PXD049091/experimental_design.json
PXD049116	shard_4	complete_3_raw_3_normalized	flags_present	1			not_in_retained_input_manifest	annotations/raw/PXD049116/biological.json	annotations/raw/PXD049116/technical.json	annotations/raw/PXD049116/experimental_design.json	annotations/normalized/PXD049116/biological.json	annotations/normalized/PXD049116/technical.json	annotations/normalized/PXD049116/experimental_design.json
PXD049181	shard_5	complete_3_raw_3_normalized	flags_present	2	technical		not_in_retained_input_manifest	annotations/raw/PXD049181/biological.json	annotations/raw/PXD049181/technical.json	annotations/raw/PXD049181/experimental_design.json	annotations/normalized/PXD049181/biological.json	annotations/normalized/PXD049181/technical.json	annotations/normalized/PXD049181/experimental_design.json
PXD049211	shard_6	complete_3_raw_3_normalized	flags_present	6			not_in_retained_input_manifest	annotations/raw/PXD049211/biological.json	annotations/raw/PXD049211/technical.json	annotations/raw/PXD049211/experimental_design.json	annotations/normalized/PXD049211/biological.json	annotations/normalized/PXD049211/technical.json	annotations/normalized/PXD049211/experimental_design.json
PXD049235	shard_7	complete_3_raw_3_normalized	no_stored_flags	0			not_in_retained_input_manifest	annotations/raw/PXD049235/biological.json	annotations/raw/PXD049235/technical.json	annotations/raw/PXD049235/experimental_design.json	annotations/normalized/PXD049235/biological.json	annotations/normalized/PXD049235/technical.json	annotations/normalized/PXD049235/experimental_design.json
PXD049249	shard_0	complete_3_raw_3_normalized	flags_present	1			not_in_retained_input_manifest	annotations/raw/PXD049249/biological.json	annotations/raw/PXD049249/technical.json	annotations/raw/PXD049249/experimental_design.json	annotations/normalized/PXD049249/biological.json	annotations/normalized/PXD049249/technical.json	annotations/normalized/PXD049249/experimental_design.json
PXD049261	shard_1	complete_3_raw_3_normalized	flags_present	2			not_in_retained_input_manifest	annotations/raw/PXD049261/biological.json	annotations/raw/PXD049261/technical.json	annotations/raw/PXD049261/experimental_design.json	annotations/normalized/PXD049261/biological.json	annotations/normalized/PXD049261/technical.json	annotations/normalized/PXD049261/experimental_design.json
PXD049284	shard_2	complete_3_raw_3_normalized	no_stored_flags	0			not_in_retained_input_manifest	annotations/raw/PXD049284/biological.json	annotations/raw/PXD049284/technical.json	annotations/raw/PXD049284/experimental_design.json	annotations/normalized/PXD049284/biological.json	annotations/normalized/PXD049284/technical.json	annotations/normalized/PXD049284/experimental_design.json
PXD049295	shard_3	complete_3_raw_3_normalized	no_stored_flags	0			not_in_retained_input_manifest	annotations/raw/PXD049295/biological.json	annotations/raw/PXD049295/technical.json	annotations/raw/PXD049295/experimental_design.json	annotations/normalized/PXD049295/biological.json	annotations/normalized/PXD049295/technical.json	annotations/normalized/PXD049295/experimental_design.json
PXD049299	shard_4	complete_3_raw_3_normalized	no_stored_flags	0			not_in_retained_input_manifest	annotations/raw/PXD049299/biological.json	annotations/raw/PXD049299/technical.json	annotations/raw/PXD049299/experimental_design.json	annotations/normalized/PXD049299/biological.json	annotations/normalized/PXD049299/technical.json	annotations/normalized/PXD049299/experimental_design.json
PXD049302	shard_5	complete_3_raw_3_normalized	flags_present	1			not_in_retained_input_manifest	annotations/raw/PXD049302/biological.json	annotations/raw/PXD049302/technical.json	annotations/raw/PXD049302/experimental_design.json	annotations/normalized/PXD049302/biological.json	annotations/normalized/PXD049302/technical.json	annotations/normalized/PXD049302/experimental_design.json
PXD049330	shard_6	complete_3_raw_3_normalized	no_stored_flags	0			not_in_retained_input_manifest	annotations/raw/PXD049330/biological.json	annotations/raw/PXD049330/technical.json	annotations/raw/PXD049330/experimental_design.json	annotations/normalized/PXD049330/biological.json	annotations/normalized/PXD049330/technical.json	annotations/normalized/PXD049330/experimental_design.json
PXD049336	shard_7	complete_3_raw_3_normalized	flags_present	3			not_in_retained_input_manifest	annotations/raw/PXD049336/biological.json	annotations/raw/PXD049336/technical.json	annotations/raw/PXD049336/experimental_design.json	annotations/normalized/PXD049336/biological.json	annotations/normalized/PXD049336/technical.json	annotations/normalized/PXD049336/experimental_design.json
PXD049339	shard_0	complete_3_raw_3_normalized	no_stored_flags	0			not_in_retained_input_manifest	annotations/raw/PXD049339/biological.json	annotations/raw/PXD049339/technical.json	annotations/raw/PXD049339/experimental_design.json	annotations/normalized/PXD049339/biological.json	annotations/normalized/PXD049339/technical.json	annotations/normalized/PXD049339/experimental_design.json
PXD049366	shard_1	complete_3_raw_3_normalized	no_stored_flags	0			not_in_retained_input_manifest	annotations/raw/PXD049366/biological.json	annotations/raw/PXD049366/technical.json	annotations/raw/PXD049366/experimental_design.json	annotations/normalized/PXD049366/biological.json	annotations/normalized/PXD049366/technical.json	annotations/normalized/PXD049366/experimental_design.json
PXD049377	shard_2	complete_3_raw_3_normalized	flags_present	1			not_in_retained_input_manifest	annotations/raw/PXD049377/biological.json	annotations/raw/PXD049377/technical.json	annotations/raw/PXD049377/experimental_design.json	annotations/normalized/PXD049377/biological.json	annotations/normalized/PXD049377/technical.json	annotations/normalized/PXD049377/experimental_design.json
PXD049427	shard_3	complete_3_raw_3_normalized	flags_present	1			not_in_retained_input_manifest	annotations/raw/PXD049427/biological.json	annotations/raw/PXD049427/technical.json	annotations/raw/PXD049427/experimental_design.json	annotations/normalized/PXD049427/biological.json	annotations/normalized/PXD049427/technical.json	annotations/normalized/PXD049427/experimental_design.json
PXD049681	shard_4	complete_3_raw_3_normalized	flags_present	1			not_in_retained_input_manifest	annotations/raw/PXD049681/biological.json	annotations/raw/PXD049681/technical.json	annotations/raw/PXD049681/experimental_design.json	annotations/normalized/PXD049681/biological.json	annotations/normalized/PXD049681/technical.json	annotations/normalized/PXD049681/experimental_design.json
PXD049682	shard_5	complete_3_raw_3_normalized	flags_present	2			not_in_retained_input_manifest	annotations/raw/PXD049682/biological.json	annotations/raw/PXD049682/technical.json	annotations/raw/PXD049682/experimental_design.json	annotations/normalized/PXD049682/biological.json	annotations/normalized/PXD049682/technical.json	annotations/normalized/PXD049682/experimental_design.json
PXD049684	shard_6	complete_3_raw_3_normalized	flags_present	1			not_in_retained_input_manifest	annotations/raw/PXD049684/biological.json	annotations/raw/PXD049684/technical.json	annotations/raw/PXD049684/experimental_design.json	annotations/normalized/PXD049684/biological.json	annotations/normalized/PXD049684/technical.json	annotations/normalized/PXD049684/experimental_design.json
PXD049708	shard_7	complete_3_raw_3_normalized	flags_present	1			not_in_retained_input_manifest	annotations/raw/PXD049708/biological.json	annotations/raw/PXD049708/technical.json	annotations/raw/PXD049708/experimental_design.json	annotations/normalized/PXD049708/biological.json	annotations/normalized/PXD049708/technical.json	annotations/normalized/PXD049708/experimental_design.json
PXD049793	shard_0	complete_3_raw_3_normalized	no_stored_flags	0			not_in_retained_input_manifest	annotations/raw/PXD049793/biological.json	annotations/raw/PXD049793/technical.json	annotations/raw/PXD049793/experimental_design.json	annotations/normalized/PXD049793/biological.json	annotations/normalized/PXD049793/technical.json	annotations/normalized/PXD049793/experimental_design.json
PXD049795	shard_1	complete_3_raw_3_normalized	flags_present	1			not_in_retained_input_manifest	annotations/raw/PXD049795/biological.json	annotations/raw/PXD049795/technical.json	annotations/raw/PXD049795/experimental_design.json	annotations/normalized/PXD049795/biological.json	annotations/normalized/PXD049795/technical.json	annotations/normalized/PXD049795/experimental_design.json
PXD049957	shard_2	complete_3_raw_3_normalized	no_stored_flags	0			not_in_retained_input_manifest	annotations/raw/PXD049957/biological.json	annotations/raw/PXD049957/technical.json	annotations/raw/PXD049957/experimental_design.json	annotations/normalized/PXD049957/biological.json	annotations/normalized/PXD049957/technical.json	annotations/normalized/PXD049957/experimental_design.json
PXD049998	shard_3	complete_3_raw_3_normalized	flags_present	1			not_in_retained_input_manifest	annotations/raw/PXD049998/biological.json	annotations/raw/PXD049998/technical.json	annotations/raw/PXD049998/experimental_design.json	annotations/normalized/PXD049998/biological.json	annotations/normalized/PXD049998/technical.json	annotations/normalized/PXD049998/experimental_design.json
PXD050005	shard_4	complete_3_raw_3_normalized	flags_present	2			not_in_retained_input_manifest	annotations/raw/PXD050005/biological.json	annotations/raw/PXD050005/technical.json	annotations/raw/PXD050005/experimental_design.json	annotations/normalized/PXD050005/biological.json	annotations/normalized/PXD050005/technical.json	annotations/normalized/PXD050005/experimental_design.json
PXD050045	shard_5	complete_3_raw_3_normalized	no_stored_flags	0			not_in_retained_input_manifest	annotations/raw/PXD050045/biological.json	annotations/raw/PXD050045/technical.json	annotations/raw/PXD050045/experimental_design.json	annotations/normalized/PXD050045/biological.json	annotations/normalized/PXD050045/technical.json	annotations/normalized/PXD050045/experimental_design.json
PXD050049	shard_6	complete_3_raw_3_normalized	flags_present	1			not_in_retained_input_manifest	annotations/raw/PXD050049/biological.json	annotations/raw/PXD050049/technical.json	annotations/raw/PXD050049/experimental_design.json	annotations/normalized/PXD050049/biological.json	annotations/normalized/PXD050049/technical.json	annotations/normalized/PXD050049/experimental_design.json
PXD050077	shard_7	complete_3_raw_3_normalized	flags_present	1			not_in_retained_input_manifest	annotations/raw/PXD050077/biological.json	annotations/raw/PXD050077/technical.json	annotations/raw/PXD050077/experimental_design.json	annotations/normalized/PXD050077/biological.json	annotations/normalized/PXD050077/technical.json	annotations/normalized/PXD050077/experimental_design.json
PXD050085	shard_0	complete_3_raw_3_normalized	flags_present	1			not_in_retained_input_manifest	annotations/raw/PXD050085/biological.json	annotations/raw/PXD050085/technical.json	annotations/raw/PXD050085/experimental_design.json	annotations/normalized/PXD050085/biological.json	annotations/normalized/PXD050085/technical.json	annotations/normalized/PXD050085/experimental_design.json
PXD050090	shard_1	complete_3_raw_3_normalized	no_stored_flags	0			not_in_retained_input_manifest	annotations/raw/PXD050090/biological.json	annotations/raw/PXD050090/technical.json	annotations/raw/PXD050090/experimental_design.json	annotations/normalized/PXD050090/biological.json	annotations/normalized/PXD050090/technical.json	annotations/normalized/PXD050090/experimental_design.json
PXD050113	shard_2	complete_3_raw_3_normalized	flags_present	2			not_in_retained_input_manifest	annotations/raw/PXD050113/biological.json	annotations/raw/PXD050113/technical.json	annotations/raw/PXD050113/experimental_design.json	annotations/normalized/PXD050113/biological.json	annotations/normalized/PXD050113/technical.json	annotations/normalized/PXD050113/experimental_design.json
PXD050135	shard_3	complete_3_raw_3_normalized	flags_present	3			not_in_retained_input_manifest	annotations/raw/PXD050135/biological.json	annotations/raw/PXD050135/technical.json	annotations/raw/PXD050135/experimental_design.json	annotations/normalized/PXD050135/biological.json	annotations/normalized/PXD050135/technical.json	annotations/normalized/PXD050135/experimental_design.json
PXD050141	shard_4	complete_3_raw_3_normalized	flags_present	1			not_in_retained_input_manifest	annotations/raw/PXD050141/biological.json	annotations/raw/PXD050141/technical.json	annotations/raw/PXD050141/experimental_design.json	annotations/normalized/PXD050141/biological.json	annotations/normalized/PXD050141/technical.json	annotations/normalized/PXD050141/experimental_design.json
PXD050209	shard_5	complete_3_raw_3_normalized	no_stored_flags	0			not_in_retained_input_manifest	annotations/raw/PXD050209/biological.json	annotations/raw/PXD050209/technical.json	annotations/raw/PXD050209/experimental_design.json	annotations/normalized/PXD050209/biological.json	annotations/normalized/PXD050209/technical.json	annotations/normalized/PXD050209/experimental_design.json
PXD050237	shard_6	complete_3_raw_3_normalized	flags_present	2			not_in_retained_input_manifest	annotations/raw/PXD050237/biological.json	annotations/raw/PXD050237/technical.json	annotations/raw/PXD050237/experimental_design.json	annotations/normalized/PXD050237/biological.json	annotations/normalized/PXD050237/technical.json	annotations/normalized/PXD050237/experimental_design.json
PXD050256	shard_7	complete_3_raw_3_normalized	no_stored_flags	0			not_in_retained_input_manifest	annotations/raw/PXD050256/biological.json	annotations/raw/PXD050256/technical.json	annotations/raw/PXD050256/experimental_design.json	annotations/normalized/PXD050256/biological.json	annotations/normalized/PXD050256/technical.json	annotations/normalized/PXD050256/experimental_design.json
PXD050260	shard_0	complete_3_raw_3_normalized	no_stored_flags	0			not_in_retained_input_manifest	annotations/raw/PXD050260/biological.json	annotations/raw/PXD050260/technical.json	annotations/raw/PXD050260/experimental_design.json	annotations/normalized/PXD050260/biological.json	annotations/normalized/PXD050260/technical.json	annotations/normalized/PXD050260/experimental_design.json
PXD050279	shard_1	complete_3_raw_3_normalized	no_stored_flags	0			not_in_retained_input_manifest	annotations/raw/PXD050279/biological.json	annotations/raw/PXD050279/technical.json	annotations/raw/PXD050279/experimental_design.json	annotations/normalized/PXD050279/biological.json	annotations/normalized/PXD050279/technical.json	annotations/normalized/PXD050279/experimental_design.json
PXD050287	shard_2	complete_3_raw_3_normalized	flags_present	2			not_in_retained_input_manifest	annotations/raw/PXD050287/biological.json	annotations/raw/PXD050287/technical.json	annotations/raw/PXD050287/experimental_design.json	annotations/normalized/PXD050287/biological.json	annotations/normalized/PXD050287/technical.json	annotations/normalized/PXD050287/experimental_design.json
PXD050300	shard_3	complete_3_raw_3_normalized	flags_present	1			not_in_retained_input_manifest	annotations/raw/PXD050300/biological.json	annotations/raw/PXD050300/technical.json	annotations/raw/PXD050300/experimental_design.json	annotations/normalized/PXD050300/biological.json	annotations/normalized/PXD050300/technical.json	annotations/normalized/PXD050300/experimental_design.json
PXD050321	shard_4	complete_3_raw_3_normalized	flags_present	2			not_in_retained_input_manifest	annotations/raw/PXD050321/biological.json	annotations/raw/PXD050321/technical.json	annotations/raw/PXD050321/experimental_design.json	annotations/normalized/PXD050321/biological.json	annotations/normalized/PXD050321/technical.json	annotations/normalized/PXD050321/experimental_design.json
PXD050351	shard_5	complete_3_raw_3_normalized	flags_present	2			not_in_retained_input_manifest	annotations/raw/PXD050351/biological.json	annotations/raw/PXD050351/technical.json	annotations/raw/PXD050351/experimental_design.json	annotations/normalized/PXD050351/biological.json	annotations/normalized/PXD050351/technical.json	annotations/normalized/PXD050351/experimental_design.json
PXD050371	shard_6	complete_3_raw_3_normalized	flags_present	1			not_in_retained_input_manifest	annotations/raw/PXD050371/biological.json	annotations/raw/PXD050371/technical.json	annotations/raw/PXD050371/experimental_design.json	annotations/normalized/PXD050371/biological.json	annotations/normalized/PXD050371/technical.json	annotations/normalized/PXD050371/experimental_design.json
PXD050391	shard_7	complete_3_raw_3_normalized	flags_present	1			not_in_retained_input_manifest	annotations/raw/PXD050391/biological.json	annotations/raw/PXD050391/technical.json	annotations/raw/PXD050391/experimental_design.json	annotations/normalized/PXD050391/biological.json	annotations/normalized/PXD050391/technical.json	annotations/normalized/PXD050391/experimental_design.json
PXD050402	shard_0	complete_3_raw_3_normalized	flags_present	1			not_in_retained_input_manifest	annotations/raw/PXD050402/biological.json	annotations/raw/PXD050402/technical.json	annotations/raw/PXD050402/experimental_design.json	annotations/normalized/PXD050402/biological.json	annotations/normalized/PXD050402/technical.json	annotations/normalized/PXD050402/experimental_design.json
PXD050410	shard_1	complete_3_raw_3_normalized	flags_present	1			not_in_retained_input_manifest	annotations/raw/PXD050410/biological.json	annotations/raw/PXD050410/technical.json	annotations/raw/PXD050410/experimental_design.json	annotations/normalized/PXD050410/biological.json	annotations/normalized/PXD050410/technical.json	annotations/normalized/PXD050410/experimental_design.json
PXD050416	shard_2	complete_3_raw_3_normalized	flags_present	2			not_in_retained_input_manifest	annotations/raw/PXD050416/biological.json	annotations/raw/PXD050416/technical.json	annotations/raw/PXD050416/experimental_design.json	annotations/normalized/PXD050416/biological.json	annotations/normalized/PXD050416/technical.json	annotations/normalized/PXD050416/experimental_design.json
PXD050445	shard_3	complete_3_raw_3_normalized	no_stored_flags	0			not_in_retained_input_manifest	annotations/raw/PXD050445/biological.json	annotations/raw/PXD050445/technical.json	annotations/raw/PXD050445/experimental_design.json	annotations/normalized/PXD050445/biological.json	annotations/normalized/PXD050445/technical.json	annotations/normalized/PXD050445/experimental_design.json
PXD050453	shard_4	complete_3_raw_3_normalized	flags_present	2			not_in_retained_input_manifest	annotations/raw/PXD050453/biological.json	annotations/raw/PXD050453/technical.json	annotations/raw/PXD050453/experimental_design.json	annotations/normalized/PXD050453/biological.json	annotations/normalized/PXD050453/technical.json	annotations/normalized/PXD050453/experimental_design.json
PXD050479	shard_5	complete_3_raw_3_normalized	no_stored_flags	0			not_in_retained_input_manifest	annotations/raw/PXD050479/biological.json	annotations/raw/PXD050479/technical.json	annotations/raw/PXD050479/experimental_design.json	annotations/normalized/PXD050479/biological.json	annotations/normalized/PXD050479/technical.json	annotations/normalized/PXD050479/experimental_design.json
PXD050539	shard_6	complete_3_raw_3_normalized	flags_present	1			not_in_retained_input_manifest	annotations/raw/PXD050539/biological.json	annotations/raw/PXD050539/technical.json	annotations/raw/PXD050539/experimental_design.json	annotations/normalized/PXD050539/biological.json	annotations/normalized/PXD050539/technical.json	annotations/normalized/PXD050539/experimental_design.json
PXD050547	shard_7	complete_3_raw_3_normalized	flags_present	1			not_in_retained_input_manifest	annotations/raw/PXD050547/biological.json	annotations/raw/PXD050547/technical.json	annotations/raw/PXD050547/experimental_design.json	annotations/normalized/PXD050547/biological.json	annotations/normalized/PXD050547/technical.json	annotations/normalized/PXD050547/experimental_design.json
PXD050548	shard_0	complete_3_raw_3_normalized	flags_present	1			not_in_retained_input_manifest	annotations/raw/PXD050548/biological.json	annotations/raw/PXD050548/technical.json	annotations/raw/PXD050548/experimental_design.json	annotations/normalized/PXD050548/biological.json	annotations/normalized/PXD050548/technical.json	annotations/normalized/PXD050548/experimental_design.json
PXD050555	shard_1	complete_3_raw_3_normalized	flags_present	4			not_in_retained_input_manifest	annotations/raw/PXD050555/biological.json	annotations/raw/PXD050555/technical.json	annotations/raw/PXD050555/experimental_design.json	annotations/normalized/PXD050555/biological.json	annotations/normalized/PXD050555/technical.json	annotations/normalized/PXD050555/experimental_design.json
PXD050557	shard_2	complete_3_raw_3_normalized	no_stored_flags	0			not_in_retained_input_manifest	annotations/raw/PXD050557/biological.json	annotations/raw/PXD050557/technical.json	annotations/raw/PXD050557/experimental_design.json	annotations/normalized/PXD050557/biological.json	annotations/normalized/PXD050557/technical.json	annotations/normalized/PXD050557/experimental_design.json
PXD050565	shard_3	complete_3_raw_3_normalized	flags_present	1			not_in_retained_input_manifest	annotations/raw/PXD050565/biological.json	annotations/raw/PXD050565/technical.json	annotations/raw/PXD050565/experimental_design.json	annotations/normalized/PXD050565/biological.json	annotations/normalized/PXD050565/technical.json	annotations/normalized/PXD050565/experimental_design.json
PXD050580	shard_4	complete_3_raw_3_normalized	flags_present	4			not_in_retained_input_manifest	annotations/raw/PXD050580/biological.json	annotations/raw/PXD050580/technical.json	annotations/raw/PXD050580/experimental_design.json	annotations/normalized/PXD050580/biological.json	annotations/normalized/PXD050580/technical.json	annotations/normalized/PXD050580/experimental_design.json
PXD050581	shard_5	complete_3_raw_3_normalized	flags_present	9			not_in_retained_input_manifest	annotations/raw/PXD050581/biological.json	annotations/raw/PXD050581/technical.json	annotations/raw/PXD050581/experimental_design.json	annotations/normalized/PXD050581/biological.json	annotations/normalized/PXD050581/technical.json	annotations/normalized/PXD050581/experimental_design.json
PXD050618	shard_6	complete_3_raw_3_normalized	flags_present	1			not_in_retained_input_manifest	annotations/raw/PXD050618/biological.json	annotations/raw/PXD050618/technical.json	annotations/raw/PXD050618/experimental_design.json	annotations/normalized/PXD050618/biological.json	annotations/normalized/PXD050618/technical.json	annotations/normalized/PXD050618/experimental_design.json
PXD050623	shard_7	complete_3_raw_3_normalized	flags_present	1			not_in_retained_input_manifest	annotations/raw/PXD050623/biological.json	annotations/raw/PXD050623/technical.json	annotations/raw/PXD050623/experimental_design.json	annotations/normalized/PXD050623/biological.json	annotations/normalized/PXD050623/technical.json	annotations/normalized/PXD050623/experimental_design.json
PXD050625	shard_0	complete_3_raw_3_normalized	flags_present	2			not_in_retained_input_manifest	annotations/raw/PXD050625/biological.json	annotations/raw/PXD050625/technical.json	annotations/raw/PXD050625/experimental_design.json	annotations/normalized/PXD050625/biological.json	annotations/normalized/PXD050625/technical.json	annotations/normalized/PXD050625/experimental_design.json
PXD050628	shard_1	complete_3_raw_3_normalized	flags_present	1			not_in_retained_input_manifest	annotations/raw/PXD050628/biological.json	annotations/raw/PXD050628/technical.json	annotations/raw/PXD050628/experimental_design.json	annotations/normalized/PXD050628/biological.json	annotations/normalized/PXD050628/technical.json	annotations/normalized/PXD050628/experimental_design.json
PXD050688	shard_2	complete_3_raw_3_normalized	flags_present	2			not_in_retained_input_manifest	annotations/raw/PXD050688/biological.json	annotations/raw/PXD050688/technical.json	annotations/raw/PXD050688/experimental_design.json	annotations/normalized/PXD050688/biological.json	annotations/normalized/PXD050688/technical.json	annotations/normalized/PXD050688/experimental_design.json
PXD050727	shard_3	complete_3_raw_3_normalized	flags_present	1			not_in_retained_input_manifest	annotations/raw/PXD050727/biological.json	annotations/raw/PXD050727/technical.json	annotations/raw/PXD050727/experimental_design.json	annotations/normalized/PXD050727/biological.json	annotations/normalized/PXD050727/technical.json	annotations/normalized/PXD050727/experimental_design.json
PXD050738	shard_4	complete_3_raw_3_normalized	flags_present	1			not_in_retained_input_manifest	annotations/raw/PXD050738/biological.json	annotations/raw/PXD050738/technical.json	annotations/raw/PXD050738/experimental_design.json	annotations/normalized/PXD050738/biological.json	annotations/normalized/PXD050738/technical.json	annotations/normalized/PXD050738/experimental_design.json
PXD050772	shard_5	complete_3_raw_3_normalized	no_stored_flags	0			not_in_retained_input_manifest	annotations/raw/PXD050772/biological.json	annotations/raw/PXD050772/technical.json	annotations/raw/PXD050772/experimental_design.json	annotations/normalized/PXD050772/biological.json	annotations/normalized/PXD050772/technical.json	annotations/normalized/PXD050772/experimental_design.json
PXD050782	shard_6	complete_3_raw_3_normalized	no_stored_flags	0			not_in_retained_input_manifest	annotations/raw/PXD050782/biological.json	annotations/raw/PXD050782/technical.json	annotations/raw/PXD050782/experimental_design.json	annotations/normalized/PXD050782/biological.json	annotations/normalized/PXD050782/technical.json	annotations/normalized/PXD050782/experimental_design.json
PXD050841	shard_7	complete_3_raw_3_normalized	flags_present	1			not_in_retained_input_manifest	annotations/raw/PXD050841/biological.json	annotations/raw/PXD050841/technical.json	annotations/raw/PXD050841/experimental_design.json	annotations/normalized/PXD050841/biological.json	annotations/normalized/PXD050841/technical.json	annotations/normalized/PXD050841/experimental_design.json
PXD050844	shard_0	complete_3_raw_3_normalized	flags_present	3			not_in_retained_input_manifest	annotations/raw/PXD050844/biological.json	annotations/raw/PXD050844/technical.json	annotations/raw/PXD050844/experimental_design.json	annotations/normalized/PXD050844/biological.json	annotations/normalized/PXD050844/technical.json	annotations/normalized/PXD050844/experimental_design.json
PXD050871	shard_1	complete_3_raw_3_normalized	flags_present	1			not_in_retained_input_manifest	annotations/raw/PXD050871/biological.json	annotations/raw/PXD050871/technical.json	annotations/raw/PXD050871/experimental_design.json	annotations/normalized/PXD050871/biological.json	annotations/normalized/PXD050871/technical.json	annotations/normalized/PXD050871/experimental_design.json
PXD050884	shard_2	complete_3_raw_3_normalized	flags_present	1			not_in_retained_input_manifest	annotations/raw/PXD050884/biological.json	annotations/raw/PXD050884/technical.json	annotations/raw/PXD050884/experimental_design.json	annotations/normalized/PXD050884/biological.json	annotations/normalized/PXD050884/technical.json	annotations/normalized/PXD050884/experimental_design.json
PXD050892	shard_3	complete_3_raw_3_normalized	flags_present	1			not_in_retained_input_manifest	annotations/raw/PXD050892/biological.json	annotations/raw/PXD050892/technical.json	annotations/raw/PXD050892/experimental_design.json	annotations/normalized/PXD050892/biological.json	annotations/normalized/PXD050892/technical.json	annotations/normalized/PXD050892/experimental_design.json
PXD050904	shard_4	complete_3_raw_3_normalized	flags_present	3			not_in_retained_input_manifest	annotations/raw/PXD050904/biological.json	annotations/raw/PXD050904/technical.json	annotations/raw/PXD050904/experimental_design.json	annotations/normalized/PXD050904/biological.json	annotations/normalized/PXD050904/technical.json	annotations/normalized/PXD050904/experimental_design.json
PXD050909	shard_5	complete_3_raw_3_normalized	flags_present	4			not_in_retained_input_manifest	annotations/raw/PXD050909/biological.json	annotations/raw/PXD050909/technical.json	annotations/raw/PXD050909/experimental_design.json	annotations/normalized/PXD050909/biological.json	annotations/normalized/PXD050909/technical.json	annotations/normalized/PXD050909/experimental_design.json
PXD050914	shard_6	complete_3_raw_3_normalized	flags_present	1			not_in_retained_input_manifest	annotations/raw/PXD050914/biological.json	annotations/raw/PXD050914/technical.json	annotations/raw/PXD050914/experimental_design.json	annotations/normalized/PXD050914/biological.json	annotations/normalized/PXD050914/technical.json	annotations/normalized/PXD050914/experimental_design.json
PXD050916	shard_7	complete_3_raw_3_normalized	flags_present	4			not_in_retained_input_manifest	annotations/raw/PXD050916/biological.json	annotations/raw/PXD050916/technical.json	annotations/raw/PXD050916/experimental_design.json	annotations/normalized/PXD050916/biological.json	annotations/normalized/PXD050916/technical.json	annotations/normalized/PXD050916/experimental_design.json
PXD050935	shard_0	complete_3_raw_3_normalized	no_stored_flags	0			not_in_retained_input_manifest	annotations/raw/PXD050935/biological.json	annotations/raw/PXD050935/technical.json	annotations/raw/PXD050935/experimental_design.json	annotations/normalized/PXD050935/biological.json	annotations/normalized/PXD050935/technical.json	annotations/normalized/PXD050935/experimental_design.json
PXD050950	shard_1	complete_3_raw_3_normalized	flags_present	3			not_in_retained_input_manifest	annotations/raw/PXD050950/biological.json	annotations/raw/PXD050950/technical.json	annotations/raw/PXD050950/experimental_design.json	annotations/normalized/PXD050950/biological.json	annotations/normalized/PXD050950/technical.json	annotations/normalized/PXD050950/experimental_design.json
PXD050985	shard_2	complete_3_raw_3_normalized	flags_present	2			not_in_retained_input_manifest	annotations/raw/PXD050985/biological.json	annotations/raw/PXD050985/technical.json	annotations/raw/PXD050985/experimental_design.json	annotations/normalized/PXD050985/biological.json	annotations/normalized/PXD050985/technical.json	annotations/normalized/PXD050985/experimental_design.json
PXD050986	shard_3	complete_3_raw_3_normalized	flags_present	1			not_in_retained_input_manifest	annotations/raw/PXD050986/biological.json	annotations/raw/PXD050986/technical.json	annotations/raw/PXD050986/experimental_design.json	annotations/normalized/PXD050986/biological.json	annotations/normalized/PXD050986/technical.json	annotations/normalized/PXD050986/experimental_design.json
PXD050990	shard_4	complete_3_raw_3_normalized	flags_present	1			not_in_retained_input_manifest	annotations/raw/PXD050990/biological.json	annotations/raw/PXD050990/technical.json	annotations/raw/PXD050990/experimental_design.json	annotations/normalized/PXD050990/biological.json	annotations/normalized/PXD050990/technical.json	annotations/normalized/PXD050990/experimental_design.json
PXD050991	shard_5	complete_3_raw_3_normalized	no_stored_flags	0			not_in_retained_input_manifest	annotations/raw/PXD050991/biological.json	annotations/raw/PXD050991/technical.json	annotations/raw/PXD050991/experimental_design.json	annotations/normalized/PXD050991/biological.json	annotations/normalized/PXD050991/technical.json	annotations/normalized/PXD050991/experimental_design.json
PXD050996	shard_6	complete_3_raw_3_normalized	no_stored_flags	0			not_in_retained_input_manifest	annotations/raw/PXD050996/biological.json	annotations/raw/PXD050996/technical.json	annotations/raw/PXD050996/experimental_design.json	annotations/normalized/PXD050996/biological.json	annotations/normalized/PXD050996/technical.json	annotations/normalized/PXD050996/experimental_design.json
PXD051015	shard_7	complete_3_raw_3_normalized	no_stored_flags	0			not_in_retained_input_manifest	annotations/raw/PXD051015/biological.json	annotations/raw/PXD051015/technical.json	annotations/raw/PXD051015/experimental_design.json	annotations/normalized/PXD051015/biological.json	annotations/normalized/PXD051015/technical.json	annotations/normalized/PXD051015/experimental_design.json
PXD051016	shard_0	complete_3_raw_3_normalized	no_stored_flags	0			not_in_retained_input_manifest	annotations/raw/PXD051016/biological.json	annotations/raw/PXD051016/technical.json	annotations/raw/PXD051016/experimental_design.json	annotations/normalized/PXD051016/biological.json	annotations/normalized/PXD051016/technical.json	annotations/normalized/PXD051016/experimental_design.json
PXD051056	shard_1	complete_3_raw_3_normalized	flags_present	1			not_in_retained_input_manifest	annotations/raw/PXD051056/biological.json	annotations/raw/PXD051056/technical.json	annotations/raw/PXD051056/experimental_design.json	annotations/normalized/PXD051056/biological.json	annotations/normalized/PXD051056/technical.json	annotations/normalized/PXD051056/experimental_design.json
PXD051062	shard_2	complete_3_raw_3_normalized	flags_present	1			not_in_retained_input_manifest	annotations/raw/PXD051062/biological.json	annotations/raw/PXD051062/technical.json	annotations/raw/PXD051062/experimental_design.json	annotations/normalized/PXD051062/biological.json	annotations/normalized/PXD051062/technical.json	annotations/normalized/PXD051062/experimental_design.json
PXD051072	shard_3	complete_3_raw_3_normalized	flags_present	1			not_in_retained_input_manifest	annotations/raw/PXD051072/biological.json	annotations/raw/PXD051072/technical.json	annotations/raw/PXD051072/experimental_design.json	annotations/normalized/PXD051072/biological.json	annotations/normalized/PXD051072/technical.json	annotations/normalized/PXD051072/experimental_design.json
PXD051088	shard_4	complete_3_raw_3_normalized	no_stored_flags	0			not_in_retained_input_manifest	annotations/raw/PXD051088/biological.json	annotations/raw/PXD051088/technical.json	annotations/raw/PXD051088/experimental_design.json	annotations/normalized/PXD051088/biological.json	annotations/normalized/PXD051088/technical.json	annotations/normalized/PXD051088/experimental_design.json
PXD051089	shard_5	complete_3_raw_3_normalized	flags_present	1	technical		not_in_retained_input_manifest	annotations/raw/PXD051089/biological.json	annotations/raw/PXD051089/technical.json	annotations/raw/PXD051089/experimental_design.json	annotations/normalized/PXD051089/biological.json	annotations/normalized/PXD051089/technical.json	annotations/normalized/PXD051089/experimental_design.json
PXD051093	shard_6	complete_3_raw_3_normalized	flags_present	4			not_in_retained_input_manifest	annotations/raw/PXD051093/biological.json	annotations/raw/PXD051093/technical.json	annotations/raw/PXD051093/experimental_design.json	annotations/normalized/PXD051093/biological.json	annotations/normalized/PXD051093/technical.json	annotations/normalized/PXD051093/experimental_design.json
PXD051148	shard_7	complete_3_raw_3_normalized	flags_present	2			not_in_retained_input_manifest	annotations/raw/PXD051148/biological.json	annotations/raw/PXD051148/technical.json	annotations/raw/PXD051148/experimental_design.json	annotations/normalized/PXD051148/biological.json	annotations/normalized/PXD051148/technical.json	annotations/normalized/PXD051148/experimental_design.json
PXD051174	shard_0	complete_3_raw_3_normalized	flags_present	1			not_in_retained_input_manifest	annotations/raw/PXD051174/biological.json	annotations/raw/PXD051174/technical.json	annotations/raw/PXD051174/experimental_design.json	annotations/normalized/PXD051174/biological.json	annotations/normalized/PXD051174/technical.json	annotations/normalized/PXD051174/experimental_design.json
PXD051182	shard_1	complete_3_raw_3_normalized	flags_present	1			not_in_retained_input_manifest	annotations/raw/PXD051182/biological.json	annotations/raw/PXD051182/technical.json	annotations/raw/PXD051182/experimental_design.json	annotations/normalized/PXD051182/biological.json	annotations/normalized/PXD051182/technical.json	annotations/normalized/PXD051182/experimental_design.json
PXD051187	shard_2	complete_3_raw_3_normalized	no_stored_flags	0			not_in_retained_input_manifest	annotations/raw/PXD051187/biological.json	annotations/raw/PXD051187/technical.json	annotations/raw/PXD051187/experimental_design.json	annotations/normalized/PXD051187/biological.json	annotations/normalized/PXD051187/technical.json	annotations/normalized/PXD051187/experimental_design.json
PXD051197	shard_3	complete_3_raw_3_normalized	flags_present	2			not_in_retained_input_manifest	annotations/raw/PXD051197/biological.json	annotations/raw/PXD051197/technical.json	annotations/raw/PXD051197/experimental_design.json	annotations/normalized/PXD051197/biological.json	annotations/normalized/PXD051197/technical.json	annotations/normalized/PXD051197/experimental_design.json
PXD051204	shard_4	complete_3_raw_3_normalized	flags_present	1			not_in_retained_input_manifest	annotations/raw/PXD051204/biological.json	annotations/raw/PXD051204/technical.json	annotations/raw/PXD051204/experimental_design.json	annotations/normalized/PXD051204/biological.json	annotations/normalized/PXD051204/technical.json	annotations/normalized/PXD051204/experimental_design.json
PXD051224	shard_5	complete_3_raw_3_normalized	no_stored_flags	0			not_in_retained_input_manifest	annotations/raw/PXD051224/biological.json	annotations/raw/PXD051224/technical.json	annotations/raw/PXD051224/experimental_design.json	annotations/normalized/PXD051224/biological.json	annotations/normalized/PXD051224/technical.json	annotations/normalized/PXD051224/experimental_design.json
PXD051231	shard_6	complete_3_raw_3_normalized	no_stored_flags	0			not_in_retained_input_manifest	annotations/raw/PXD051231/biological.json	annotations/raw/PXD051231/technical.json	annotations/raw/PXD051231/experimental_design.json	annotations/normalized/PXD051231/biological.json	annotations/normalized/PXD051231/technical.json	annotations/normalized/PXD051231/experimental_design.json
PXD051269	shard_7	complete_3_raw_3_normalized	no_stored_flags	0			not_in_retained_input_manifest	annotations/raw/PXD051269/biological.json	annotations/raw/PXD051269/technical.json	annotations/raw/PXD051269/experimental_design.json	annotations/normalized/PXD051269/biological.json	annotations/normalized/PXD051269/technical.json	annotations/normalized/PXD051269/experimental_design.json
PXD051393	shard_0	complete_3_raw_3_normalized	flags_present	2			not_in_retained_input_manifest	annotations/raw/PXD051393/biological.json	annotations/raw/PXD051393/technical.json	annotations/raw/PXD051393/experimental_design.json	annotations/normalized/PXD051393/biological.json	annotations/normalized/PXD051393/technical.json	annotations/normalized/PXD051393/experimental_design.json
PXD051400	shard_1	complete_3_raw_3_normalized	no_stored_flags	0			not_in_retained_input_manifest	annotations/raw/PXD051400/biological.json	annotations/raw/PXD051400/technical.json	annotations/raw/PXD051400/experimental_design.json	annotations/normalized/PXD051400/biological.json	annotations/normalized/PXD051400/technical.json	annotations/normalized/PXD051400/experimental_design.json
PXD051404	shard_2	complete_3_raw_3_normalized	no_stored_flags	0			not_in_retained_input_manifest	annotations/raw/PXD051404/biological.json	annotations/raw/PXD051404/technical.json	annotations/raw/PXD051404/experimental_design.json	annotations/normalized/PXD051404/biological.json	annotations/normalized/PXD051404/technical.json	annotations/normalized/PXD051404/experimental_design.json
PXD051415	shard_3	complete_3_raw_3_normalized	flags_present	1			not_in_retained_input_manifest	annotations/raw/PXD051415/biological.json	annotations/raw/PXD051415/technical.json	annotations/raw/PXD051415/experimental_design.json	annotations/normalized/PXD051415/biological.json	annotations/normalized/PXD051415/technical.json	annotations/normalized/PXD051415/experimental_design.json
PXD051418	shard_4	complete_3_raw_3_normalized	no_stored_flags	0			not_in_retained_input_manifest	annotations/raw/PXD051418/biological.json	annotations/raw/PXD051418/technical.json	annotations/raw/PXD051418/experimental_design.json	annotations/normalized/PXD051418/biological.json	annotations/normalized/PXD051418/technical.json	annotations/normalized/PXD051418/experimental_design.json
PXD051473	shard_5	complete_3_raw_3_normalized	no_stored_flags	0	experimental_design		not_in_retained_input_manifest	annotations/raw/PXD051473/biological.json	annotations/raw/PXD051473/technical.json	annotations/raw/PXD051473/experimental_design.json	annotations/normalized/PXD051473/biological.json	annotations/normalized/PXD051473/technical.json	annotations/normalized/PXD051473/experimental_design.json
PXD051482	shard_6	complete_3_raw_3_normalized	flags_present	5			not_in_retained_input_manifest	annotations/raw/PXD051482/biological.json	annotations/raw/PXD051482/technical.json	annotations/raw/PXD051482/experimental_design.json	annotations/normalized/PXD051482/biological.json	annotations/normalized/PXD051482/technical.json	annotations/normalized/PXD051482/experimental_design.json
PXD051538	shard_7	complete_3_raw_3_normalized	flags_present	2			not_in_retained_input_manifest	annotations/raw/PXD051538/biological.json	annotations/raw/PXD051538/technical.json	annotations/raw/PXD051538/experimental_design.json	annotations/normalized/PXD051538/biological.json	annotations/normalized/PXD051538/technical.json	annotations/normalized/PXD051538/experimental_design.json
PXD051592	shard_0	complete_3_raw_3_normalized	flags_present	1			not_in_retained_input_manifest	annotations/raw/PXD051592/biological.json	annotations/raw/PXD051592/technical.json	annotations/raw/PXD051592/experimental_design.json	annotations/normalized/PXD051592/biological.json	annotations/normalized/PXD051592/technical.json	annotations/normalized/PXD051592/experimental_design.json
PXD051602	shard_1	complete_3_raw_3_normalized	flags_present	1			not_in_retained_input_manifest	annotations/raw/PXD051602/biological.json	annotations/raw/PXD051602/technical.json	annotations/raw/PXD051602/experimental_design.json	annotations/normalized/PXD051602/biological.json	annotations/normalized/PXD051602/technical.json	annotations/normalized/PXD051602/experimental_design.json
PXD051640	shard_2	complete_3_raw_3_normalized	flags_present	1			not_in_retained_input_manifest	annotations/raw/PXD051640/biological.json	annotations/raw/PXD051640/technical.json	annotations/raw/PXD051640/experimental_design.json	annotations/normalized/PXD051640/biological.json	annotations/normalized/PXD051640/technical.json	annotations/normalized/PXD051640/experimental_design.json
PXD051677	shard_3	complete_3_raw_3_normalized	flags_present	3			not_in_retained_input_manifest	annotations/raw/PXD051677/biological.json	annotations/raw/PXD051677/technical.json	annotations/raw/PXD051677/experimental_design.json	annotations/normalized/PXD051677/biological.json	annotations/normalized/PXD051677/technical.json	annotations/normalized/PXD051677/experimental_design.json
PXD051678	shard_4	complete_3_raw_3_normalized	flags_present	4			not_in_retained_input_manifest	annotations/raw/PXD051678/biological.json	annotations/raw/PXD051678/technical.json	annotations/raw/PXD051678/experimental_design.json	annotations/normalized/PXD051678/biological.json	annotations/normalized/PXD051678/technical.json	annotations/normalized/PXD051678/experimental_design.json
PXD051689	shard_5	complete_3_raw_3_normalized	flags_present	1			not_in_retained_input_manifest	annotations/raw/PXD051689/biological.json	annotations/raw/PXD051689/technical.json	annotations/raw/PXD051689/experimental_design.json	annotations/normalized/PXD051689/biological.json	annotations/normalized/PXD051689/technical.json	annotations/normalized/PXD051689/experimental_design.json
PXD051696	shard_6	complete_3_raw_3_normalized	flags_present	2			not_in_retained_input_manifest	annotations/raw/PXD051696/biological.json	annotations/raw/PXD051696/technical.json	annotations/raw/PXD051696/experimental_design.json	annotations/normalized/PXD051696/biological.json	annotations/normalized/PXD051696/technical.json	annotations/normalized/PXD051696/experimental_design.json
PXD051697	shard_7	complete_3_raw_3_normalized	flags_present	1			not_in_retained_input_manifest	annotations/raw/PXD051697/biological.json	annotations/raw/PXD051697/technical.json	annotations/raw/PXD051697/experimental_design.json	annotations/normalized/PXD051697/biological.json	annotations/normalized/PXD051697/technical.json	annotations/normalized/PXD051697/experimental_design.json
PXD051706	shard_0	complete_3_raw_3_normalized	no_stored_flags	0			not_in_retained_input_manifest	annotations/raw/PXD051706/biological.json	annotations/raw/PXD051706/technical.json	annotations/raw/PXD051706/experimental_design.json	annotations/normalized/PXD051706/biological.json	annotations/normalized/PXD051706/technical.json	annotations/normalized/PXD051706/experimental_design.json
PXD051710	shard_1	complete_3_raw_3_normalized	no_stored_flags	0			not_in_retained_input_manifest	annotations/raw/PXD051710/biological.json	annotations/raw/PXD051710/technical.json	annotations/raw/PXD051710/experimental_design.json	annotations/normalized/PXD051710/biological.json	annotations/normalized/PXD051710/technical.json	annotations/normalized/PXD051710/experimental_design.json
PXD051715	shard_2	complete_3_raw_3_normalized	flags_present	1			not_in_retained_input_manifest	annotations/raw/PXD051715/biological.json	annotations/raw/PXD051715/technical.json	annotations/raw/PXD051715/experimental_design.json	annotations/normalized/PXD051715/biological.json	annotations/normalized/PXD051715/technical.json	annotations/normalized/PXD051715/experimental_design.json
PXD051723	shard_3	complete_3_raw_3_normalized	flags_present	2			not_in_retained_input_manifest	annotations/raw/PXD051723/biological.json	annotations/raw/PXD051723/technical.json	annotations/raw/PXD051723/experimental_design.json	annotations/normalized/PXD051723/biological.json	annotations/normalized/PXD051723/technical.json	annotations/normalized/PXD051723/experimental_design.json
PXD051734	shard_4	complete_3_raw_3_normalized	flags_present	4			not_in_retained_input_manifest	annotations/raw/PXD051734/biological.json	annotations/raw/PXD051734/technical.json	annotations/raw/PXD051734/experimental_design.json	annotations/normalized/PXD051734/biological.json	annotations/normalized/PXD051734/technical.json	annotations/normalized/PXD051734/experimental_design.json
PXD051737	shard_5	complete_3_raw_3_normalized	no_stored_flags	0			not_in_retained_input_manifest	annotations/raw/PXD051737/biological.json	annotations/raw/PXD051737/technical.json	annotations/raw/PXD051737/experimental_design.json	annotations/normalized/PXD051737/biological.json	annotations/normalized/PXD051737/technical.json	annotations/normalized/PXD051737/experimental_design.json
PXD051745	shard_6	complete_3_raw_3_normalized	flags_present	2			not_in_retained_input_manifest	annotations/raw/PXD051745/biological.json	annotations/raw/PXD051745/technical.json	annotations/raw/PXD051745/experimental_design.json	annotations/normalized/PXD051745/biological.json	annotations/normalized/PXD051745/technical.json	annotations/normalized/PXD051745/experimental_design.json
PXD051747	shard_7	complete_3_raw_3_normalized	flags_present	1			not_in_retained_input_manifest	annotations/raw/PXD051747/biological.json	annotations/raw/PXD051747/technical.json	annotations/raw/PXD051747/experimental_design.json	annotations/normalized/PXD051747/biological.json	annotations/normalized/PXD051747/technical.json	annotations/normalized/PXD051747/experimental_design.json
PXD051803	shard_0	complete_3_raw_3_normalized	no_stored_flags	0			not_in_retained_input_manifest	annotations/raw/PXD051803/biological.json	annotations/raw/PXD051803/technical.json	annotations/raw/PXD051803/experimental_design.json	annotations/normalized/PXD051803/biological.json	annotations/normalized/PXD051803/technical.json	annotations/normalized/PXD051803/experimental_design.json
PXD051840	shard_1	complete_3_raw_3_normalized	flags_present	3			not_in_retained_input_manifest	annotations/raw/PXD051840/biological.json	annotations/raw/PXD051840/technical.json	annotations/raw/PXD051840/experimental_design.json	annotations/normalized/PXD051840/biological.json	annotations/normalized/PXD051840/technical.json	annotations/normalized/PXD051840/experimental_design.json
PXD051849	shard_2	complete_3_raw_3_normalized	no_stored_flags	0			not_in_retained_input_manifest	annotations/raw/PXD051849/biological.json	annotations/raw/PXD051849/technical.json	annotations/raw/PXD051849/experimental_design.json	annotations/normalized/PXD051849/biological.json	annotations/normalized/PXD051849/technical.json	annotations/normalized/PXD051849/experimental_design.json
PXD051859	shard_3	complete_3_raw_3_normalized	no_stored_flags	0			not_in_retained_input_manifest	annotations/raw/PXD051859/biological.json	annotations/raw/PXD051859/technical.json	annotations/raw/PXD051859/experimental_design.json	annotations/normalized/PXD051859/biological.json	annotations/normalized/PXD051859/technical.json	annotations/normalized/PXD051859/experimental_design.json
PXD051876	shard_4	complete_3_raw_3_normalized	no_stored_flags	0			not_in_retained_input_manifest	annotations/raw/PXD051876/biological.json	annotations/raw/PXD051876/technical.json	annotations/raw/PXD051876/experimental_design.json	annotations/normalized/PXD051876/biological.json	annotations/normalized/PXD051876/technical.json	annotations/normalized/PXD051876/experimental_design.json
PXD051889	shard_5	complete_3_raw_3_normalized	no_stored_flags	0			not_in_retained_input_manifest	annotations/raw/PXD051889/biological.json	annotations/raw/PXD051889/technical.json	annotations/raw/PXD051889/experimental_design.json	annotations/normalized/PXD051889/biological.json	annotations/normalized/PXD051889/technical.json	annotations/normalized/PXD051889/experimental_design.json
PXD051904	shard_6	complete_3_raw_3_normalized	no_stored_flags	0			not_in_retained_input_manifest	annotations/raw/PXD051904/biological.json	annotations/raw/PXD051904/technical.json	annotations/raw/PXD051904/experimental_design.json	annotations/normalized/PXD051904/biological.json	annotations/normalized/PXD051904/technical.json	annotations/normalized/PXD051904/experimental_design.json
PXD051958	shard_7	complete_3_raw_3_normalized	flags_present	1			not_in_retained_input_manifest	annotations/raw/PXD051958/biological.json	annotations/raw/PXD051958/technical.json	annotations/raw/PXD051958/experimental_design.json	annotations/normalized/PXD051958/biological.json	annotations/normalized/PXD051958/technical.json	annotations/normalized/PXD051958/experimental_design.json
PXD051962	shard_0	complete_3_raw_3_normalized	flags_present	1			not_in_retained_input_manifest	annotations/raw/PXD051962/biological.json	annotations/raw/PXD051962/technical.json	annotations/raw/PXD051962/experimental_design.json	annotations/normalized/PXD051962/biological.json	annotations/normalized/PXD051962/technical.json	annotations/normalized/PXD051962/experimental_design.json
PXD051967	shard_1	complete_3_raw_3_normalized	flags_present	1			not_in_retained_input_manifest	annotations/raw/PXD051967/biological.json	annotations/raw/PXD051967/technical.json	annotations/raw/PXD051967/experimental_design.json	annotations/normalized/PXD051967/biological.json	annotations/normalized/PXD051967/technical.json	annotations/normalized/PXD051967/experimental_design.json
PXD051981	shard_2	complete_3_raw_3_normalized	no_stored_flags	0			not_in_retained_input_manifest	annotations/raw/PXD051981/biological.json	annotations/raw/PXD051981/technical.json	annotations/raw/PXD051981/experimental_design.json	annotations/normalized/PXD051981/biological.json	annotations/normalized/PXD051981/technical.json	annotations/normalized/PXD051981/experimental_design.json
PXD051985	shard_3	complete_3_raw_3_normalized	no_stored_flags	0			not_in_retained_input_manifest	annotations/raw/PXD051985/biological.json	annotations/raw/PXD051985/technical.json	annotations/raw/PXD051985/experimental_design.json	annotations/normalized/PXD051985/biological.json	annotations/normalized/PXD051985/technical.json	annotations/normalized/PXD051985/experimental_design.json
PXD051995	shard_4	complete_3_raw_3_normalized	flags_present	2			not_in_retained_input_manifest	annotations/raw/PXD051995/biological.json	annotations/raw/PXD051995/technical.json	annotations/raw/PXD051995/experimental_design.json	annotations/normalized/PXD051995/biological.json	annotations/normalized/PXD051995/technical.json	annotations/normalized/PXD051995/experimental_design.json
PXD052011	shard_5	complete_3_raw_3_normalized	flags_present	3			not_in_retained_input_manifest	annotations/raw/PXD052011/biological.json	annotations/raw/PXD052011/technical.json	annotations/raw/PXD052011/experimental_design.json	annotations/normalized/PXD052011/biological.json	annotations/normalized/PXD052011/technical.json	annotations/normalized/PXD052011/experimental_design.json
PXD052022	shard_6	complete_3_raw_3_normalized	flags_present	5			not_in_retained_input_manifest	annotations/raw/PXD052022/biological.json	annotations/raw/PXD052022/technical.json	annotations/raw/PXD052022/experimental_design.json	annotations/normalized/PXD052022/biological.json	annotations/normalized/PXD052022/technical.json	annotations/normalized/PXD052022/experimental_design.json
PXD052033	shard_7	complete_3_raw_3_normalized	no_stored_flags	0			not_in_retained_input_manifest	annotations/raw/PXD052033/biological.json	annotations/raw/PXD052033/technical.json	annotations/raw/PXD052033/experimental_design.json	annotations/normalized/PXD052033/biological.json	annotations/normalized/PXD052033/technical.json	annotations/normalized/PXD052033/experimental_design.json
PXD052083	shard_0	complete_3_raw_3_normalized	flags_present	3			not_in_retained_input_manifest	annotations/raw/PXD052083/biological.json	annotations/raw/PXD052083/technical.json	annotations/raw/PXD052083/experimental_design.json	annotations/normalized/PXD052083/biological.json	annotations/normalized/PXD052083/technical.json	annotations/normalized/PXD052083/experimental_design.json
PXD052143	shard_1	complete_3_raw_3_normalized	no_stored_flags	0			not_in_retained_input_manifest	annotations/raw/PXD052143/biological.json	annotations/raw/PXD052143/technical.json	annotations/raw/PXD052143/experimental_design.json	annotations/normalized/PXD052143/biological.json	annotations/normalized/PXD052143/technical.json	annotations/normalized/PXD052143/experimental_design.json
PXD052176	shard_2	complete_3_raw_3_normalized	flags_present	1			not_in_retained_input_manifest	annotations/raw/PXD052176/biological.json	annotations/raw/PXD052176/technical.json	annotations/raw/PXD052176/experimental_design.json	annotations/normalized/PXD052176/biological.json	annotations/normalized/PXD052176/technical.json	annotations/normalized/PXD052176/experimental_design.json
PXD052184	shard_3	complete_3_raw_3_normalized	no_stored_flags	0			not_in_retained_input_manifest	annotations/raw/PXD052184/biological.json	annotations/raw/PXD052184/technical.json	annotations/raw/PXD052184/experimental_design.json	annotations/normalized/PXD052184/biological.json	annotations/normalized/PXD052184/technical.json	annotations/normalized/PXD052184/experimental_design.json
PXD052203	shard_4	complete_3_raw_3_normalized	flags_present	3			not_in_retained_input_manifest	annotations/raw/PXD052203/biological.json	annotations/raw/PXD052203/technical.json	annotations/raw/PXD052203/experimental_design.json	annotations/normalized/PXD052203/biological.json	annotations/normalized/PXD052203/technical.json	annotations/normalized/PXD052203/experimental_design.json
PXD052205	shard_5	complete_3_raw_3_normalized	no_stored_flags	0			not_in_retained_input_manifest	annotations/raw/PXD052205/biological.json	annotations/raw/PXD052205/technical.json	annotations/raw/PXD052205/experimental_design.json	annotations/normalized/PXD052205/biological.json	annotations/normalized/PXD052205/technical.json	annotations/normalized/PXD052205/experimental_design.json
PXD052254	shard_6	complete_3_raw_3_normalized	no_stored_flags	0			not_in_retained_input_manifest	annotations/raw/PXD052254/biological.json	annotations/raw/PXD052254/technical.json	annotations/raw/PXD052254/experimental_design.json	annotations/normalized/PXD052254/biological.json	annotations/normalized/PXD052254/technical.json	annotations/normalized/PXD052254/experimental_design.json
PXD052259	shard_7	complete_3_raw_3_normalized	flags_present	1			not_in_retained_input_manifest	annotations/raw/PXD052259/biological.json	annotations/raw/PXD052259/technical.json	annotations/raw/PXD052259/experimental_design.json	annotations/normalized/PXD052259/biological.json	annotations/normalized/PXD052259/technical.json	annotations/normalized/PXD052259/experimental_design.json
PXD052305	shard_0	complete_3_raw_3_normalized	flags_present	4			not_in_retained_input_manifest	annotations/raw/PXD052305/biological.json	annotations/raw/PXD052305/technical.json	annotations/raw/PXD052305/experimental_design.json	annotations/normalized/PXD052305/biological.json	annotations/normalized/PXD052305/technical.json	annotations/normalized/PXD052305/experimental_design.json
PXD052306	shard_1	complete_3_raw_3_normalized	flags_present	1			not_in_retained_input_manifest	annotations/raw/PXD052306/biological.json	annotations/raw/PXD052306/technical.json	annotations/raw/PXD052306/experimental_design.json	annotations/normalized/PXD052306/biological.json	annotations/normalized/PXD052306/technical.json	annotations/normalized/PXD052306/experimental_design.json
PXD052317	shard_2	complete_3_raw_3_normalized	flags_present	1			not_in_retained_input_manifest	annotations/raw/PXD052317/biological.json	annotations/raw/PXD052317/technical.json	annotations/raw/PXD052317/experimental_design.json	annotations/normalized/PXD052317/biological.json	annotations/normalized/PXD052317/technical.json	annotations/normalized/PXD052317/experimental_design.json
PXD052324	shard_3	complete_3_raw_3_normalized	no_stored_flags	0			not_in_retained_input_manifest	annotations/raw/PXD052324/biological.json	annotations/raw/PXD052324/technical.json	annotations/raw/PXD052324/experimental_design.json	annotations/normalized/PXD052324/biological.json	annotations/normalized/PXD052324/technical.json	annotations/normalized/PXD052324/experimental_design.json
PXD052414	shard_4	complete_3_raw_3_normalized	flags_present	1			not_in_retained_input_manifest	annotations/raw/PXD052414/biological.json	annotations/raw/PXD052414/technical.json	annotations/raw/PXD052414/experimental_design.json	annotations/normalized/PXD052414/biological.json	annotations/normalized/PXD052414/technical.json	annotations/normalized/PXD052414/experimental_design.json
PXD052554	shard_5	complete_3_raw_3_normalized	flags_present	1			not_in_retained_input_manifest	annotations/raw/PXD052554/biological.json	annotations/raw/PXD052554/technical.json	annotations/raw/PXD052554/experimental_design.json	annotations/normalized/PXD052554/biological.json	annotations/normalized/PXD052554/technical.json	annotations/normalized/PXD052554/experimental_design.json
PXD052555	shard_6	complete_3_raw_3_normalized	flags_present	1			not_in_retained_input_manifest	annotations/raw/PXD052555/biological.json	annotations/raw/PXD052555/technical.json	annotations/raw/PXD052555/experimental_design.json	annotations/normalized/PXD052555/biological.json	annotations/normalized/PXD052555/technical.json	annotations/normalized/PXD052555/experimental_design.json
PXD052627	shard_7	complete_3_raw_3_normalized	flags_present	1			not_in_retained_input_manifest	annotations/raw/PXD052627/biological.json	annotations/raw/PXD052627/technical.json	annotations/raw/PXD052627/experimental_design.json	annotations/normalized/PXD052627/biological.json	annotations/normalized/PXD052627/technical.json	annotations/normalized/PXD052627/experimental_design.json
PXD052666	shard_0	complete_3_raw_3_normalized	flags_present	1			not_in_retained_input_manifest	annotations/raw/PXD052666/biological.json	annotations/raw/PXD052666/technical.json	annotations/raw/PXD052666/experimental_design.json	annotations/normalized/PXD052666/biological.json	annotations/normalized/PXD052666/technical.json	annotations/normalized/PXD052666/experimental_design.json
PXD052718	shard_1	complete_3_raw_3_normalized	no_stored_flags	0			not_in_retained_input_manifest	annotations/raw/PXD052718/biological.json	annotations/raw/PXD052718/technical.json	annotations/raw/PXD052718/experimental_design.json	annotations/normalized/PXD052718/biological.json	annotations/normalized/PXD052718/technical.json	annotations/normalized/PXD052718/experimental_design.json
PXD052720	shard_2	complete_3_raw_3_normalized	flags_present	1			not_in_retained_input_manifest	annotations/raw/PXD052720/biological.json	annotations/raw/PXD052720/technical.json	annotations/raw/PXD052720/experimental_design.json	annotations/normalized/PXD052720/biological.json	annotations/normalized/PXD052720/technical.json	annotations/normalized/PXD052720/experimental_design.json
PXD052726	shard_3	complete_3_raw_3_normalized	flags_present	1			not_in_retained_input_manifest	annotations/raw/PXD052726/biological.json	annotations/raw/PXD052726/technical.json	annotations/raw/PXD052726/experimental_design.json	annotations/normalized/PXD052726/biological.json	annotations/normalized/PXD052726/technical.json	annotations/normalized/PXD052726/experimental_design.json
PXD052745	shard_4	complete_3_raw_3_normalized	no_stored_flags	0			not_in_retained_input_manifest	annotations/raw/PXD052745/biological.json	annotations/raw/PXD052745/technical.json	annotations/raw/PXD052745/experimental_design.json	annotations/normalized/PXD052745/biological.json	annotations/normalized/PXD052745/technical.json	annotations/normalized/PXD052745/experimental_design.json
PXD052756	shard_5	complete_3_raw_3_normalized	flags_present	2			not_in_retained_input_manifest	annotations/raw/PXD052756/biological.json	annotations/raw/PXD052756/technical.json	annotations/raw/PXD052756/experimental_design.json	annotations/normalized/PXD052756/biological.json	annotations/normalized/PXD052756/technical.json	annotations/normalized/PXD052756/experimental_design.json
PXD052767	shard_6	complete_3_raw_3_normalized	flags_present	1			not_in_retained_input_manifest	annotations/raw/PXD052767/biological.json	annotations/raw/PXD052767/technical.json	annotations/raw/PXD052767/experimental_design.json	annotations/normalized/PXD052767/biological.json	annotations/normalized/PXD052767/technical.json	annotations/normalized/PXD052767/experimental_design.json
PXD052806	shard_7	complete_3_raw_3_normalized	no_stored_flags	0			not_in_retained_input_manifest	annotations/raw/PXD052806/biological.json	annotations/raw/PXD052806/technical.json	annotations/raw/PXD052806/experimental_design.json	annotations/normalized/PXD052806/biological.json	annotations/normalized/PXD052806/technical.json	annotations/normalized/PXD052806/experimental_design.json
PXD052809	shard_0	complete_3_raw_3_normalized	flags_present	1			not_in_retained_input_manifest	annotations/raw/PXD052809/biological.json	annotations/raw/PXD052809/technical.json	annotations/raw/PXD052809/experimental_design.json	annotations/normalized/PXD052809/biological.json	annotations/normalized/PXD052809/technical.json	annotations/normalized/PXD052809/experimental_design.json
PXD052831	shard_1	complete_3_raw_3_normalized	no_stored_flags	0			not_in_retained_input_manifest	annotations/raw/PXD052831/biological.json	annotations/raw/PXD052831/technical.json	annotations/raw/PXD052831/experimental_design.json	annotations/normalized/PXD052831/biological.json	annotations/normalized/PXD052831/technical.json	annotations/normalized/PXD052831/experimental_design.json
PXD052854	shard_2	complete_3_raw_3_normalized	flags_present	6			not_in_retained_input_manifest	annotations/raw/PXD052854/biological.json	annotations/raw/PXD052854/technical.json	annotations/raw/PXD052854/experimental_design.json	annotations/normalized/PXD052854/biological.json	annotations/normalized/PXD052854/technical.json	annotations/normalized/PXD052854/experimental_design.json
PXD052868	shard_3	complete_3_raw_3_normalized	no_stored_flags	0			not_in_retained_input_manifest	annotations/raw/PXD052868/biological.json	annotations/raw/PXD052868/technical.json	annotations/raw/PXD052868/experimental_design.json	annotations/normalized/PXD052868/biological.json	annotations/normalized/PXD052868/technical.json	annotations/normalized/PXD052868/experimental_design.json
PXD052904	shard_4	complete_3_raw_3_normalized	flags_present	2			not_in_retained_input_manifest	annotations/raw/PXD052904/biological.json	annotations/raw/PXD052904/technical.json	annotations/raw/PXD052904/experimental_design.json	annotations/normalized/PXD052904/biological.json	annotations/normalized/PXD052904/technical.json	annotations/normalized/PXD052904/experimental_design.json
PXD052912	shard_5	complete_3_raw_3_normalized	flags_present	1			not_in_retained_input_manifest	annotations/raw/PXD052912/biological.json	annotations/raw/PXD052912/technical.json	annotations/raw/PXD052912/experimental_design.json	annotations/normalized/PXD052912/biological.json	annotations/normalized/PXD052912/technical.json	annotations/normalized/PXD052912/experimental_design.json
PXD052949	shard_6	complete_3_raw_3_normalized	flags_present	2			not_in_retained_input_manifest	annotations/raw/PXD052949/biological.json	annotations/raw/PXD052949/technical.json	annotations/raw/PXD052949/experimental_design.json	annotations/normalized/PXD052949/biological.json	annotations/normalized/PXD052949/technical.json	annotations/normalized/PXD052949/experimental_design.json
PXD053008	shard_7	complete_3_raw_3_normalized	flags_present	9			not_in_retained_input_manifest	annotations/raw/PXD053008/biological.json	annotations/raw/PXD053008/technical.json	annotations/raw/PXD053008/experimental_design.json	annotations/normalized/PXD053008/biological.json	annotations/normalized/PXD053008/technical.json	annotations/normalized/PXD053008/experimental_design.json
PXD053039	shard_0	complete_3_raw_3_normalized	flags_present	4			not_in_retained_input_manifest	annotations/raw/PXD053039/biological.json	annotations/raw/PXD053039/technical.json	annotations/raw/PXD053039/experimental_design.json	annotations/normalized/PXD053039/biological.json	annotations/normalized/PXD053039/technical.json	annotations/normalized/PXD053039/experimental_design.json
PXD053043	shard_1	complete_3_raw_3_normalized	flags_present	2			not_in_retained_input_manifest	annotations/raw/PXD053043/biological.json	annotations/raw/PXD053043/technical.json	annotations/raw/PXD053043/experimental_design.json	annotations/normalized/PXD053043/biological.json	annotations/normalized/PXD053043/technical.json	annotations/normalized/PXD053043/experimental_design.json
PXD053100	shard_2	complete_3_raw_3_normalized	flags_present	3			not_in_retained_input_manifest	annotations/raw/PXD053100/biological.json	annotations/raw/PXD053100/technical.json	annotations/raw/PXD053100/experimental_design.json	annotations/normalized/PXD053100/biological.json	annotations/normalized/PXD053100/technical.json	annotations/normalized/PXD053100/experimental_design.json
PXD053105	shard_3	complete_3_raw_3_normalized	no_stored_flags	0			not_in_retained_input_manifest	annotations/raw/PXD053105/biological.json	annotations/raw/PXD053105/technical.json	annotations/raw/PXD053105/experimental_design.json	annotations/normalized/PXD053105/biological.json	annotations/normalized/PXD053105/technical.json	annotations/normalized/PXD053105/experimental_design.json
PXD053138	shard_4	complete_3_raw_3_normalized	no_stored_flags	0			not_in_retained_input_manifest	annotations/raw/PXD053138/biological.json	annotations/raw/PXD053138/technical.json	annotations/raw/PXD053138/experimental_design.json	annotations/normalized/PXD053138/biological.json	annotations/normalized/PXD053138/technical.json	annotations/normalized/PXD053138/experimental_design.json
PXD053141	shard_5	complete_3_raw_3_normalized	no_stored_flags	0			not_in_retained_input_manifest	annotations/raw/PXD053141/biological.json	annotations/raw/PXD053141/technical.json	annotations/raw/PXD053141/experimental_design.json	annotations/normalized/PXD053141/biological.json	annotations/normalized/PXD053141/technical.json	annotations/normalized/PXD053141/experimental_design.json
PXD053197	shard_6	complete_3_raw_3_normalized	flags_present	1			not_in_retained_input_manifest	annotations/raw/PXD053197/biological.json	annotations/raw/PXD053197/technical.json	annotations/raw/PXD053197/experimental_design.json	annotations/normalized/PXD053197/biological.json	annotations/normalized/PXD053197/technical.json	annotations/normalized/PXD053197/experimental_design.json
PXD053198	shard_7	complete_3_raw_3_normalized	no_stored_flags	0			not_in_retained_input_manifest	annotations/raw/PXD053198/biological.json	annotations/raw/PXD053198/technical.json	annotations/raw/PXD053198/experimental_design.json	annotations/normalized/PXD053198/biological.json	annotations/normalized/PXD053198/technical.json	annotations/normalized/PXD053198/experimental_design.json
PXD053228	shard_0	complete_3_raw_3_normalized	flags_present	2			not_in_retained_input_manifest	annotations/raw/PXD053228/biological.json	annotations/raw/PXD053228/technical.json	annotations/raw/PXD053228/experimental_design.json	annotations/normalized/PXD053228/biological.json	annotations/normalized/PXD053228/technical.json	annotations/normalized/PXD053228/experimental_design.json
PXD053264	shard_1	complete_3_raw_3_normalized	no_stored_flags	0			not_in_retained_input_manifest	annotations/raw/PXD053264/biological.json	annotations/raw/PXD053264/technical.json	annotations/raw/PXD053264/experimental_design.json	annotations/normalized/PXD053264/biological.json	annotations/normalized/PXD053264/technical.json	annotations/normalized/PXD053264/experimental_design.json
PXD053278	shard_2	complete_3_raw_3_normalized	no_stored_flags	0			not_in_retained_input_manifest	annotations/raw/PXD053278/biological.json	annotations/raw/PXD053278/technical.json	annotations/raw/PXD053278/experimental_design.json	annotations/normalized/PXD053278/biological.json	annotations/normalized/PXD053278/technical.json	annotations/normalized/PXD053278/experimental_design.json
PXD053290	shard_3	complete_3_raw_3_normalized	flags_present	1			not_in_retained_input_manifest	annotations/raw/PXD053290/biological.json	annotations/raw/PXD053290/technical.json	annotations/raw/PXD053290/experimental_design.json	annotations/normalized/PXD053290/biological.json	annotations/normalized/PXD053290/technical.json	annotations/normalized/PXD053290/experimental_design.json
PXD053300	shard_4	complete_3_raw_3_normalized	no_stored_flags	0			not_in_retained_input_manifest	annotations/raw/PXD053300/biological.json	annotations/raw/PXD053300/technical.json	annotations/raw/PXD053300/experimental_design.json	annotations/normalized/PXD053300/biological.json	annotations/normalized/PXD053300/technical.json	annotations/normalized/PXD053300/experimental_design.json
PXD053308	shard_5	complete_3_raw_3_normalized	flags_present	5			not_in_retained_input_manifest	annotations/raw/PXD053308/biological.json	annotations/raw/PXD053308/technical.json	annotations/raw/PXD053308/experimental_design.json	annotations/normalized/PXD053308/biological.json	annotations/normalized/PXD053308/technical.json	annotations/normalized/PXD053308/experimental_design.json
PXD053315	shard_6	complete_3_raw_3_normalized	no_stored_flags	0			not_in_retained_input_manifest	annotations/raw/PXD053315/biological.json	annotations/raw/PXD053315/technical.json	annotations/raw/PXD053315/experimental_design.json	annotations/normalized/PXD053315/biological.json	annotations/normalized/PXD053315/technical.json	annotations/normalized/PXD053315/experimental_design.json
PXD053353	shard_7	complete_3_raw_3_normalized	flags_present	2			not_in_retained_input_manifest	annotations/raw/PXD053353/biological.json	annotations/raw/PXD053353/technical.json	annotations/raw/PXD053353/experimental_design.json	annotations/normalized/PXD053353/biological.json	annotations/normalized/PXD053353/technical.json	annotations/normalized/PXD053353/experimental_design.json
PXD053362	shard_0	complete_3_raw_3_normalized	flags_present	1			not_in_retained_input_manifest	annotations/raw/PXD053362/biological.json	annotations/raw/PXD053362/technical.json	annotations/raw/PXD053362/experimental_design.json	annotations/normalized/PXD053362/biological.json	annotations/normalized/PXD053362/technical.json	annotations/normalized/PXD053362/experimental_design.json
PXD053405	shard_1	complete_3_raw_3_normalized	flags_present	1			not_in_retained_input_manifest	annotations/raw/PXD053405/biological.json	annotations/raw/PXD053405/technical.json	annotations/raw/PXD053405/experimental_design.json	annotations/normalized/PXD053405/biological.json	annotations/normalized/PXD053405/technical.json	annotations/normalized/PXD053405/experimental_design.json
PXD053450	shard_2	complete_3_raw_3_normalized	flags_present	4			not_in_retained_input_manifest	annotations/raw/PXD053450/biological.json	annotations/raw/PXD053450/technical.json	annotations/raw/PXD053450/experimental_design.json	annotations/normalized/PXD053450/biological.json	annotations/normalized/PXD053450/technical.json	annotations/normalized/PXD053450/experimental_design.json
PXD053474	shard_3	complete_3_raw_3_normalized	flags_present	3			not_in_retained_input_manifest	annotations/raw/PXD053474/biological.json	annotations/raw/PXD053474/technical.json	annotations/raw/PXD053474/experimental_design.json	annotations/normalized/PXD053474/biological.json	annotations/normalized/PXD053474/technical.json	annotations/normalized/PXD053474/experimental_design.json
PXD053500	shard_4	complete_3_raw_3_normalized	flags_present	1			not_in_retained_input_manifest	annotations/raw/PXD053500/biological.json	annotations/raw/PXD053500/technical.json	annotations/raw/PXD053500/experimental_design.json	annotations/normalized/PXD053500/biological.json	annotations/normalized/PXD053500/technical.json	annotations/normalized/PXD053500/experimental_design.json
PXD053502	shard_5	complete_3_raw_3_normalized	flags_present	1			not_in_retained_input_manifest	annotations/raw/PXD053502/biological.json	annotations/raw/PXD053502/technical.json	annotations/raw/PXD053502/experimental_design.json	annotations/normalized/PXD053502/biological.json	annotations/normalized/PXD053502/technical.json	annotations/normalized/PXD053502/experimental_design.json
PXD053560	shard_6	complete_3_raw_3_normalized	flags_present	2			not_in_retained_input_manifest	annotations/raw/PXD053560/biological.json	annotations/raw/PXD053560/technical.json	annotations/raw/PXD053560/experimental_design.json	annotations/normalized/PXD053560/biological.json	annotations/normalized/PXD053560/technical.json	annotations/normalized/PXD053560/experimental_design.json
PXD053578	shard_7	complete_3_raw_3_normalized	flags_present	1			not_in_retained_input_manifest	annotations/raw/PXD053578/biological.json	annotations/raw/PXD053578/technical.json	annotations/raw/PXD053578/experimental_design.json	annotations/normalized/PXD053578/biological.json	annotations/normalized/PXD053578/technical.json	annotations/normalized/PXD053578/experimental_design.json
PXD053579	shard_0	complete_3_raw_3_normalized	flags_present	3			not_in_retained_input_manifest	annotations/raw/PXD053579/biological.json	annotations/raw/PXD053579/technical.json	annotations/raw/PXD053579/experimental_design.json	annotations/normalized/PXD053579/biological.json	annotations/normalized/PXD053579/technical.json	annotations/normalized/PXD053579/experimental_design.json
PXD053582	shard_1	complete_3_raw_3_normalized	flags_present	3			not_in_retained_input_manifest	annotations/raw/PXD053582/biological.json	annotations/raw/PXD053582/technical.json	annotations/raw/PXD053582/experimental_design.json	annotations/normalized/PXD053582/biological.json	annotations/normalized/PXD053582/technical.json	annotations/normalized/PXD053582/experimental_design.json
PXD053613	shard_2	complete_3_raw_3_normalized	flags_present	1			not_in_retained_input_manifest	annotations/raw/PXD053613/biological.json	annotations/raw/PXD053613/technical.json	annotations/raw/PXD053613/experimental_design.json	annotations/normalized/PXD053613/biological.json	annotations/normalized/PXD053613/technical.json	annotations/normalized/PXD053613/experimental_design.json
PXD053677	shard_3	complete_3_raw_3_normalized	flags_present	1			not_in_retained_input_manifest	annotations/raw/PXD053677/biological.json	annotations/raw/PXD053677/technical.json	annotations/raw/PXD053677/experimental_design.json	annotations/normalized/PXD053677/biological.json	annotations/normalized/PXD053677/technical.json	annotations/normalized/PXD053677/experimental_design.json
PXD053783	shard_4	complete_3_raw_3_normalized	flags_present	1			not_in_retained_input_manifest	annotations/raw/PXD053783/biological.json	annotations/raw/PXD053783/technical.json	annotations/raw/PXD053783/experimental_design.json	annotations/normalized/PXD053783/biological.json	annotations/normalized/PXD053783/technical.json	annotations/normalized/PXD053783/experimental_design.json
PXD053814	shard_5	complete_3_raw_3_normalized	flags_present	2			not_in_retained_input_manifest	annotations/raw/PXD053814/biological.json	annotations/raw/PXD053814/technical.json	annotations/raw/PXD053814/experimental_design.json	annotations/normalized/PXD053814/biological.json	annotations/normalized/PXD053814/technical.json	annotations/normalized/PXD053814/experimental_design.json
PXD053837	shard_6	complete_3_raw_3_normalized	flags_present	2			not_in_retained_input_manifest	annotations/raw/PXD053837/biological.json	annotations/raw/PXD053837/technical.json	annotations/raw/PXD053837/experimental_design.json	annotations/normalized/PXD053837/biological.json	annotations/normalized/PXD053837/technical.json	annotations/normalized/PXD053837/experimental_design.json
PXD053864	shard_7	complete_3_raw_3_normalized	flags_present	3			not_in_retained_input_manifest	annotations/raw/PXD053864/biological.json	annotations/raw/PXD053864/technical.json	annotations/raw/PXD053864/experimental_design.json	annotations/normalized/PXD053864/biological.json	annotations/normalized/PXD053864/technical.json	annotations/normalized/PXD053864/experimental_design.json
PXD053865	shard_0	complete_3_raw_3_normalized	flags_present	1			not_in_retained_input_manifest	annotations/raw/PXD053865/biological.json	annotations/raw/PXD053865/technical.json	annotations/raw/PXD053865/experimental_design.json	annotations/normalized/PXD053865/biological.json	annotations/normalized/PXD053865/technical.json	annotations/normalized/PXD053865/experimental_design.json
PXD053866	shard_1	complete_3_raw_3_normalized	flags_present	1			not_in_retained_input_manifest	annotations/raw/PXD053866/biological.json	annotations/raw/PXD053866/technical.json	annotations/raw/PXD053866/experimental_design.json	annotations/normalized/PXD053866/biological.json	annotations/normalized/PXD053866/technical.json	annotations/normalized/PXD053866/experimental_design.json
PXD053880	shard_2	complete_3_raw_3_normalized	flags_present	1			not_in_retained_input_manifest	annotations/raw/PXD053880/biological.json	annotations/raw/PXD053880/technical.json	annotations/raw/PXD053880/experimental_design.json	annotations/normalized/PXD053880/biological.json	annotations/normalized/PXD053880/technical.json	annotations/normalized/PXD053880/experimental_design.json
PXD053882	shard_3	complete_3_raw_3_normalized	no_stored_flags	0			not_in_retained_input_manifest	annotations/raw/PXD053882/biological.json	annotations/raw/PXD053882/technical.json	annotations/raw/PXD053882/experimental_design.json	annotations/normalized/PXD053882/biological.json	annotations/normalized/PXD053882/technical.json	annotations/normalized/PXD053882/experimental_design.json
PXD053894	shard_4	complete_3_raw_3_normalized	no_stored_flags	0			not_in_retained_input_manifest	annotations/raw/PXD053894/biological.json	annotations/raw/PXD053894/technical.json	annotations/raw/PXD053894/experimental_design.json	annotations/normalized/PXD053894/biological.json	annotations/normalized/PXD053894/technical.json	annotations/normalized/PXD053894/experimental_design.json
PXD053929	shard_5	complete_3_raw_3_normalized	flags_present	3			not_in_retained_input_manifest	annotations/raw/PXD053929/biological.json	annotations/raw/PXD053929/technical.json	annotations/raw/PXD053929/experimental_design.json	annotations/normalized/PXD053929/biological.json	annotations/normalized/PXD053929/technical.json	annotations/normalized/PXD053929/experimental_design.json
PXD053942	shard_6	complete_3_raw_3_normalized	no_stored_flags	0			not_in_retained_input_manifest	annotations/raw/PXD053942/biological.json	annotations/raw/PXD053942/technical.json	annotations/raw/PXD053942/experimental_design.json	annotations/normalized/PXD053942/biological.json	annotations/normalized/PXD053942/technical.json	annotations/normalized/PXD053942/experimental_design.json
PXD053945	shard_7	complete_3_raw_3_normalized	flags_present	1			not_in_retained_input_manifest	annotations/raw/PXD053945/biological.json	annotations/raw/PXD053945/technical.json	annotations/raw/PXD053945/experimental_design.json	annotations/normalized/PXD053945/biological.json	annotations/normalized/PXD053945/technical.json	annotations/normalized/PXD053945/experimental_design.json
PXD054002	shard_0	complete_3_raw_3_normalized	flags_present	1			not_in_retained_input_manifest	annotations/raw/PXD054002/biological.json	annotations/raw/PXD054002/technical.json	annotations/raw/PXD054002/experimental_design.json	annotations/normalized/PXD054002/biological.json	annotations/normalized/PXD054002/technical.json	annotations/normalized/PXD054002/experimental_design.json
PXD054016	shard_1	complete_3_raw_3_normalized	no_stored_flags	0			not_in_retained_input_manifest	annotations/raw/PXD054016/biological.json	annotations/raw/PXD054016/technical.json	annotations/raw/PXD054016/experimental_design.json	annotations/normalized/PXD054016/biological.json	annotations/normalized/PXD054016/technical.json	annotations/normalized/PXD054016/experimental_design.json
PXD054028	shard_2	complete_3_raw_3_normalized	flags_present	3			not_in_retained_input_manifest	annotations/raw/PXD054028/biological.json	annotations/raw/PXD054028/technical.json	annotations/raw/PXD054028/experimental_design.json	annotations/normalized/PXD054028/biological.json	annotations/normalized/PXD054028/technical.json	annotations/normalized/PXD054028/experimental_design.json
PXD054033	shard_3	complete_3_raw_3_normalized	no_stored_flags	0			not_in_retained_input_manifest	annotations/raw/PXD054033/biological.json	annotations/raw/PXD054033/technical.json	annotations/raw/PXD054033/experimental_design.json	annotations/normalized/PXD054033/biological.json	annotations/normalized/PXD054033/technical.json	annotations/normalized/PXD054033/experimental_design.json
PXD054042	shard_4	complete_3_raw_3_normalized	flags_present	1			not_in_retained_input_manifest	annotations/raw/PXD054042/biological.json	annotations/raw/PXD054042/technical.json	annotations/raw/PXD054042/experimental_design.json	annotations/normalized/PXD054042/biological.json	annotations/normalized/PXD054042/technical.json	annotations/normalized/PXD054042/experimental_design.json
PXD054065	shard_5	complete_3_raw_3_normalized	flags_present	4			not_in_retained_input_manifest	annotations/raw/PXD054065/biological.json	annotations/raw/PXD054065/technical.json	annotations/raw/PXD054065/experimental_design.json	annotations/normalized/PXD054065/biological.json	annotations/normalized/PXD054065/technical.json	annotations/normalized/PXD054065/experimental_design.json
PXD054069	shard_6	complete_3_raw_3_normalized	no_stored_flags	0			not_in_retained_input_manifest	annotations/raw/PXD054069/biological.json	annotations/raw/PXD054069/technical.json	annotations/raw/PXD054069/experimental_design.json	annotations/normalized/PXD054069/biological.json	annotations/normalized/PXD054069/technical.json	annotations/normalized/PXD054069/experimental_design.json
PXD054073	shard_7	complete_3_raw_3_normalized	no_stored_flags	0			not_in_retained_input_manifest	annotations/raw/PXD054073/biological.json	annotations/raw/PXD054073/technical.json	annotations/raw/PXD054073/experimental_design.json	annotations/normalized/PXD054073/biological.json	annotations/normalized/PXD054073/technical.json	annotations/normalized/PXD054073/experimental_design.json
PXD054119	shard_0	complete_3_raw_3_normalized	flags_present	1			not_in_retained_input_manifest	annotations/raw/PXD054119/biological.json	annotations/raw/PXD054119/technical.json	annotations/raw/PXD054119/experimental_design.json	annotations/normalized/PXD054119/biological.json	annotations/normalized/PXD054119/technical.json	annotations/normalized/PXD054119/experimental_design.json
PXD054144	shard_1	complete_3_raw_3_normalized	no_stored_flags	0			not_in_retained_input_manifest	annotations/raw/PXD054144/biological.json	annotations/raw/PXD054144/technical.json	annotations/raw/PXD054144/experimental_design.json	annotations/normalized/PXD054144/biological.json	annotations/normalized/PXD054144/technical.json	annotations/normalized/PXD054144/experimental_design.json
PXD054149	shard_2	complete_3_raw_3_normalized	no_stored_flags	0			not_in_retained_input_manifest	annotations/raw/PXD054149/biological.json	annotations/raw/PXD054149/technical.json	annotations/raw/PXD054149/experimental_design.json	annotations/normalized/PXD054149/biological.json	annotations/normalized/PXD054149/technical.json	annotations/normalized/PXD054149/experimental_design.json
PXD054183	shard_3	complete_3_raw_3_normalized	flags_present	2			not_in_retained_input_manifest	annotations/raw/PXD054183/biological.json	annotations/raw/PXD054183/technical.json	annotations/raw/PXD054183/experimental_design.json	annotations/normalized/PXD054183/biological.json	annotations/normalized/PXD054183/technical.json	annotations/normalized/PXD054183/experimental_design.json
PXD054197	shard_4	complete_3_raw_3_normalized	no_stored_flags	0			not_in_retained_input_manifest	annotations/raw/PXD054197/biological.json	annotations/raw/PXD054197/technical.json	annotations/raw/PXD054197/experimental_design.json	annotations/normalized/PXD054197/biological.json	annotations/normalized/PXD054197/technical.json	annotations/normalized/PXD054197/experimental_design.json
PXD054207	shard_5	complete_3_raw_3_normalized	flags_present	2			not_in_retained_input_manifest	annotations/raw/PXD054207/biological.json	annotations/raw/PXD054207/technical.json	annotations/raw/PXD054207/experimental_design.json	annotations/normalized/PXD054207/biological.json	annotations/normalized/PXD054207/technical.json	annotations/normalized/PXD054207/experimental_design.json
PXD054242	shard_6	complete_3_raw_3_normalized	flags_present	1			not_in_retained_input_manifest	annotations/raw/PXD054242/biological.json	annotations/raw/PXD054242/technical.json	annotations/raw/PXD054242/experimental_design.json	annotations/normalized/PXD054242/biological.json	annotations/normalized/PXD054242/technical.json	annotations/normalized/PXD054242/experimental_design.json
PXD054248	shard_7	complete_3_raw_3_normalized	flags_present	1			not_in_retained_input_manifest	annotations/raw/PXD054248/biological.json	annotations/raw/PXD054248/technical.json	annotations/raw/PXD054248/experimental_design.json	annotations/normalized/PXD054248/biological.json	annotations/normalized/PXD054248/technical.json	annotations/normalized/PXD054248/experimental_design.json
PXD054298	shard_0	complete_3_raw_3_normalized	flags_present	3			not_in_retained_input_manifest	annotations/raw/PXD054298/biological.json	annotations/raw/PXD054298/technical.json	annotations/raw/PXD054298/experimental_design.json	annotations/normalized/PXD054298/biological.json	annotations/normalized/PXD054298/technical.json	annotations/normalized/PXD054298/experimental_design.json
PXD054300	shard_1	complete_3_raw_3_normalized	flags_present	3			not_in_retained_input_manifest	annotations/raw/PXD054300/biological.json	annotations/raw/PXD054300/technical.json	annotations/raw/PXD054300/experimental_design.json	annotations/normalized/PXD054300/biological.json	annotations/normalized/PXD054300/technical.json	annotations/normalized/PXD054300/experimental_design.json
PXD054301	shard_2	complete_3_raw_3_normalized	no_stored_flags	0			not_in_retained_input_manifest	annotations/raw/PXD054301/biological.json	annotations/raw/PXD054301/technical.json	annotations/raw/PXD054301/experimental_design.json	annotations/normalized/PXD054301/biological.json	annotations/normalized/PXD054301/technical.json	annotations/normalized/PXD054301/experimental_design.json
PXD054304	shard_3	complete_3_raw_3_normalized	flags_present	4			not_in_retained_input_manifest	annotations/raw/PXD054304/biological.json	annotations/raw/PXD054304/technical.json	annotations/raw/PXD054304/experimental_design.json	annotations/normalized/PXD054304/biological.json	annotations/normalized/PXD054304/technical.json	annotations/normalized/PXD054304/experimental_design.json
PXD054317	shard_4	complete_3_raw_3_normalized	flags_present	3			not_in_retained_input_manifest	annotations/raw/PXD054317/biological.json	annotations/raw/PXD054317/technical.json	annotations/raw/PXD054317/experimental_design.json	annotations/normalized/PXD054317/biological.json	annotations/normalized/PXD054317/technical.json	annotations/normalized/PXD054317/experimental_design.json
PXD054323	shard_5	complete_3_raw_3_normalized	flags_present	3			not_in_retained_input_manifest	annotations/raw/PXD054323/biological.json	annotations/raw/PXD054323/technical.json	annotations/raw/PXD054323/experimental_design.json	annotations/normalized/PXD054323/biological.json	annotations/normalized/PXD054323/technical.json	annotations/normalized/PXD054323/experimental_design.json
PXD054336	shard_6	complete_3_raw_3_normalized	flags_present	6			not_in_retained_input_manifest	annotations/raw/PXD054336/biological.json	annotations/raw/PXD054336/technical.json	annotations/raw/PXD054336/experimental_design.json	annotations/normalized/PXD054336/biological.json	annotations/normalized/PXD054336/technical.json	annotations/normalized/PXD054336/experimental_design.json
PXD054378	shard_7	complete_3_raw_3_normalized	flags_present	2			not_in_retained_input_manifest	annotations/raw/PXD054378/biological.json	annotations/raw/PXD054378/technical.json	annotations/raw/PXD054378/experimental_design.json	annotations/normalized/PXD054378/biological.json	annotations/normalized/PXD054378/technical.json	annotations/normalized/PXD054378/experimental_design.json
PXD054388	shard_0	complete_3_raw_3_normalized	no_stored_flags	0			not_in_retained_input_manifest	annotations/raw/PXD054388/biological.json	annotations/raw/PXD054388/technical.json	annotations/raw/PXD054388/experimental_design.json	annotations/normalized/PXD054388/biological.json	annotations/normalized/PXD054388/technical.json	annotations/normalized/PXD054388/experimental_design.json
PXD054390	shard_1	complete_3_raw_3_normalized	flags_present	1			not_in_retained_input_manifest	annotations/raw/PXD054390/biological.json	annotations/raw/PXD054390/technical.json	annotations/raw/PXD054390/experimental_design.json	annotations/normalized/PXD054390/biological.json	annotations/normalized/PXD054390/technical.json	annotations/normalized/PXD054390/experimental_design.json
PXD054405	shard_2	complete_3_raw_3_normalized	no_stored_flags	0			not_in_retained_input_manifest	annotations/raw/PXD054405/biological.json	annotations/raw/PXD054405/technical.json	annotations/raw/PXD054405/experimental_design.json	annotations/normalized/PXD054405/biological.json	annotations/normalized/PXD054405/technical.json	annotations/normalized/PXD054405/experimental_design.json
PXD054428	shard_3	complete_3_raw_3_normalized	flags_present	2			not_in_retained_input_manifest	annotations/raw/PXD054428/biological.json	annotations/raw/PXD054428/technical.json	annotations/raw/PXD054428/experimental_design.json	annotations/normalized/PXD054428/biological.json	annotations/normalized/PXD054428/technical.json	annotations/normalized/PXD054428/experimental_design.json
PXD054449	shard_4	complete_3_raw_3_normalized	flags_present	2			not_in_retained_input_manifest	annotations/raw/PXD054449/biological.json	annotations/raw/PXD054449/technical.json	annotations/raw/PXD054449/experimental_design.json	annotations/normalized/PXD054449/biological.json	annotations/normalized/PXD054449/technical.json	annotations/normalized/PXD054449/experimental_design.json
PXD054505	shard_5	complete_3_raw_3_normalized	flags_present	1			not_in_retained_input_manifest	annotations/raw/PXD054505/biological.json	annotations/raw/PXD054505/technical.json	annotations/raw/PXD054505/experimental_design.json	annotations/normalized/PXD054505/biological.json	annotations/normalized/PXD054505/technical.json	annotations/normalized/PXD054505/experimental_design.json
PXD054556	shard_6	complete_3_raw_3_normalized	no_stored_flags	0			not_in_retained_input_manifest	annotations/raw/PXD054556/biological.json	annotations/raw/PXD054556/technical.json	annotations/raw/PXD054556/experimental_design.json	annotations/normalized/PXD054556/biological.json	annotations/normalized/PXD054556/technical.json	annotations/normalized/PXD054556/experimental_design.json
PXD054611	shard_7	complete_3_raw_3_normalized	no_stored_flags	0			not_in_retained_input_manifest	annotations/raw/PXD054611/biological.json	annotations/raw/PXD054611/technical.json	annotations/raw/PXD054611/experimental_design.json	annotations/normalized/PXD054611/biological.json	annotations/normalized/PXD054611/technical.json	annotations/normalized/PXD054611/experimental_design.json
PXD054667	shard_0	complete_3_raw_3_normalized	flags_present	1			not_in_retained_input_manifest	annotations/raw/PXD054667/biological.json	annotations/raw/PXD054667/technical.json	annotations/raw/PXD054667/experimental_design.json	annotations/normalized/PXD054667/biological.json	annotations/normalized/PXD054667/technical.json	annotations/normalized/PXD054667/experimental_design.json
PXD054671	shard_1	complete_3_raw_3_normalized	flags_present	1			not_in_retained_input_manifest	annotations/raw/PXD054671/biological.json	annotations/raw/PXD054671/technical.json	annotations/raw/PXD054671/experimental_design.json	annotations/normalized/PXD054671/biological.json	annotations/normalized/PXD054671/technical.json	annotations/normalized/PXD054671/experimental_design.json
PXD054675	shard_2	complete_3_raw_3_normalized	flags_present	2			not_in_retained_input_manifest	annotations/raw/PXD054675/biological.json	annotations/raw/PXD054675/technical.json	annotations/raw/PXD054675/experimental_design.json	annotations/normalized/PXD054675/biological.json	annotations/normalized/PXD054675/technical.json	annotations/normalized/PXD054675/experimental_design.json
PXD054678	shard_3	complete_3_raw_3_normalized	flags_present	1			not_in_retained_input_manifest	annotations/raw/PXD054678/biological.json	annotations/raw/PXD054678/technical.json	annotations/raw/PXD054678/experimental_design.json	annotations/normalized/PXD054678/biological.json	annotations/normalized/PXD054678/technical.json	annotations/normalized/PXD054678/experimental_design.json
PXD054681	shard_4	complete_3_raw_3_normalized	flags_present	1			not_in_retained_input_manifest	annotations/raw/PXD054681/biological.json	annotations/raw/PXD054681/technical.json	annotations/raw/PXD054681/experimental_design.json	annotations/normalized/PXD054681/biological.json	annotations/normalized/PXD054681/technical.json	annotations/normalized/PXD054681/experimental_design.json
PXD054686	shard_5	complete_3_raw_3_normalized	flags_present	1			not_in_retained_input_manifest	annotations/raw/PXD054686/biological.json	annotations/raw/PXD054686/technical.json	annotations/raw/PXD054686/experimental_design.json	annotations/normalized/PXD054686/biological.json	annotations/normalized/PXD054686/technical.json	annotations/normalized/PXD054686/experimental_design.json
PXD054701	shard_6	complete_3_raw_3_normalized	flags_present	1			not_in_retained_input_manifest	annotations/raw/PXD054701/biological.json	annotations/raw/PXD054701/technical.json	annotations/raw/PXD054701/experimental_design.json	annotations/normalized/PXD054701/biological.json	annotations/normalized/PXD054701/technical.json	annotations/normalized/PXD054701/experimental_design.json
PXD054717	shard_7	complete_3_raw_3_normalized	flags_present	1			not_in_retained_input_manifest	annotations/raw/PXD054717/biological.json	annotations/raw/PXD054717/technical.json	annotations/raw/PXD054717/experimental_design.json	annotations/normalized/PXD054717/biological.json	annotations/normalized/PXD054717/technical.json	annotations/normalized/PXD054717/experimental_design.json
PXD054722	shard_0	complete_3_raw_3_normalized	no_stored_flags	0			not_in_retained_input_manifest	annotations/raw/PXD054722/biological.json	annotations/raw/PXD054722/technical.json	annotations/raw/PXD054722/experimental_design.json	annotations/normalized/PXD054722/biological.json	annotations/normalized/PXD054722/technical.json	annotations/normalized/PXD054722/experimental_design.json
PXD054783	shard_1	complete_3_raw_3_normalized	flags_present	1			not_in_retained_input_manifest	annotations/raw/PXD054783/biological.json	annotations/raw/PXD054783/technical.json	annotations/raw/PXD054783/experimental_design.json	annotations/normalized/PXD054783/biological.json	annotations/normalized/PXD054783/technical.json	annotations/normalized/PXD054783/experimental_design.json
PXD054857	shard_2	complete_3_raw_3_normalized	flags_present	1			not_in_retained_input_manifest	annotations/raw/PXD054857/biological.json	annotations/raw/PXD054857/technical.json	annotations/raw/PXD054857/experimental_design.json	annotations/normalized/PXD054857/biological.json	annotations/normalized/PXD054857/technical.json	annotations/normalized/PXD054857/experimental_design.json
PXD054861	shard_3	complete_3_raw_3_normalized	flags_present	1			not_in_retained_input_manifest	annotations/raw/PXD054861/biological.json	annotations/raw/PXD054861/technical.json	annotations/raw/PXD054861/experimental_design.json	annotations/normalized/PXD054861/biological.json	annotations/normalized/PXD054861/technical.json	annotations/normalized/PXD054861/experimental_design.json
PXD054972	shard_4	complete_3_raw_3_normalized	flags_present	1			not_in_retained_input_manifest	annotations/raw/PXD054972/biological.json	annotations/raw/PXD054972/technical.json	annotations/raw/PXD054972/experimental_design.json	annotations/normalized/PXD054972/biological.json	annotations/normalized/PXD054972/technical.json	annotations/normalized/PXD054972/experimental_design.json
PXD055011	shard_5	complete_3_raw_3_normalized	flags_present	2			not_in_retained_input_manifest	annotations/raw/PXD055011/biological.json	annotations/raw/PXD055011/technical.json	annotations/raw/PXD055011/experimental_design.json	annotations/normalized/PXD055011/biological.json	annotations/normalized/PXD055011/technical.json	annotations/normalized/PXD055011/experimental_design.json
PXD055123	shard_6	complete_3_raw_3_normalized	flags_present	3			not_in_retained_input_manifest	annotations/raw/PXD055123/biological.json	annotations/raw/PXD055123/technical.json	annotations/raw/PXD055123/experimental_design.json	annotations/normalized/PXD055123/biological.json	annotations/normalized/PXD055123/technical.json	annotations/normalized/PXD055123/experimental_design.json
PXD055141	shard_7	complete_3_raw_3_normalized	flags_present	5			not_in_retained_input_manifest	annotations/raw/PXD055141/biological.json	annotations/raw/PXD055141/technical.json	annotations/raw/PXD055141/experimental_design.json	annotations/normalized/PXD055141/biological.json	annotations/normalized/PXD055141/technical.json	annotations/normalized/PXD055141/experimental_design.json
PXD055168	shard_0	complete_3_raw_3_normalized	flags_present	3			not_in_retained_input_manifest	annotations/raw/PXD055168/biological.json	annotations/raw/PXD055168/technical.json	annotations/raw/PXD055168/experimental_design.json	annotations/normalized/PXD055168/biological.json	annotations/normalized/PXD055168/technical.json	annotations/normalized/PXD055168/experimental_design.json
PXD055192	shard_1	complete_3_raw_3_normalized	flags_present	6			not_in_retained_input_manifest	annotations/raw/PXD055192/biological.json	annotations/raw/PXD055192/technical.json	annotations/raw/PXD055192/experimental_design.json	annotations/normalized/PXD055192/biological.json	annotations/normalized/PXD055192/technical.json	annotations/normalized/PXD055192/experimental_design.json
PXD055223	shard_2	complete_3_raw_3_normalized	flags_present	4			not_in_retained_input_manifest	annotations/raw/PXD055223/biological.json	annotations/raw/PXD055223/technical.json	annotations/raw/PXD055223/experimental_design.json	annotations/normalized/PXD055223/biological.json	annotations/normalized/PXD055223/technical.json	annotations/normalized/PXD055223/experimental_design.json
PXD055227	shard_3	complete_3_raw_3_normalized	flags_present	1			not_in_retained_input_manifest	annotations/raw/PXD055227/biological.json	annotations/raw/PXD055227/technical.json	annotations/raw/PXD055227/experimental_design.json	annotations/normalized/PXD055227/biological.json	annotations/normalized/PXD055227/technical.json	annotations/normalized/PXD055227/experimental_design.json
PXD055242	shard_4	complete_3_raw_3_normalized	flags_present	2			not_in_retained_input_manifest	annotations/raw/PXD055242/biological.json	annotations/raw/PXD055242/technical.json	annotations/raw/PXD055242/experimental_design.json	annotations/normalized/PXD055242/biological.json	annotations/normalized/PXD055242/technical.json	annotations/normalized/PXD055242/experimental_design.json
PXD055262	shard_5	complete_3_raw_3_normalized	flags_present	1			not_in_retained_input_manifest	annotations/raw/PXD055262/biological.json	annotations/raw/PXD055262/technical.json	annotations/raw/PXD055262/experimental_design.json	annotations/normalized/PXD055262/biological.json	annotations/normalized/PXD055262/technical.json	annotations/normalized/PXD055262/experimental_design.json
PXD055275	shard_6	complete_3_raw_3_normalized	no_stored_flags	0			not_in_retained_input_manifest	annotations/raw/PXD055275/biological.json	annotations/raw/PXD055275/technical.json	annotations/raw/PXD055275/experimental_design.json	annotations/normalized/PXD055275/biological.json	annotations/normalized/PXD055275/technical.json	annotations/normalized/PXD055275/experimental_design.json
PXD055348	shard_7	complete_3_raw_3_normalized	flags_present	2			not_in_retained_input_manifest	annotations/raw/PXD055348/biological.json	annotations/raw/PXD055348/technical.json	annotations/raw/PXD055348/experimental_design.json	annotations/normalized/PXD055348/biological.json	annotations/normalized/PXD055348/technical.json	annotations/normalized/PXD055348/experimental_design.json
PXD055375	shard_0	complete_3_raw_3_normalized	flags_present	1			not_in_retained_input_manifest	annotations/raw/PXD055375/biological.json	annotations/raw/PXD055375/technical.json	annotations/raw/PXD055375/experimental_design.json	annotations/normalized/PXD055375/biological.json	annotations/normalized/PXD055375/technical.json	annotations/normalized/PXD055375/experimental_design.json
PXD055466	shard_1	complete_3_raw_3_normalized	flags_present	2			not_in_retained_input_manifest	annotations/raw/PXD055466/biological.json	annotations/raw/PXD055466/technical.json	annotations/raw/PXD055466/experimental_design.json	annotations/normalized/PXD055466/biological.json	annotations/normalized/PXD055466/technical.json	annotations/normalized/PXD055466/experimental_design.json
PXD055473	shard_2	complete_3_raw_3_normalized	flags_present	2			not_in_retained_input_manifest	annotations/raw/PXD055473/biological.json	annotations/raw/PXD055473/technical.json	annotations/raw/PXD055473/experimental_design.json	annotations/normalized/PXD055473/biological.json	annotations/normalized/PXD055473/technical.json	annotations/normalized/PXD055473/experimental_design.json
PXD055535	shard_3	complete_3_raw_3_normalized	flags_present	3			not_in_retained_input_manifest	annotations/raw/PXD055535/biological.json	annotations/raw/PXD055535/technical.json	annotations/raw/PXD055535/experimental_design.json	annotations/normalized/PXD055535/biological.json	annotations/normalized/PXD055535/technical.json	annotations/normalized/PXD055535/experimental_design.json
PXD055566	shard_4	complete_3_raw_3_normalized	no_stored_flags	0			not_in_retained_input_manifest	annotations/raw/PXD055566/biological.json	annotations/raw/PXD055566/technical.json	annotations/raw/PXD055566/experimental_design.json	annotations/normalized/PXD055566/biological.json	annotations/normalized/PXD055566/technical.json	annotations/normalized/PXD055566/experimental_design.json
PXD055586	shard_5	complete_3_raw_3_normalized	flags_present	3			not_in_retained_input_manifest	annotations/raw/PXD055586/biological.json	annotations/raw/PXD055586/technical.json	annotations/raw/PXD055586/experimental_design.json	annotations/normalized/PXD055586/biological.json	annotations/normalized/PXD055586/technical.json	annotations/normalized/PXD055586/experimental_design.json
PXD055605	shard_6	complete_3_raw_3_normalized	flags_present	7			not_in_retained_input_manifest	annotations/raw/PXD055605/biological.json	annotations/raw/PXD055605/technical.json	annotations/raw/PXD055605/experimental_design.json	annotations/normalized/PXD055605/biological.json	annotations/normalized/PXD055605/technical.json	annotations/normalized/PXD055605/experimental_design.json
PXD055623	shard_7	complete_3_raw_3_normalized	flags_present	1			not_in_retained_input_manifest	annotations/raw/PXD055623/biological.json	annotations/raw/PXD055623/technical.json	annotations/raw/PXD055623/experimental_design.json	annotations/normalized/PXD055623/biological.json	annotations/normalized/PXD055623/technical.json	annotations/normalized/PXD055623/experimental_design.json
PXD055631	shard_0	complete_3_raw_3_normalized	no_stored_flags	0			not_in_retained_input_manifest	annotations/raw/PXD055631/biological.json	annotations/raw/PXD055631/technical.json	annotations/raw/PXD055631/experimental_design.json	annotations/normalized/PXD055631/biological.json	annotations/normalized/PXD055631/technical.json	annotations/normalized/PXD055631/experimental_design.json
PXD055633	shard_1	complete_3_raw_3_normalized	no_stored_flags	0			not_in_retained_input_manifest	annotations/raw/PXD055633/biological.json	annotations/raw/PXD055633/technical.json	annotations/raw/PXD055633/experimental_design.json	annotations/normalized/PXD055633/biological.json	annotations/normalized/PXD055633/technical.json	annotations/normalized/PXD055633/experimental_design.json
PXD055737	shard_2	complete_3_raw_3_normalized	flags_present	1			not_in_retained_input_manifest	annotations/raw/PXD055737/biological.json	annotations/raw/PXD055737/technical.json	annotations/raw/PXD055737/experimental_design.json	annotations/normalized/PXD055737/biological.json	annotations/normalized/PXD055737/technical.json	annotations/normalized/PXD055737/experimental_design.json
PXD055766	shard_3	complete_3_raw_3_normalized	flags_present	2			not_in_retained_input_manifest	annotations/raw/PXD055766/biological.json	annotations/raw/PXD055766/technical.json	annotations/raw/PXD055766/experimental_design.json	annotations/normalized/PXD055766/biological.json	annotations/normalized/PXD055766/technical.json	annotations/normalized/PXD055766/experimental_design.json
PXD055775	shard_4	complete_3_raw_3_normalized	flags_present	1			not_in_retained_input_manifest	annotations/raw/PXD055775/biological.json	annotations/raw/PXD055775/technical.json	annotations/raw/PXD055775/experimental_design.json	annotations/normalized/PXD055775/biological.json	annotations/normalized/PXD055775/technical.json	annotations/normalized/PXD055775/experimental_design.json
PXD055814	shard_5	complete_3_raw_3_normalized	flags_present	3			not_in_retained_input_manifest	annotations/raw/PXD055814/biological.json	annotations/raw/PXD055814/technical.json	annotations/raw/PXD055814/experimental_design.json	annotations/normalized/PXD055814/biological.json	annotations/normalized/PXD055814/technical.json	annotations/normalized/PXD055814/experimental_design.json
PXD055818	shard_6	complete_3_raw_3_normalized	flags_present	3			not_in_retained_input_manifest	annotations/raw/PXD055818/biological.json	annotations/raw/PXD055818/technical.json	annotations/raw/PXD055818/experimental_design.json	annotations/normalized/PXD055818/biological.json	annotations/normalized/PXD055818/technical.json	annotations/normalized/PXD055818/experimental_design.json
PXD055884	shard_7	complete_3_raw_3_normalized	flags_present	1			not_in_retained_input_manifest	annotations/raw/PXD055884/biological.json	annotations/raw/PXD055884/technical.json	annotations/raw/PXD055884/experimental_design.json	annotations/normalized/PXD055884/biological.json	annotations/normalized/PXD055884/technical.json	annotations/normalized/PXD055884/experimental_design.json
PXD055898	shard_0	complete_3_raw_3_normalized	flags_present	2			not_in_retained_input_manifest	annotations/raw/PXD055898/biological.json	annotations/raw/PXD055898/technical.json	annotations/raw/PXD055898/experimental_design.json	annotations/normalized/PXD055898/biological.json	annotations/normalized/PXD055898/technical.json	annotations/normalized/PXD055898/experimental_design.json
PXD055923	shard_1	complete_3_raw_3_normalized	no_stored_flags	0			not_in_retained_input_manifest	annotations/raw/PXD055923/biological.json	annotations/raw/PXD055923/technical.json	annotations/raw/PXD055923/experimental_design.json	annotations/normalized/PXD055923/biological.json	annotations/normalized/PXD055923/technical.json	annotations/normalized/PXD055923/experimental_design.json
PXD055943	shard_2	complete_3_raw_3_normalized	no_stored_flags	0			not_in_retained_input_manifest	annotations/raw/PXD055943/biological.json	annotations/raw/PXD055943/technical.json	annotations/raw/PXD055943/experimental_design.json	annotations/normalized/PXD055943/biological.json	annotations/normalized/PXD055943/technical.json	annotations/normalized/PXD055943/experimental_design.json
PXD055950	shard_3	complete_3_raw_3_normalized	flags_present	5			not_in_retained_input_manifest	annotations/raw/PXD055950/biological.json	annotations/raw/PXD055950/technical.json	annotations/raw/PXD055950/experimental_design.json	annotations/normalized/PXD055950/biological.json	annotations/normalized/PXD055950/technical.json	annotations/normalized/PXD055950/experimental_design.json
PXD055956	shard_4	complete_3_raw_3_normalized	flags_present	1			not_in_retained_input_manifest	annotations/raw/PXD055956/biological.json	annotations/raw/PXD055956/technical.json	annotations/raw/PXD055956/experimental_design.json	annotations/normalized/PXD055956/biological.json	annotations/normalized/PXD055956/technical.json	annotations/normalized/PXD055956/experimental_design.json
PXD055973	shard_5	complete_3_raw_3_normalized	flags_present	1	technical		not_in_retained_input_manifest	annotations/raw/PXD055973/biological.json	annotations/raw/PXD055973/technical.json	annotations/raw/PXD055973/experimental_design.json	annotations/normalized/PXD055973/biological.json	annotations/normalized/PXD055973/technical.json	annotations/normalized/PXD055973/experimental_design.json
PXD055978	shard_6	complete_3_raw_3_normalized	no_stored_flags	0			not_in_retained_input_manifest	annotations/raw/PXD055978/biological.json	annotations/raw/PXD055978/technical.json	annotations/raw/PXD055978/experimental_design.json	annotations/normalized/PXD055978/biological.json	annotations/normalized/PXD055978/technical.json	annotations/normalized/PXD055978/experimental_design.json
PXD055983	shard_7	complete_3_raw_3_normalized	flags_present	1			not_in_retained_input_manifest	annotations/raw/PXD055983/biological.json	annotations/raw/PXD055983/technical.json	annotations/raw/PXD055983/experimental_design.json	annotations/normalized/PXD055983/biological.json	annotations/normalized/PXD055983/technical.json	annotations/normalized/PXD055983/experimental_design.json
PXD055984	shard_0	complete_3_raw_3_normalized	no_stored_flags	0			not_in_retained_input_manifest	annotations/raw/PXD055984/biological.json	annotations/raw/PXD055984/technical.json	annotations/raw/PXD055984/experimental_design.json	annotations/normalized/PXD055984/biological.json	annotations/normalized/PXD055984/technical.json	annotations/normalized/PXD055984/experimental_design.json
PXD056026	shard_1	complete_3_raw_3_normalized	flags_present	1			not_in_retained_input_manifest	annotations/raw/PXD056026/biological.json	annotations/raw/PXD056026/technical.json	annotations/raw/PXD056026/experimental_design.json	annotations/normalized/PXD056026/biological.json	annotations/normalized/PXD056026/technical.json	annotations/normalized/PXD056026/experimental_design.json
PXD056040	shard_2	complete_3_raw_3_normalized	no_stored_flags	0			not_in_retained_input_manifest	annotations/raw/PXD056040/biological.json	annotations/raw/PXD056040/technical.json	annotations/raw/PXD056040/experimental_design.json	annotations/normalized/PXD056040/biological.json	annotations/normalized/PXD056040/technical.json	annotations/normalized/PXD056040/experimental_design.json
PXD056059	shard_3	complete_3_raw_3_normalized	no_stored_flags	0			not_in_retained_input_manifest	annotations/raw/PXD056059/biological.json	annotations/raw/PXD056059/technical.json	annotations/raw/PXD056059/experimental_design.json	annotations/normalized/PXD056059/biological.json	annotations/normalized/PXD056059/technical.json	annotations/normalized/PXD056059/experimental_design.json
PXD056061	shard_4	complete_3_raw_3_normalized	no_stored_flags	0			not_in_retained_input_manifest	annotations/raw/PXD056061/biological.json	annotations/raw/PXD056061/technical.json	annotations/raw/PXD056061/experimental_design.json	annotations/normalized/PXD056061/biological.json	annotations/normalized/PXD056061/technical.json	annotations/normalized/PXD056061/experimental_design.json
PXD056064	shard_5	complete_3_raw_3_normalized	no_stored_flags	0			not_in_retained_input_manifest	annotations/raw/PXD056064/biological.json	annotations/raw/PXD056064/technical.json	annotations/raw/PXD056064/experimental_design.json	annotations/normalized/PXD056064/biological.json	annotations/normalized/PXD056064/technical.json	annotations/normalized/PXD056064/experimental_design.json
PXD056070	shard_6	complete_3_raw_3_normalized	flags_present	1			not_in_retained_input_manifest	annotations/raw/PXD056070/biological.json	annotations/raw/PXD056070/technical.json	annotations/raw/PXD056070/experimental_design.json	annotations/normalized/PXD056070/biological.json	annotations/normalized/PXD056070/technical.json	annotations/normalized/PXD056070/experimental_design.json
PXD056077	shard_7	complete_3_raw_3_normalized	flags_present	4			not_in_retained_input_manifest	annotations/raw/PXD056077/biological.json	annotations/raw/PXD056077/technical.json	annotations/raw/PXD056077/experimental_design.json	annotations/normalized/PXD056077/biological.json	annotations/normalized/PXD056077/technical.json	annotations/normalized/PXD056077/experimental_design.json
PXD056079	shard_0	complete_3_raw_3_normalized	flags_present	2			not_in_retained_input_manifest	annotations/raw/PXD056079/biological.json	annotations/raw/PXD056079/technical.json	annotations/raw/PXD056079/experimental_design.json	annotations/normalized/PXD056079/biological.json	annotations/normalized/PXD056079/technical.json	annotations/normalized/PXD056079/experimental_design.json
PXD056087	shard_1	complete_3_raw_3_normalized	flags_present	1			not_in_retained_input_manifest	annotations/raw/PXD056087/biological.json	annotations/raw/PXD056087/technical.json	annotations/raw/PXD056087/experimental_design.json	annotations/normalized/PXD056087/biological.json	annotations/normalized/PXD056087/technical.json	annotations/normalized/PXD056087/experimental_design.json
PXD056092	shard_2	complete_3_raw_3_normalized	no_stored_flags	0			not_in_retained_input_manifest	annotations/raw/PXD056092/biological.json	annotations/raw/PXD056092/technical.json	annotations/raw/PXD056092/experimental_design.json	annotations/normalized/PXD056092/biological.json	annotations/normalized/PXD056092/technical.json	annotations/normalized/PXD056092/experimental_design.json
PXD056095	shard_3	complete_3_raw_3_normalized	flags_present	1			not_in_retained_input_manifest	annotations/raw/PXD056095/biological.json	annotations/raw/PXD056095/technical.json	annotations/raw/PXD056095/experimental_design.json	annotations/normalized/PXD056095/biological.json	annotations/normalized/PXD056095/technical.json	annotations/normalized/PXD056095/experimental_design.json
PXD056096	shard_4	complete_3_raw_3_normalized	flags_present	1			not_in_retained_input_manifest	annotations/raw/PXD056096/biological.json	annotations/raw/PXD056096/technical.json	annotations/raw/PXD056096/experimental_design.json	annotations/normalized/PXD056096/biological.json	annotations/normalized/PXD056096/technical.json	annotations/normalized/PXD056096/experimental_design.json
PXD056099	shard_5	complete_3_raw_3_normalized	flags_present	1			not_in_retained_input_manifest	annotations/raw/PXD056099/biological.json	annotations/raw/PXD056099/technical.json	annotations/raw/PXD056099/experimental_design.json	annotations/normalized/PXD056099/biological.json	annotations/normalized/PXD056099/technical.json	annotations/normalized/PXD056099/experimental_design.json
PXD056103	shard_6	complete_3_raw_3_normalized	flags_present	2			not_in_retained_input_manifest	annotations/raw/PXD056103/biological.json	annotations/raw/PXD056103/technical.json	annotations/raw/PXD056103/experimental_design.json	annotations/normalized/PXD056103/biological.json	annotations/normalized/PXD056103/technical.json	annotations/normalized/PXD056103/experimental_design.json
PXD056141	shard_7	complete_3_raw_3_normalized	no_stored_flags	0			not_in_retained_input_manifest	annotations/raw/PXD056141/biological.json	annotations/raw/PXD056141/technical.json	annotations/raw/PXD056141/experimental_design.json	annotations/normalized/PXD056141/biological.json	annotations/normalized/PXD056141/technical.json	annotations/normalized/PXD056141/experimental_design.json
PXD056153	shard_0	complete_3_raw_3_normalized	flags_present	1			not_in_retained_input_manifest	annotations/raw/PXD056153/biological.json	annotations/raw/PXD056153/technical.json	annotations/raw/PXD056153/experimental_design.json	annotations/normalized/PXD056153/biological.json	annotations/normalized/PXD056153/technical.json	annotations/normalized/PXD056153/experimental_design.json
PXD056156	shard_1	complete_3_raw_3_normalized	flags_present	2			not_in_retained_input_manifest	annotations/raw/PXD056156/biological.json	annotations/raw/PXD056156/technical.json	annotations/raw/PXD056156/experimental_design.json	annotations/normalized/PXD056156/biological.json	annotations/normalized/PXD056156/technical.json	annotations/normalized/PXD056156/experimental_design.json
PXD056160	shard_2	complete_3_raw_3_normalized	flags_present	2			not_in_retained_input_manifest	annotations/raw/PXD056160/biological.json	annotations/raw/PXD056160/technical.json	annotations/raw/PXD056160/experimental_design.json	annotations/normalized/PXD056160/biological.json	annotations/normalized/PXD056160/technical.json	annotations/normalized/PXD056160/experimental_design.json
PXD056164	shard_3	complete_3_raw_3_normalized	flags_present	1			not_in_retained_input_manifest	annotations/raw/PXD056164/biological.json	annotations/raw/PXD056164/technical.json	annotations/raw/PXD056164/experimental_design.json	annotations/normalized/PXD056164/biological.json	annotations/normalized/PXD056164/technical.json	annotations/normalized/PXD056164/experimental_design.json
PXD056168	shard_4	complete_3_raw_3_normalized	flags_present	2			not_in_retained_input_manifest	annotations/raw/PXD056168/biological.json	annotations/raw/PXD056168/technical.json	annotations/raw/PXD056168/experimental_design.json	annotations/normalized/PXD056168/biological.json	annotations/normalized/PXD056168/technical.json	annotations/normalized/PXD056168/experimental_design.json
PXD056170	shard_5	complete_3_raw_3_normalized	no_stored_flags	0	technical;experimental_design		not_in_retained_input_manifest	annotations/raw/PXD056170/biological.json	annotations/raw/PXD056170/technical.json	annotations/raw/PXD056170/experimental_design.json	annotations/normalized/PXD056170/biological.json	annotations/normalized/PXD056170/technical.json	annotations/normalized/PXD056170/experimental_design.json
PXD056176	shard_6	complete_3_raw_3_normalized	flags_present	1			not_in_retained_input_manifest	annotations/raw/PXD056176/biological.json	annotations/raw/PXD056176/technical.json	annotations/raw/PXD056176/experimental_design.json	annotations/normalized/PXD056176/biological.json	annotations/normalized/PXD056176/technical.json	annotations/normalized/PXD056176/experimental_design.json
PXD056181	shard_7	complete_3_raw_3_normalized	flags_present	1			not_in_retained_input_manifest	annotations/raw/PXD056181/biological.json	annotations/raw/PXD056181/technical.json	annotations/raw/PXD056181/experimental_design.json	annotations/normalized/PXD056181/biological.json	annotations/normalized/PXD056181/technical.json	annotations/normalized/PXD056181/experimental_design.json
PXD056183	shard_0	complete_3_raw_3_normalized	flags_present	4			not_in_retained_input_manifest	annotations/raw/PXD056183/biological.json	annotations/raw/PXD056183/technical.json	annotations/raw/PXD056183/experimental_design.json	annotations/normalized/PXD056183/biological.json	annotations/normalized/PXD056183/technical.json	annotations/normalized/PXD056183/experimental_design.json
PXD056187	shard_1	complete_3_raw_3_normalized	flags_present	1			not_in_retained_input_manifest	annotations/raw/PXD056187/biological.json	annotations/raw/PXD056187/technical.json	annotations/raw/PXD056187/experimental_design.json	annotations/normalized/PXD056187/biological.json	annotations/normalized/PXD056187/technical.json	annotations/normalized/PXD056187/experimental_design.json
PXD056189	shard_2	complete_3_raw_3_normalized	no_stored_flags	0			not_in_retained_input_manifest	annotations/raw/PXD056189/biological.json	annotations/raw/PXD056189/technical.json	annotations/raw/PXD056189/experimental_design.json	annotations/normalized/PXD056189/biological.json	annotations/normalized/PXD056189/technical.json	annotations/normalized/PXD056189/experimental_design.json
PXD056192	shard_3	complete_3_raw_3_normalized	flags_present	2			not_in_retained_input_manifest	annotations/raw/PXD056192/biological.json	annotations/raw/PXD056192/technical.json	annotations/raw/PXD056192/experimental_design.json	annotations/normalized/PXD056192/biological.json	annotations/normalized/PXD056192/technical.json	annotations/normalized/PXD056192/experimental_design.json
PXD056194	shard_4	complete_3_raw_3_normalized	flags_present	3			not_in_retained_input_manifest	annotations/raw/PXD056194/biological.json	annotations/raw/PXD056194/technical.json	annotations/raw/PXD056194/experimental_design.json	annotations/normalized/PXD056194/biological.json	annotations/normalized/PXD056194/technical.json	annotations/normalized/PXD056194/experimental_design.json
PXD056196	shard_5	complete_3_raw_3_normalized	flags_present	3			not_in_retained_input_manifest	annotations/raw/PXD056196/biological.json	annotations/raw/PXD056196/technical.json	annotations/raw/PXD056196/experimental_design.json	annotations/normalized/PXD056196/biological.json	annotations/normalized/PXD056196/technical.json	annotations/normalized/PXD056196/experimental_design.json
PXD056197	shard_6	complete_3_raw_3_normalized	flags_present	7			not_in_retained_input_manifest	annotations/raw/PXD056197/biological.json	annotations/raw/PXD056197/technical.json	annotations/raw/PXD056197/experimental_design.json	annotations/normalized/PXD056197/biological.json	annotations/normalized/PXD056197/technical.json	annotations/normalized/PXD056197/experimental_design.json
PXD056199	shard_7	complete_3_raw_3_normalized	flags_present	1			not_in_retained_input_manifest	annotations/raw/PXD056199/biological.json	annotations/raw/PXD056199/technical.json	annotations/raw/PXD056199/experimental_design.json	annotations/normalized/PXD056199/biological.json	annotations/normalized/PXD056199/technical.json	annotations/normalized/PXD056199/experimental_design.json
PXD056206	shard_0	complete_3_raw_3_normalized	flags_present	3			not_in_retained_input_manifest	annotations/raw/PXD056206/biological.json	annotations/raw/PXD056206/technical.json	annotations/raw/PXD056206/experimental_design.json	annotations/normalized/PXD056206/biological.json	annotations/normalized/PXD056206/technical.json	annotations/normalized/PXD056206/experimental_design.json
PXD056212	shard_1	complete_3_raw_3_normalized	flags_present	1			not_in_retained_input_manifest	annotations/raw/PXD056212/biological.json	annotations/raw/PXD056212/technical.json	annotations/raw/PXD056212/experimental_design.json	annotations/normalized/PXD056212/biological.json	annotations/normalized/PXD056212/technical.json	annotations/normalized/PXD056212/experimental_design.json
PXD056248	shard_2	complete_3_raw_3_normalized	flags_present	3			not_in_retained_input_manifest	annotations/raw/PXD056248/biological.json	annotations/raw/PXD056248/technical.json	annotations/raw/PXD056248/experimental_design.json	annotations/normalized/PXD056248/biological.json	annotations/normalized/PXD056248/technical.json	annotations/normalized/PXD056248/experimental_design.json
PXD056251	shard_3	complete_3_raw_3_normalized	flags_present	1			not_in_retained_input_manifest	annotations/raw/PXD056251/biological.json	annotations/raw/PXD056251/technical.json	annotations/raw/PXD056251/experimental_design.json	annotations/normalized/PXD056251/biological.json	annotations/normalized/PXD056251/technical.json	annotations/normalized/PXD056251/experimental_design.json
PXD056281	shard_4	complete_3_raw_3_normalized	flags_present	1			not_in_retained_input_manifest	annotations/raw/PXD056281/biological.json	annotations/raw/PXD056281/technical.json	annotations/raw/PXD056281/experimental_design.json	annotations/normalized/PXD056281/biological.json	annotations/normalized/PXD056281/technical.json	annotations/normalized/PXD056281/experimental_design.json
PXD056286	shard_5	complete_3_raw_3_normalized	flags_present	4			not_in_retained_input_manifest	annotations/raw/PXD056286/biological.json	annotations/raw/PXD056286/technical.json	annotations/raw/PXD056286/experimental_design.json	annotations/normalized/PXD056286/biological.json	annotations/normalized/PXD056286/technical.json	annotations/normalized/PXD056286/experimental_design.json
PXD056291	shard_6	complete_3_raw_3_normalized	flags_present	2			not_in_retained_input_manifest	annotations/raw/PXD056291/biological.json	annotations/raw/PXD056291/technical.json	annotations/raw/PXD056291/experimental_design.json	annotations/normalized/PXD056291/biological.json	annotations/normalized/PXD056291/technical.json	annotations/normalized/PXD056291/experimental_design.json
PXD056295	shard_7	complete_3_raw_3_normalized	flags_present	2			not_in_retained_input_manifest	annotations/raw/PXD056295/biological.json	annotations/raw/PXD056295/technical.json	annotations/raw/PXD056295/experimental_design.json	annotations/normalized/PXD056295/biological.json	annotations/normalized/PXD056295/technical.json	annotations/normalized/PXD056295/experimental_design.json
PXD056300	shard_0	complete_3_raw_3_normalized	flags_present	4			not_in_retained_input_manifest	annotations/raw/PXD056300/biological.json	annotations/raw/PXD056300/technical.json	annotations/raw/PXD056300/experimental_design.json	annotations/normalized/PXD056300/biological.json	annotations/normalized/PXD056300/technical.json	annotations/normalized/PXD056300/experimental_design.json
PXD056314	shard_1	complete_3_raw_3_normalized	flags_present	1			not_in_retained_input_manifest	annotations/raw/PXD056314/biological.json	annotations/raw/PXD056314/technical.json	annotations/raw/PXD056314/experimental_design.json	annotations/normalized/PXD056314/biological.json	annotations/normalized/PXD056314/technical.json	annotations/normalized/PXD056314/experimental_design.json
PXD056331	shard_2	complete_3_raw_3_normalized	flags_present	1			not_in_retained_input_manifest	annotations/raw/PXD056331/biological.json	annotations/raw/PXD056331/technical.json	annotations/raw/PXD056331/experimental_design.json	annotations/normalized/PXD056331/biological.json	annotations/normalized/PXD056331/technical.json	annotations/normalized/PXD056331/experimental_design.json
PXD056345	shard_3	complete_3_raw_3_normalized	flags_present	4			not_in_retained_input_manifest	annotations/raw/PXD056345/biological.json	annotations/raw/PXD056345/technical.json	annotations/raw/PXD056345/experimental_design.json	annotations/normalized/PXD056345/biological.json	annotations/normalized/PXD056345/technical.json	annotations/normalized/PXD056345/experimental_design.json
PXD056347	shard_4	complete_3_raw_3_normalized	flags_present	1			not_in_retained_input_manifest	annotations/raw/PXD056347/biological.json	annotations/raw/PXD056347/technical.json	annotations/raw/PXD056347/experimental_design.json	annotations/normalized/PXD056347/biological.json	annotations/normalized/PXD056347/technical.json	annotations/normalized/PXD056347/experimental_design.json
PXD056371	shard_5	complete_3_raw_3_normalized	flags_present	1			not_in_retained_input_manifest	annotations/raw/PXD056371/biological.json	annotations/raw/PXD056371/technical.json	annotations/raw/PXD056371/experimental_design.json	annotations/normalized/PXD056371/biological.json	annotations/normalized/PXD056371/technical.json	annotations/normalized/PXD056371/experimental_design.json
PXD056390	shard_6	complete_3_raw_3_normalized	flags_present	2			not_in_retained_input_manifest	annotations/raw/PXD056390/biological.json	annotations/raw/PXD056390/technical.json	annotations/raw/PXD056390/experimental_design.json	annotations/normalized/PXD056390/biological.json	annotations/normalized/PXD056390/technical.json	annotations/normalized/PXD056390/experimental_design.json
PXD056421	shard_7	complete_3_raw_3_normalized	no_stored_flags	0			not_in_retained_input_manifest	annotations/raw/PXD056421/biological.json	annotations/raw/PXD056421/technical.json	annotations/raw/PXD056421/experimental_design.json	annotations/normalized/PXD056421/biological.json	annotations/normalized/PXD056421/technical.json	annotations/normalized/PXD056421/experimental_design.json
PXD056432	shard_0	complete_3_raw_3_normalized	flags_present	2			not_in_retained_input_manifest	annotations/raw/PXD056432/biological.json	annotations/raw/PXD056432/technical.json	annotations/raw/PXD056432/experimental_design.json	annotations/normalized/PXD056432/biological.json	annotations/normalized/PXD056432/technical.json	annotations/normalized/PXD056432/experimental_design.json
PXD056446	shard_1	complete_3_raw_3_normalized	flags_present	3			not_in_retained_input_manifest	annotations/raw/PXD056446/biological.json	annotations/raw/PXD056446/technical.json	annotations/raw/PXD056446/experimental_design.json	annotations/normalized/PXD056446/biological.json	annotations/normalized/PXD056446/technical.json	annotations/normalized/PXD056446/experimental_design.json
PXD056463	shard_2	complete_3_raw_3_normalized	no_stored_flags	0			not_in_retained_input_manifest	annotations/raw/PXD056463/biological.json	annotations/raw/PXD056463/technical.json	annotations/raw/PXD056463/experimental_design.json	annotations/normalized/PXD056463/biological.json	annotations/normalized/PXD056463/technical.json	annotations/normalized/PXD056463/experimental_design.json
PXD056469	shard_3	complete_3_raw_3_normalized	no_stored_flags	0			not_in_retained_input_manifest	annotations/raw/PXD056469/biological.json	annotations/raw/PXD056469/technical.json	annotations/raw/PXD056469/experimental_design.json	annotations/normalized/PXD056469/biological.json	annotations/normalized/PXD056469/technical.json	annotations/normalized/PXD056469/experimental_design.json
PXD056475	shard_4	complete_3_raw_3_normalized	flags_present	2			not_in_retained_input_manifest	annotations/raw/PXD056475/biological.json	annotations/raw/PXD056475/technical.json	annotations/raw/PXD056475/experimental_design.json	annotations/normalized/PXD056475/biological.json	annotations/normalized/PXD056475/technical.json	annotations/normalized/PXD056475/experimental_design.json
PXD056479	shard_5	complete_3_raw_3_normalized	flags_present	2			not_in_retained_input_manifest	annotations/raw/PXD056479/biological.json	annotations/raw/PXD056479/technical.json	annotations/raw/PXD056479/experimental_design.json	annotations/normalized/PXD056479/biological.json	annotations/normalized/PXD056479/technical.json	annotations/normalized/PXD056479/experimental_design.json
PXD056490	shard_6	complete_3_raw_3_normalized	no_stored_flags	0			not_in_retained_input_manifest	annotations/raw/PXD056490/biological.json	annotations/raw/PXD056490/technical.json	annotations/raw/PXD056490/experimental_design.json	annotations/normalized/PXD056490/biological.json	annotations/normalized/PXD056490/technical.json	annotations/normalized/PXD056490/experimental_design.json
PXD056499	shard_7	complete_3_raw_3_normalized	flags_present	2			not_in_retained_input_manifest	annotations/raw/PXD056499/biological.json	annotations/raw/PXD056499/technical.json	annotations/raw/PXD056499/experimental_design.json	annotations/normalized/PXD056499/biological.json	annotations/normalized/PXD056499/technical.json	annotations/normalized/PXD056499/experimental_design.json
PXD056514	shard_0	complete_3_raw_3_normalized	flags_present	2			not_in_retained_input_manifest	annotations/raw/PXD056514/biological.json	annotations/raw/PXD056514/technical.json	annotations/raw/PXD056514/experimental_design.json	annotations/normalized/PXD056514/biological.json	annotations/normalized/PXD056514/technical.json	annotations/normalized/PXD056514/experimental_design.json
PXD056535	shard_1	complete_3_raw_3_normalized	flags_present	1			not_in_retained_input_manifest	annotations/raw/PXD056535/biological.json	annotations/raw/PXD056535/technical.json	annotations/raw/PXD056535/experimental_design.json	annotations/normalized/PXD056535/biological.json	annotations/normalized/PXD056535/technical.json	annotations/normalized/PXD056535/experimental_design.json
PXD056539	shard_2	complete_3_raw_3_normalized	no_stored_flags	0			not_in_retained_input_manifest	annotations/raw/PXD056539/biological.json	annotations/raw/PXD056539/technical.json	annotations/raw/PXD056539/experimental_design.json	annotations/normalized/PXD056539/biological.json	annotations/normalized/PXD056539/technical.json	annotations/normalized/PXD056539/experimental_design.json
PXD056541	shard_3	complete_3_raw_3_normalized	flags_present	1			not_in_retained_input_manifest	annotations/raw/PXD056541/biological.json	annotations/raw/PXD056541/technical.json	annotations/raw/PXD056541/experimental_design.json	annotations/normalized/PXD056541/biological.json	annotations/normalized/PXD056541/technical.json	annotations/normalized/PXD056541/experimental_design.json
PXD056559	shard_4	complete_3_raw_3_normalized	no_stored_flags	0			not_in_retained_input_manifest	annotations/raw/PXD056559/biological.json	annotations/raw/PXD056559/technical.json	annotations/raw/PXD056559/experimental_design.json	annotations/normalized/PXD056559/biological.json	annotations/normalized/PXD056559/technical.json	annotations/normalized/PXD056559/experimental_design.json
PXD056564	shard_5	complete_3_raw_3_normalized	flags_present	2			not_in_retained_input_manifest	annotations/raw/PXD056564/biological.json	annotations/raw/PXD056564/technical.json	annotations/raw/PXD056564/experimental_design.json	annotations/normalized/PXD056564/biological.json	annotations/normalized/PXD056564/technical.json	annotations/normalized/PXD056564/experimental_design.json
PXD056620	shard_6	complete_3_raw_3_normalized	flags_present	2			not_in_retained_input_manifest	annotations/raw/PXD056620/biological.json	annotations/raw/PXD056620/technical.json	annotations/raw/PXD056620/experimental_design.json	annotations/normalized/PXD056620/biological.json	annotations/normalized/PXD056620/technical.json	annotations/normalized/PXD056620/experimental_design.json
PXD056689	shard_7	complete_3_raw_3_normalized	flags_present	2			not_in_retained_input_manifest	annotations/raw/PXD056689/biological.json	annotations/raw/PXD056689/technical.json	annotations/raw/PXD056689/experimental_design.json	annotations/normalized/PXD056689/biological.json	annotations/normalized/PXD056689/technical.json	annotations/normalized/PXD056689/experimental_design.json
PXD056690	shard_0	complete_3_raw_3_normalized	flags_present	1			not_in_retained_input_manifest	annotations/raw/PXD056690/biological.json	annotations/raw/PXD056690/technical.json	annotations/raw/PXD056690/experimental_design.json	annotations/normalized/PXD056690/biological.json	annotations/normalized/PXD056690/technical.json	annotations/normalized/PXD056690/experimental_design.json
PXD056695	shard_1	complete_3_raw_3_normalized	flags_present	2			not_in_retained_input_manifest	annotations/raw/PXD056695/biological.json	annotations/raw/PXD056695/technical.json	annotations/raw/PXD056695/experimental_design.json	annotations/normalized/PXD056695/biological.json	annotations/normalized/PXD056695/technical.json	annotations/normalized/PXD056695/experimental_design.json
PXD056701	shard_2	complete_3_raw_3_normalized	no_stored_flags	0			not_in_retained_input_manifest	annotations/raw/PXD056701/biological.json	annotations/raw/PXD056701/technical.json	annotations/raw/PXD056701/experimental_design.json	annotations/normalized/PXD056701/biological.json	annotations/normalized/PXD056701/technical.json	annotations/normalized/PXD056701/experimental_design.json
PXD056703	shard_3	complete_3_raw_3_normalized	no_stored_flags	0			not_in_retained_input_manifest	annotations/raw/PXD056703/biological.json	annotations/raw/PXD056703/technical.json	annotations/raw/PXD056703/experimental_design.json	annotations/normalized/PXD056703/biological.json	annotations/normalized/PXD056703/technical.json	annotations/normalized/PXD056703/experimental_design.json
PXD056736	shard_4	complete_3_raw_3_normalized	flags_present	2			not_in_retained_input_manifest	annotations/raw/PXD056736/biological.json	annotations/raw/PXD056736/technical.json	annotations/raw/PXD056736/experimental_design.json	annotations/normalized/PXD056736/biological.json	annotations/normalized/PXD056736/technical.json	annotations/normalized/PXD056736/experimental_design.json
PXD056759	shard_5	complete_3_raw_3_normalized	no_stored_flags	0			not_in_retained_input_manifest	annotations/raw/PXD056759/biological.json	annotations/raw/PXD056759/technical.json	annotations/raw/PXD056759/experimental_design.json	annotations/normalized/PXD056759/biological.json	annotations/normalized/PXD056759/technical.json	annotations/normalized/PXD056759/experimental_design.json
PXD056781	shard_6	complete_3_raw_3_normalized	flags_present	3			not_in_retained_input_manifest	annotations/raw/PXD056781/biological.json	annotations/raw/PXD056781/technical.json	annotations/raw/PXD056781/experimental_design.json	annotations/normalized/PXD056781/biological.json	annotations/normalized/PXD056781/technical.json	annotations/normalized/PXD056781/experimental_design.json
PXD056783	shard_7	complete_3_raw_3_normalized	flags_present	1			not_in_retained_input_manifest	annotations/raw/PXD056783/biological.json	annotations/raw/PXD056783/technical.json	annotations/raw/PXD056783/experimental_design.json	annotations/normalized/PXD056783/biological.json	annotations/normalized/PXD056783/technical.json	annotations/normalized/PXD056783/experimental_design.json
PXD056788	shard_0	complete_3_raw_3_normalized	flags_present	2			not_in_retained_input_manifest	annotations/raw/PXD056788/biological.json	annotations/raw/PXD056788/technical.json	annotations/raw/PXD056788/experimental_design.json	annotations/normalized/PXD056788/biological.json	annotations/normalized/PXD056788/technical.json	annotations/normalized/PXD056788/experimental_design.json
PXD056789	shard_1	complete_3_raw_3_normalized	flags_present	1			not_in_retained_input_manifest	annotations/raw/PXD056789/biological.json	annotations/raw/PXD056789/technical.json	annotations/raw/PXD056789/experimental_design.json	annotations/normalized/PXD056789/biological.json	annotations/normalized/PXD056789/technical.json	annotations/normalized/PXD056789/experimental_design.json
PXD056865	shard_2	complete_3_raw_3_normalized	no_stored_flags	0			not_in_retained_input_manifest	annotations/raw/PXD056865/biological.json	annotations/raw/PXD056865/technical.json	annotations/raw/PXD056865/experimental_design.json	annotations/normalized/PXD056865/biological.json	annotations/normalized/PXD056865/technical.json	annotations/normalized/PXD056865/experimental_design.json
PXD056894	shard_3	complete_3_raw_3_normalized	flags_present	2			not_in_retained_input_manifest	annotations/raw/PXD056894/biological.json	annotations/raw/PXD056894/technical.json	annotations/raw/PXD056894/experimental_design.json	annotations/normalized/PXD056894/biological.json	annotations/normalized/PXD056894/technical.json	annotations/normalized/PXD056894/experimental_design.json
PXD056902	shard_4	complete_3_raw_3_normalized	flags_present	1			not_in_retained_input_manifest	annotations/raw/PXD056902/biological.json	annotations/raw/PXD056902/technical.json	annotations/raw/PXD056902/experimental_design.json	annotations/normalized/PXD056902/biological.json	annotations/normalized/PXD056902/technical.json	annotations/normalized/PXD056902/experimental_design.json
PXD056908	shard_5	complete_3_raw_3_normalized	no_stored_flags	0			not_in_retained_input_manifest	annotations/raw/PXD056908/biological.json	annotations/raw/PXD056908/technical.json	annotations/raw/PXD056908/experimental_design.json	annotations/normalized/PXD056908/biological.json	annotations/normalized/PXD056908/technical.json	annotations/normalized/PXD056908/experimental_design.json
PXD056909	shard_6	complete_3_raw_3_normalized	flags_present	1			not_in_retained_input_manifest	annotations/raw/PXD056909/biological.json	annotations/raw/PXD056909/technical.json	annotations/raw/PXD056909/experimental_design.json	annotations/normalized/PXD056909/biological.json	annotations/normalized/PXD056909/technical.json	annotations/normalized/PXD056909/experimental_design.json
PXD056910	shard_7	complete_3_raw_3_normalized	flags_present	1			not_in_retained_input_manifest	annotations/raw/PXD056910/biological.json	annotations/raw/PXD056910/technical.json	annotations/raw/PXD056910/experimental_design.json	annotations/normalized/PXD056910/biological.json	annotations/normalized/PXD056910/technical.json	annotations/normalized/PXD056910/experimental_design.json
PXD056940	shard_0	complete_3_raw_3_normalized	flags_present	1			not_in_retained_input_manifest	annotations/raw/PXD056940/biological.json	annotations/raw/PXD056940/technical.json	annotations/raw/PXD056940/experimental_design.json	annotations/normalized/PXD056940/biological.json	annotations/normalized/PXD056940/technical.json	annotations/normalized/PXD056940/experimental_design.json
PXD056941	shard_1	complete_3_raw_3_normalized	no_stored_flags	0			not_in_retained_input_manifest	annotations/raw/PXD056941/biological.json	annotations/raw/PXD056941/technical.json	annotations/raw/PXD056941/experimental_design.json	annotations/normalized/PXD056941/biological.json	annotations/normalized/PXD056941/technical.json	annotations/normalized/PXD056941/experimental_design.json
PXD056946	shard_2	complete_3_raw_3_normalized	no_stored_flags	0			not_in_retained_input_manifest	annotations/raw/PXD056946/biological.json	annotations/raw/PXD056946/technical.json	annotations/raw/PXD056946/experimental_design.json	annotations/normalized/PXD056946/biological.json	annotations/normalized/PXD056946/technical.json	annotations/normalized/PXD056946/experimental_design.json
PXD057003	shard_3	complete_3_raw_3_normalized	flags_present	1			not_in_retained_input_manifest	annotations/raw/PXD057003/biological.json	annotations/raw/PXD057003/technical.json	annotations/raw/PXD057003/experimental_design.json	annotations/normalized/PXD057003/biological.json	annotations/normalized/PXD057003/technical.json	annotations/normalized/PXD057003/experimental_design.json
PXD057005	shard_4	complete_3_raw_3_normalized	no_stored_flags	0			not_in_retained_input_manifest	annotations/raw/PXD057005/biological.json	annotations/raw/PXD057005/technical.json	annotations/raw/PXD057005/experimental_design.json	annotations/normalized/PXD057005/biological.json	annotations/normalized/PXD057005/technical.json	annotations/normalized/PXD057005/experimental_design.json
PXD057009	shard_5	complete_3_raw_3_normalized	flags_present	1			not_in_retained_input_manifest	annotations/raw/PXD057009/biological.json	annotations/raw/PXD057009/technical.json	annotations/raw/PXD057009/experimental_design.json	annotations/normalized/PXD057009/biological.json	annotations/normalized/PXD057009/technical.json	annotations/normalized/PXD057009/experimental_design.json
PXD057012	shard_6	complete_3_raw_3_normalized	flags_present	3			not_in_retained_input_manifest	annotations/raw/PXD057012/biological.json	annotations/raw/PXD057012/technical.json	annotations/raw/PXD057012/experimental_design.json	annotations/normalized/PXD057012/biological.json	annotations/normalized/PXD057012/technical.json	annotations/normalized/PXD057012/experimental_design.json
PXD057020	shard_7	complete_3_raw_3_normalized	no_stored_flags	0			not_in_retained_input_manifest	annotations/raw/PXD057020/biological.json	annotations/raw/PXD057020/technical.json	annotations/raw/PXD057020/experimental_design.json	annotations/normalized/PXD057020/biological.json	annotations/normalized/PXD057020/technical.json	annotations/normalized/PXD057020/experimental_design.json
PXD057024	shard_0	complete_3_raw_3_normalized	flags_present	1			not_in_retained_input_manifest	annotations/raw/PXD057024/biological.json	annotations/raw/PXD057024/technical.json	annotations/raw/PXD057024/experimental_design.json	annotations/normalized/PXD057024/biological.json	annotations/normalized/PXD057024/technical.json	annotations/normalized/PXD057024/experimental_design.json
PXD057028	shard_1	complete_3_raw_3_normalized	flags_present	4			not_in_retained_input_manifest	annotations/raw/PXD057028/biological.json	annotations/raw/PXD057028/technical.json	annotations/raw/PXD057028/experimental_design.json	annotations/normalized/PXD057028/biological.json	annotations/normalized/PXD057028/technical.json	annotations/normalized/PXD057028/experimental_design.json
PXD057067	shard_2	complete_3_raw_3_normalized	flags_present	3			not_in_retained_input_manifest	annotations/raw/PXD057067/biological.json	annotations/raw/PXD057067/technical.json	annotations/raw/PXD057067/experimental_design.json	annotations/normalized/PXD057067/biological.json	annotations/normalized/PXD057067/technical.json	annotations/normalized/PXD057067/experimental_design.json
PXD057096	shard_3	complete_3_raw_3_normalized	no_stored_flags	0			not_in_retained_input_manifest	annotations/raw/PXD057096/biological.json	annotations/raw/PXD057096/technical.json	annotations/raw/PXD057096/experimental_design.json	annotations/normalized/PXD057096/biological.json	annotations/normalized/PXD057096/technical.json	annotations/normalized/PXD057096/experimental_design.json
PXD057122	shard_4	complete_3_raw_3_normalized	flags_present	3			not_in_retained_input_manifest	annotations/raw/PXD057122/biological.json	annotations/raw/PXD057122/technical.json	annotations/raw/PXD057122/experimental_design.json	annotations/normalized/PXD057122/biological.json	annotations/normalized/PXD057122/technical.json	annotations/normalized/PXD057122/experimental_design.json
PXD057149	shard_5	complete_3_raw_3_normalized	flags_present	1			not_in_retained_input_manifest	annotations/raw/PXD057149/biological.json	annotations/raw/PXD057149/technical.json	annotations/raw/PXD057149/experimental_design.json	annotations/normalized/PXD057149/biological.json	annotations/normalized/PXD057149/technical.json	annotations/normalized/PXD057149/experimental_design.json
PXD057155	shard_6	complete_3_raw_3_normalized	no_stored_flags	0			not_in_retained_input_manifest	annotations/raw/PXD057155/biological.json	annotations/raw/PXD057155/technical.json	annotations/raw/PXD057155/experimental_design.json	annotations/normalized/PXD057155/biological.json	annotations/normalized/PXD057155/technical.json	annotations/normalized/PXD057155/experimental_design.json
PXD057157	shard_7	complete_3_raw_3_normalized	no_stored_flags	0			not_in_retained_input_manifest	annotations/raw/PXD057157/biological.json	annotations/raw/PXD057157/technical.json	annotations/raw/PXD057157/experimental_design.json	annotations/normalized/PXD057157/biological.json	annotations/normalized/PXD057157/technical.json	annotations/normalized/PXD057157/experimental_design.json
PXD057177	shard_0	complete_3_raw_3_normalized	flags_present	2			not_in_retained_input_manifest	annotations/raw/PXD057177/biological.json	annotations/raw/PXD057177/technical.json	annotations/raw/PXD057177/experimental_design.json	annotations/normalized/PXD057177/biological.json	annotations/normalized/PXD057177/technical.json	annotations/normalized/PXD057177/experimental_design.json
PXD057192	shard_1	complete_3_raw_3_normalized	flags_present	1			not_in_retained_input_manifest	annotations/raw/PXD057192/biological.json	annotations/raw/PXD057192/technical.json	annotations/raw/PXD057192/experimental_design.json	annotations/normalized/PXD057192/biological.json	annotations/normalized/PXD057192/technical.json	annotations/normalized/PXD057192/experimental_design.json
PXD057196	shard_2	complete_3_raw_3_normalized	flags_present	3			not_in_retained_input_manifest	annotations/raw/PXD057196/biological.json	annotations/raw/PXD057196/technical.json	annotations/raw/PXD057196/experimental_design.json	annotations/normalized/PXD057196/biological.json	annotations/normalized/PXD057196/technical.json	annotations/normalized/PXD057196/experimental_design.json
PXD057205	shard_3	complete_3_raw_3_normalized	flags_present	1			not_in_retained_input_manifest	annotations/raw/PXD057205/biological.json	annotations/raw/PXD057205/technical.json	annotations/raw/PXD057205/experimental_design.json	annotations/normalized/PXD057205/biological.json	annotations/normalized/PXD057205/technical.json	annotations/normalized/PXD057205/experimental_design.json
PXD057208	shard_4	complete_3_raw_3_normalized	no_stored_flags	0			not_in_retained_input_manifest	annotations/raw/PXD057208/biological.json	annotations/raw/PXD057208/technical.json	annotations/raw/PXD057208/experimental_design.json	annotations/normalized/PXD057208/biological.json	annotations/normalized/PXD057208/technical.json	annotations/normalized/PXD057208/experimental_design.json
PXD057211	shard_5	complete_3_raw_3_normalized	no_stored_flags	0			not_in_retained_input_manifest	annotations/raw/PXD057211/biological.json	annotations/raw/PXD057211/technical.json	annotations/raw/PXD057211/experimental_design.json	annotations/normalized/PXD057211/biological.json	annotations/normalized/PXD057211/technical.json	annotations/normalized/PXD057211/experimental_design.json
PXD057253	shard_6	complete_3_raw_3_normalized	no_stored_flags	0			not_in_retained_input_manifest	annotations/raw/PXD057253/biological.json	annotations/raw/PXD057253/technical.json	annotations/raw/PXD057253/experimental_design.json	annotations/normalized/PXD057253/biological.json	annotations/normalized/PXD057253/technical.json	annotations/normalized/PXD057253/experimental_design.json
PXD057269	shard_7	complete_3_raw_3_normalized	flags_present	1			not_in_retained_input_manifest	annotations/raw/PXD057269/biological.json	annotations/raw/PXD057269/technical.json	annotations/raw/PXD057269/experimental_design.json	annotations/normalized/PXD057269/biological.json	annotations/normalized/PXD057269/technical.json	annotations/normalized/PXD057269/experimental_design.json
PXD057319	shard_0	complete_3_raw_3_normalized	no_stored_flags	0			not_in_retained_input_manifest	annotations/raw/PXD057319/biological.json	annotations/raw/PXD057319/technical.json	annotations/raw/PXD057319/experimental_design.json	annotations/normalized/PXD057319/biological.json	annotations/normalized/PXD057319/technical.json	annotations/normalized/PXD057319/experimental_design.json
PXD057347	shard_1	complete_3_raw_3_normalized	flags_present	3			not_in_retained_input_manifest	annotations/raw/PXD057347/biological.json	annotations/raw/PXD057347/technical.json	annotations/raw/PXD057347/experimental_design.json	annotations/normalized/PXD057347/biological.json	annotations/normalized/PXD057347/technical.json	annotations/normalized/PXD057347/experimental_design.json
PXD057348	shard_2	complete_3_raw_3_normalized	flags_present	5			not_in_retained_input_manifest	annotations/raw/PXD057348/biological.json	annotations/raw/PXD057348/technical.json	annotations/raw/PXD057348/experimental_design.json	annotations/normalized/PXD057348/biological.json	annotations/normalized/PXD057348/technical.json	annotations/normalized/PXD057348/experimental_design.json
PXD057360	shard_3	complete_3_raw_3_normalized	no_stored_flags	0			not_in_retained_input_manifest	annotations/raw/PXD057360/biological.json	annotations/raw/PXD057360/technical.json	annotations/raw/PXD057360/experimental_design.json	annotations/normalized/PXD057360/biological.json	annotations/normalized/PXD057360/technical.json	annotations/normalized/PXD057360/experimental_design.json
PXD057374	shard_4	complete_3_raw_3_normalized	flags_present	1			not_in_retained_input_manifest	annotations/raw/PXD057374/biological.json	annotations/raw/PXD057374/technical.json	annotations/raw/PXD057374/experimental_design.json	annotations/normalized/PXD057374/biological.json	annotations/normalized/PXD057374/technical.json	annotations/normalized/PXD057374/experimental_design.json
PXD057390	shard_5	complete_3_raw_3_normalized	flags_present	1			not_in_retained_input_manifest	annotations/raw/PXD057390/biological.json	annotations/raw/PXD057390/technical.json	annotations/raw/PXD057390/experimental_design.json	annotations/normalized/PXD057390/biological.json	annotations/normalized/PXD057390/technical.json	annotations/normalized/PXD057390/experimental_design.json
PXD057394	shard_6	complete_3_raw_3_normalized	no_stored_flags	0			not_in_retained_input_manifest	annotations/raw/PXD057394/biological.json	annotations/raw/PXD057394/technical.json	annotations/raw/PXD057394/experimental_design.json	annotations/normalized/PXD057394/biological.json	annotations/normalized/PXD057394/technical.json	annotations/normalized/PXD057394/experimental_design.json
PXD057405	shard_7	complete_3_raw_3_normalized	no_stored_flags	0			not_in_retained_input_manifest	annotations/raw/PXD057405/biological.json	annotations/raw/PXD057405/technical.json	annotations/raw/PXD057405/experimental_design.json	annotations/normalized/PXD057405/biological.json	annotations/normalized/PXD057405/technical.json	annotations/normalized/PXD057405/experimental_design.json
PXD057426	shard_0	complete_3_raw_3_normalized	no_stored_flags	0			not_in_retained_input_manifest	annotations/raw/PXD057426/biological.json	annotations/raw/PXD057426/technical.json	annotations/raw/PXD057426/experimental_design.json	annotations/normalized/PXD057426/biological.json	annotations/normalized/PXD057426/technical.json	annotations/normalized/PXD057426/experimental_design.json
PXD057431	shard_1	complete_3_raw_3_normalized	no_stored_flags	0			not_in_retained_input_manifest	annotations/raw/PXD057431/biological.json	annotations/raw/PXD057431/technical.json	annotations/raw/PXD057431/experimental_design.json	annotations/normalized/PXD057431/biological.json	annotations/normalized/PXD057431/technical.json	annotations/normalized/PXD057431/experimental_design.json
PXD057448	shard_2	complete_3_raw_3_normalized	flags_present	1			not_in_retained_input_manifest	annotations/raw/PXD057448/biological.json	annotations/raw/PXD057448/technical.json	annotations/raw/PXD057448/experimental_design.json	annotations/normalized/PXD057448/biological.json	annotations/normalized/PXD057448/technical.json	annotations/normalized/PXD057448/experimental_design.json
PXD057456	shard_3	complete_3_raw_3_normalized	flags_present	2			not_in_retained_input_manifest	annotations/raw/PXD057456/biological.json	annotations/raw/PXD057456/technical.json	annotations/raw/PXD057456/experimental_design.json	annotations/normalized/PXD057456/biological.json	annotations/normalized/PXD057456/technical.json	annotations/normalized/PXD057456/experimental_design.json
PXD057470	shard_4	complete_3_raw_3_normalized	flags_present	3			not_in_retained_input_manifest	annotations/raw/PXD057470/biological.json	annotations/raw/PXD057470/technical.json	annotations/raw/PXD057470/experimental_design.json	annotations/normalized/PXD057470/biological.json	annotations/normalized/PXD057470/technical.json	annotations/normalized/PXD057470/experimental_design.json
PXD057472	shard_5	complete_3_raw_3_normalized	flags_present	3			not_in_retained_input_manifest	annotations/raw/PXD057472/biological.json	annotations/raw/PXD057472/technical.json	annotations/raw/PXD057472/experimental_design.json	annotations/normalized/PXD057472/biological.json	annotations/normalized/PXD057472/technical.json	annotations/normalized/PXD057472/experimental_design.json
PXD057481	shard_6	complete_3_raw_3_normalized	flags_present	1			not_in_retained_input_manifest	annotations/raw/PXD057481/biological.json	annotations/raw/PXD057481/technical.json	annotations/raw/PXD057481/experimental_design.json	annotations/normalized/PXD057481/biological.json	annotations/normalized/PXD057481/technical.json	annotations/normalized/PXD057481/experimental_design.json
PXD057491	shard_7	complete_3_raw_3_normalized	flags_present	1			not_in_retained_input_manifest	annotations/raw/PXD057491/biological.json	annotations/raw/PXD057491/technical.json	annotations/raw/PXD057491/experimental_design.json	annotations/normalized/PXD057491/biological.json	annotations/normalized/PXD057491/technical.json	annotations/normalized/PXD057491/experimental_design.json
PXD057527	shard_0	complete_3_raw_3_normalized	flags_present	2			not_in_retained_input_manifest	annotations/raw/PXD057527/biological.json	annotations/raw/PXD057527/technical.json	annotations/raw/PXD057527/experimental_design.json	annotations/normalized/PXD057527/biological.json	annotations/normalized/PXD057527/technical.json	annotations/normalized/PXD057527/experimental_design.json
PXD057576	shard_1	complete_3_raw_3_normalized	flags_present	1			not_in_retained_input_manifest	annotations/raw/PXD057576/biological.json	annotations/raw/PXD057576/technical.json	annotations/raw/PXD057576/experimental_design.json	annotations/normalized/PXD057576/biological.json	annotations/normalized/PXD057576/technical.json	annotations/normalized/PXD057576/experimental_design.json
PXD057588	shard_2	complete_3_raw_3_normalized	flags_present	3			not_in_retained_input_manifest	annotations/raw/PXD057588/biological.json	annotations/raw/PXD057588/technical.json	annotations/raw/PXD057588/experimental_design.json	annotations/normalized/PXD057588/biological.json	annotations/normalized/PXD057588/technical.json	annotations/normalized/PXD057588/experimental_design.json
PXD057599	shard_3	complete_3_raw_3_normalized	no_stored_flags	0			not_in_retained_input_manifest	annotations/raw/PXD057599/biological.json	annotations/raw/PXD057599/technical.json	annotations/raw/PXD057599/experimental_design.json	annotations/normalized/PXD057599/biological.json	annotations/normalized/PXD057599/technical.json	annotations/normalized/PXD057599/experimental_design.json
PXD057601	shard_4	complete_3_raw_3_normalized	flags_present	1			not_in_retained_input_manifest	annotations/raw/PXD057601/biological.json	annotations/raw/PXD057601/technical.json	annotations/raw/PXD057601/experimental_design.json	annotations/normalized/PXD057601/biological.json	annotations/normalized/PXD057601/technical.json	annotations/normalized/PXD057601/experimental_design.json
PXD057614	shard_5	complete_3_raw_3_normalized	no_stored_flags	0			not_in_retained_input_manifest	annotations/raw/PXD057614/biological.json	annotations/raw/PXD057614/technical.json	annotations/raw/PXD057614/experimental_design.json	annotations/normalized/PXD057614/biological.json	annotations/normalized/PXD057614/technical.json	annotations/normalized/PXD057614/experimental_design.json
PXD057615	shard_6	complete_3_raw_3_normalized	flags_present	1			not_in_retained_input_manifest	annotations/raw/PXD057615/biological.json	annotations/raw/PXD057615/technical.json	annotations/raw/PXD057615/experimental_design.json	annotations/normalized/PXD057615/biological.json	annotations/normalized/PXD057615/technical.json	annotations/normalized/PXD057615/experimental_design.json
PXD057632	shard_7	complete_3_raw_3_normalized	flags_present	2			not_in_retained_input_manifest	annotations/raw/PXD057632/biological.json	annotations/raw/PXD057632/technical.json	annotations/raw/PXD057632/experimental_design.json	annotations/normalized/PXD057632/biological.json	annotations/normalized/PXD057632/technical.json	annotations/normalized/PXD057632/experimental_design.json
PXD057672	shard_0	complete_3_raw_3_normalized	flags_present	2			not_in_retained_input_manifest	annotations/raw/PXD057672/biological.json	annotations/raw/PXD057672/technical.json	annotations/raw/PXD057672/experimental_design.json	annotations/normalized/PXD057672/biological.json	annotations/normalized/PXD057672/technical.json	annotations/normalized/PXD057672/experimental_design.json
PXD057674	shard_1	complete_3_raw_3_normalized	no_stored_flags	0			not_in_retained_input_manifest	annotations/raw/PXD057674/biological.json	annotations/raw/PXD057674/technical.json	annotations/raw/PXD057674/experimental_design.json	annotations/normalized/PXD057674/biological.json	annotations/normalized/PXD057674/technical.json	annotations/normalized/PXD057674/experimental_design.json
PXD057677	shard_2	complete_3_raw_3_normalized	flags_present	4			not_in_retained_input_manifest	annotations/raw/PXD057677/biological.json	annotations/raw/PXD057677/technical.json	annotations/raw/PXD057677/experimental_design.json	annotations/normalized/PXD057677/biological.json	annotations/normalized/PXD057677/technical.json	annotations/normalized/PXD057677/experimental_design.json
PXD057692	shard_3	complete_3_raw_3_normalized	flags_present	2			not_in_retained_input_manifest	annotations/raw/PXD057692/biological.json	annotations/raw/PXD057692/technical.json	annotations/raw/PXD057692/experimental_design.json	annotations/normalized/PXD057692/biological.json	annotations/normalized/PXD057692/technical.json	annotations/normalized/PXD057692/experimental_design.json
PXD057703	shard_4	complete_3_raw_3_normalized	no_stored_flags	0			not_in_retained_input_manifest	annotations/raw/PXD057703/biological.json	annotations/raw/PXD057703/technical.json	annotations/raw/PXD057703/experimental_design.json	annotations/normalized/PXD057703/biological.json	annotations/normalized/PXD057703/technical.json	annotations/normalized/PXD057703/experimental_design.json
PXD057707	shard_5	complete_3_raw_3_normalized	no_stored_flags	0			not_in_retained_input_manifest	annotations/raw/PXD057707/biological.json	annotations/raw/PXD057707/technical.json	annotations/raw/PXD057707/experimental_design.json	annotations/normalized/PXD057707/biological.json	annotations/normalized/PXD057707/technical.json	annotations/normalized/PXD057707/experimental_design.json
PXD057708	shard_6	complete_3_raw_3_normalized	flags_present	1			not_in_retained_input_manifest	annotations/raw/PXD057708/biological.json	annotations/raw/PXD057708/technical.json	annotations/raw/PXD057708/experimental_design.json	annotations/normalized/PXD057708/biological.json	annotations/normalized/PXD057708/technical.json	annotations/normalized/PXD057708/experimental_design.json
PXD057759	shard_7	complete_3_raw_3_normalized	flags_present	2			not_in_retained_input_manifest	annotations/raw/PXD057759/biological.json	annotations/raw/PXD057759/technical.json	annotations/raw/PXD057759/experimental_design.json	annotations/normalized/PXD057759/biological.json	annotations/normalized/PXD057759/technical.json	annotations/normalized/PXD057759/experimental_design.json
PXD057760	shard_0	complete_3_raw_3_normalized	flags_present	2			not_in_retained_input_manifest	annotations/raw/PXD057760/biological.json	annotations/raw/PXD057760/technical.json	annotations/raw/PXD057760/experimental_design.json	annotations/normalized/PXD057760/biological.json	annotations/normalized/PXD057760/technical.json	annotations/normalized/PXD057760/experimental_design.json
PXD057778	shard_1	complete_3_raw_3_normalized	flags_present	3			not_in_retained_input_manifest	annotations/raw/PXD057778/biological.json	annotations/raw/PXD057778/technical.json	annotations/raw/PXD057778/experimental_design.json	annotations/normalized/PXD057778/biological.json	annotations/normalized/PXD057778/technical.json	annotations/normalized/PXD057778/experimental_design.json
PXD057789	shard_2	complete_3_raw_3_normalized	flags_present	3			not_in_retained_input_manifest	annotations/raw/PXD057789/biological.json	annotations/raw/PXD057789/technical.json	annotations/raw/PXD057789/experimental_design.json	annotations/normalized/PXD057789/biological.json	annotations/normalized/PXD057789/technical.json	annotations/normalized/PXD057789/experimental_design.json
PXD057800	shard_3	complete_3_raw_3_normalized	flags_present	2			not_in_retained_input_manifest	annotations/raw/PXD057800/biological.json	annotations/raw/PXD057800/technical.json	annotations/raw/PXD057800/experimental_design.json	annotations/normalized/PXD057800/biological.json	annotations/normalized/PXD057800/technical.json	annotations/normalized/PXD057800/experimental_design.json
PXD057813	shard_4	complete_3_raw_3_normalized	no_stored_flags	0			not_in_retained_input_manifest	annotations/raw/PXD057813/biological.json	annotations/raw/PXD057813/technical.json	annotations/raw/PXD057813/experimental_design.json	annotations/normalized/PXD057813/biological.json	annotations/normalized/PXD057813/technical.json	annotations/normalized/PXD057813/experimental_design.json
PXD057832	shard_5	complete_3_raw_3_normalized	flags_present	2			not_in_retained_input_manifest	annotations/raw/PXD057832/biological.json	annotations/raw/PXD057832/technical.json	annotations/raw/PXD057832/experimental_design.json	annotations/normalized/PXD057832/biological.json	annotations/normalized/PXD057832/technical.json	annotations/normalized/PXD057832/experimental_design.json
PXD057842	shard_6	complete_3_raw_3_normalized	flags_present	1			not_in_retained_input_manifest	annotations/raw/PXD057842/biological.json	annotations/raw/PXD057842/technical.json	annotations/raw/PXD057842/experimental_design.json	annotations/normalized/PXD057842/biological.json	annotations/normalized/PXD057842/technical.json	annotations/normalized/PXD057842/experimental_design.json
PXD057847	shard_7	complete_3_raw_3_normalized	flags_present	3			not_in_retained_input_manifest	annotations/raw/PXD057847/biological.json	annotations/raw/PXD057847/technical.json	annotations/raw/PXD057847/experimental_design.json	annotations/normalized/PXD057847/biological.json	annotations/normalized/PXD057847/technical.json	annotations/normalized/PXD057847/experimental_design.json
PXD057848	shard_0	complete_3_raw_3_normalized	flags_present	1			not_in_retained_input_manifest	annotations/raw/PXD057848/biological.json	annotations/raw/PXD057848/technical.json	annotations/raw/PXD057848/experimental_design.json	annotations/normalized/PXD057848/biological.json	annotations/normalized/PXD057848/technical.json	annotations/normalized/PXD057848/experimental_design.json
PXD057859	shard_1	complete_3_raw_3_normalized	flags_present	1			not_in_retained_input_manifest	annotations/raw/PXD057859/biological.json	annotations/raw/PXD057859/technical.json	annotations/raw/PXD057859/experimental_design.json	annotations/normalized/PXD057859/biological.json	annotations/normalized/PXD057859/technical.json	annotations/normalized/PXD057859/experimental_design.json
PXD057890	shard_2	complete_3_raw_3_normalized	flags_present	1			not_in_retained_input_manifest	annotations/raw/PXD057890/biological.json	annotations/raw/PXD057890/technical.json	annotations/raw/PXD057890/experimental_design.json	annotations/normalized/PXD057890/biological.json	annotations/normalized/PXD057890/technical.json	annotations/normalized/PXD057890/experimental_design.json
PXD057905	shard_3	complete_3_raw_3_normalized	flags_present	2			not_in_retained_input_manifest	annotations/raw/PXD057905/biological.json	annotations/raw/PXD057905/technical.json	annotations/raw/PXD057905/experimental_design.json	annotations/normalized/PXD057905/biological.json	annotations/normalized/PXD057905/technical.json	annotations/normalized/PXD057905/experimental_design.json
PXD057932	shard_4	complete_3_raw_3_normalized	flags_present	1			not_in_retained_input_manifest	annotations/raw/PXD057932/biological.json	annotations/raw/PXD057932/technical.json	annotations/raw/PXD057932/experimental_design.json	annotations/normalized/PXD057932/biological.json	annotations/normalized/PXD057932/technical.json	annotations/normalized/PXD057932/experimental_design.json
PXD057944	shard_5	complete_3_raw_3_normalized	flags_present	2	experimental_design		not_in_retained_input_manifest	annotations/raw/PXD057944/biological.json	annotations/raw/PXD057944/technical.json	annotations/raw/PXD057944/experimental_design.json	annotations/normalized/PXD057944/biological.json	annotations/normalized/PXD057944/technical.json	annotations/normalized/PXD057944/experimental_design.json
PXD057950	shard_6	complete_3_raw_3_normalized	no_stored_flags	0			not_in_retained_input_manifest	annotations/raw/PXD057950/biological.json	annotations/raw/PXD057950/technical.json	annotations/raw/PXD057950/experimental_design.json	annotations/normalized/PXD057950/biological.json	annotations/normalized/PXD057950/technical.json	annotations/normalized/PXD057950/experimental_design.json
PXD057968	shard_7	complete_3_raw_3_normalized	no_stored_flags	0			not_in_retained_input_manifest	annotations/raw/PXD057968/biological.json	annotations/raw/PXD057968/technical.json	annotations/raw/PXD057968/experimental_design.json	annotations/normalized/PXD057968/biological.json	annotations/normalized/PXD057968/technical.json	annotations/normalized/PXD057968/experimental_design.json
PXD058014	shard_0	complete_3_raw_3_normalized	flags_present	2			not_in_retained_input_manifest	annotations/raw/PXD058014/biological.json	annotations/raw/PXD058014/technical.json	annotations/raw/PXD058014/experimental_design.json	annotations/normalized/PXD058014/biological.json	annotations/normalized/PXD058014/technical.json	annotations/normalized/PXD058014/experimental_design.json
PXD058024	shard_1	complete_3_raw_3_normalized	flags_present	5			not_in_retained_input_manifest	annotations/raw/PXD058024/biological.json	annotations/raw/PXD058024/technical.json	annotations/raw/PXD058024/experimental_design.json	annotations/normalized/PXD058024/biological.json	annotations/normalized/PXD058024/technical.json	annotations/normalized/PXD058024/experimental_design.json
PXD058027	shard_2	complete_3_raw_3_normalized	flags_present	2			not_in_retained_input_manifest	annotations/raw/PXD058027/biological.json	annotations/raw/PXD058027/technical.json	annotations/raw/PXD058027/experimental_design.json	annotations/normalized/PXD058027/biological.json	annotations/normalized/PXD058027/technical.json	annotations/normalized/PXD058027/experimental_design.json
PXD058040	shard_3	complete_3_raw_3_normalized	flags_present	6			not_in_retained_input_manifest	annotations/raw/PXD058040/biological.json	annotations/raw/PXD058040/technical.json	annotations/raw/PXD058040/experimental_design.json	annotations/normalized/PXD058040/biological.json	annotations/normalized/PXD058040/technical.json	annotations/normalized/PXD058040/experimental_design.json
PXD058049	shard_4	complete_3_raw_3_normalized	no_stored_flags	0			not_in_retained_input_manifest	annotations/raw/PXD058049/biological.json	annotations/raw/PXD058049/technical.json	annotations/raw/PXD058049/experimental_design.json	annotations/normalized/PXD058049/biological.json	annotations/normalized/PXD058049/technical.json	annotations/normalized/PXD058049/experimental_design.json
PXD058072	shard_5	complete_3_raw_3_normalized	flags_present	2			not_in_retained_input_manifest	annotations/raw/PXD058072/biological.json	annotations/raw/PXD058072/technical.json	annotations/raw/PXD058072/experimental_design.json	annotations/normalized/PXD058072/biological.json	annotations/normalized/PXD058072/technical.json	annotations/normalized/PXD058072/experimental_design.json
PXD058075	shard_6	complete_3_raw_3_normalized	flags_present	2			not_in_retained_input_manifest	annotations/raw/PXD058075/biological.json	annotations/raw/PXD058075/technical.json	annotations/raw/PXD058075/experimental_design.json	annotations/normalized/PXD058075/biological.json	annotations/normalized/PXD058075/technical.json	annotations/normalized/PXD058075/experimental_design.json
PXD058080	shard_7	complete_3_raw_3_normalized	flags_present	2			not_in_retained_input_manifest	annotations/raw/PXD058080/biological.json	annotations/raw/PXD058080/technical.json	annotations/raw/PXD058080/experimental_design.json	annotations/normalized/PXD058080/biological.json	annotations/normalized/PXD058080/technical.json	annotations/normalized/PXD058080/experimental_design.json
PXD058156	shard_0	complete_3_raw_3_normalized	no_stored_flags	0			not_in_retained_input_manifest	annotations/raw/PXD058156/biological.json	annotations/raw/PXD058156/technical.json	annotations/raw/PXD058156/experimental_design.json	annotations/normalized/PXD058156/biological.json	annotations/normalized/PXD058156/technical.json	annotations/normalized/PXD058156/experimental_design.json
PXD058160	shard_1	complete_3_raw_3_normalized	no_stored_flags	0			not_in_retained_input_manifest	annotations/raw/PXD058160/biological.json	annotations/raw/PXD058160/technical.json	annotations/raw/PXD058160/experimental_design.json	annotations/normalized/PXD058160/biological.json	annotations/normalized/PXD058160/technical.json	annotations/normalized/PXD058160/experimental_design.json
PXD058173	shard_2	complete_3_raw_3_normalized	no_stored_flags	0			not_in_retained_input_manifest	annotations/raw/PXD058173/biological.json	annotations/raw/PXD058173/technical.json	annotations/raw/PXD058173/experimental_design.json	annotations/normalized/PXD058173/biological.json	annotations/normalized/PXD058173/technical.json	annotations/normalized/PXD058173/experimental_design.json
PXD058191	shard_3	complete_3_raw_3_normalized	flags_present	3			not_in_retained_input_manifest	annotations/raw/PXD058191/biological.json	annotations/raw/PXD058191/technical.json	annotations/raw/PXD058191/experimental_design.json	annotations/normalized/PXD058191/biological.json	annotations/normalized/PXD058191/technical.json	annotations/normalized/PXD058191/experimental_design.json
PXD058196	shard_4	complete_3_raw_3_normalized	flags_present	2			not_in_retained_input_manifest	annotations/raw/PXD058196/biological.json	annotations/raw/PXD058196/technical.json	annotations/raw/PXD058196/experimental_design.json	annotations/normalized/PXD058196/biological.json	annotations/normalized/PXD058196/technical.json	annotations/normalized/PXD058196/experimental_design.json
PXD058235	shard_5	complete_3_raw_3_normalized	flags_present	1			not_in_retained_input_manifest	annotations/raw/PXD058235/biological.json	annotations/raw/PXD058235/technical.json	annotations/raw/PXD058235/experimental_design.json	annotations/normalized/PXD058235/biological.json	annotations/normalized/PXD058235/technical.json	annotations/normalized/PXD058235/experimental_design.json
PXD058247	shard_6	complete_3_raw_3_normalized	flags_present	2			not_in_retained_input_manifest	annotations/raw/PXD058247/biological.json	annotations/raw/PXD058247/technical.json	annotations/raw/PXD058247/experimental_design.json	annotations/normalized/PXD058247/biological.json	annotations/normalized/PXD058247/technical.json	annotations/normalized/PXD058247/experimental_design.json
PXD058256	shard_7	complete_3_raw_3_normalized	flags_present	1			not_in_retained_input_manifest	annotations/raw/PXD058256/biological.json	annotations/raw/PXD058256/technical.json	annotations/raw/PXD058256/experimental_design.json	annotations/normalized/PXD058256/biological.json	annotations/normalized/PXD058256/technical.json	annotations/normalized/PXD058256/experimental_design.json
PXD058292	shard_0	complete_3_raw_3_normalized	no_stored_flags	0			not_in_retained_input_manifest	annotations/raw/PXD058292/biological.json	annotations/raw/PXD058292/technical.json	annotations/raw/PXD058292/experimental_design.json	annotations/normalized/PXD058292/biological.json	annotations/normalized/PXD058292/technical.json	annotations/normalized/PXD058292/experimental_design.json
PXD058308	shard_1	complete_3_raw_3_normalized	flags_present	1			not_in_retained_input_manifest	annotations/raw/PXD058308/biological.json	annotations/raw/PXD058308/technical.json	annotations/raw/PXD058308/experimental_design.json	annotations/normalized/PXD058308/biological.json	annotations/normalized/PXD058308/technical.json	annotations/normalized/PXD058308/experimental_design.json
PXD058312	shard_2	complete_3_raw_3_normalized	flags_present	3			not_in_retained_input_manifest	annotations/raw/PXD058312/biological.json	annotations/raw/PXD058312/technical.json	annotations/raw/PXD058312/experimental_design.json	annotations/normalized/PXD058312/biological.json	annotations/normalized/PXD058312/technical.json	annotations/normalized/PXD058312/experimental_design.json
PXD058318	shard_3	complete_3_raw_3_normalized	no_stored_flags	0			not_in_retained_input_manifest	annotations/raw/PXD058318/biological.json	annotations/raw/PXD058318/technical.json	annotations/raw/PXD058318/experimental_design.json	annotations/normalized/PXD058318/biological.json	annotations/normalized/PXD058318/technical.json	annotations/normalized/PXD058318/experimental_design.json
PXD058320	shard_4	complete_3_raw_3_normalized	flags_present	1			not_in_retained_input_manifest	annotations/raw/PXD058320/biological.json	annotations/raw/PXD058320/technical.json	annotations/raw/PXD058320/experimental_design.json	annotations/normalized/PXD058320/biological.json	annotations/normalized/PXD058320/technical.json	annotations/normalized/PXD058320/experimental_design.json
PXD058323	shard_5	complete_3_raw_3_normalized	flags_present	2			not_in_retained_input_manifest	annotations/raw/PXD058323/biological.json	annotations/raw/PXD058323/technical.json	annotations/raw/PXD058323/experimental_design.json	annotations/normalized/PXD058323/biological.json	annotations/normalized/PXD058323/technical.json	annotations/normalized/PXD058323/experimental_design.json
PXD058347	shard_6	complete_3_raw_3_normalized	flags_present	1			not_in_retained_input_manifest	annotations/raw/PXD058347/biological.json	annotations/raw/PXD058347/technical.json	annotations/raw/PXD058347/experimental_design.json	annotations/normalized/PXD058347/biological.json	annotations/normalized/PXD058347/technical.json	annotations/normalized/PXD058347/experimental_design.json
PXD058348	shard_7	complete_3_raw_3_normalized	flags_present	2			not_in_retained_input_manifest	annotations/raw/PXD058348/biological.json	annotations/raw/PXD058348/technical.json	annotations/raw/PXD058348/experimental_design.json	annotations/normalized/PXD058348/biological.json	annotations/normalized/PXD058348/technical.json	annotations/normalized/PXD058348/experimental_design.json
PXD058373	shard_0	complete_3_raw_3_normalized	flags_present	3			not_in_retained_input_manifest	annotations/raw/PXD058373/biological.json	annotations/raw/PXD058373/technical.json	annotations/raw/PXD058373/experimental_design.json	annotations/normalized/PXD058373/biological.json	annotations/normalized/PXD058373/technical.json	annotations/normalized/PXD058373/experimental_design.json
PXD058384	shard_1	complete_3_raw_3_normalized	flags_present	2			not_in_retained_input_manifest	annotations/raw/PXD058384/biological.json	annotations/raw/PXD058384/technical.json	annotations/raw/PXD058384/experimental_design.json	annotations/normalized/PXD058384/biological.json	annotations/normalized/PXD058384/technical.json	annotations/normalized/PXD058384/experimental_design.json
PXD058407	shard_2	complete_3_raw_3_normalized	no_stored_flags	0			not_in_retained_input_manifest	annotations/raw/PXD058407/biological.json	annotations/raw/PXD058407/technical.json	annotations/raw/PXD058407/experimental_design.json	annotations/normalized/PXD058407/biological.json	annotations/normalized/PXD058407/technical.json	annotations/normalized/PXD058407/experimental_design.json
PXD058412	shard_3	complete_3_raw_3_normalized	no_stored_flags	0			not_in_retained_input_manifest	annotations/raw/PXD058412/biological.json	annotations/raw/PXD058412/technical.json	annotations/raw/PXD058412/experimental_design.json	annotations/normalized/PXD058412/biological.json	annotations/normalized/PXD058412/technical.json	annotations/normalized/PXD058412/experimental_design.json
PXD058418	shard_4	complete_3_raw_3_normalized	no_stored_flags	0			not_in_retained_input_manifest	annotations/raw/PXD058418/biological.json	annotations/raw/PXD058418/technical.json	annotations/raw/PXD058418/experimental_design.json	annotations/normalized/PXD058418/biological.json	annotations/normalized/PXD058418/technical.json	annotations/normalized/PXD058418/experimental_design.json
PXD058422	shard_5	complete_3_raw_3_normalized	flags_present	1			not_in_retained_input_manifest	annotations/raw/PXD058422/biological.json	annotations/raw/PXD058422/technical.json	annotations/raw/PXD058422/experimental_design.json	annotations/normalized/PXD058422/biological.json	annotations/normalized/PXD058422/technical.json	annotations/normalized/PXD058422/experimental_design.json
PXD058425	shard_6	complete_3_raw_3_normalized	flags_present	5			not_in_retained_input_manifest	annotations/raw/PXD058425/biological.json	annotations/raw/PXD058425/technical.json	annotations/raw/PXD058425/experimental_design.json	annotations/normalized/PXD058425/biological.json	annotations/normalized/PXD058425/technical.json	annotations/normalized/PXD058425/experimental_design.json
PXD058465	shard_7	complete_3_raw_3_normalized	no_stored_flags	0			not_in_retained_input_manifest	annotations/raw/PXD058465/biological.json	annotations/raw/PXD058465/technical.json	annotations/raw/PXD058465/experimental_design.json	annotations/normalized/PXD058465/biological.json	annotations/normalized/PXD058465/technical.json	annotations/normalized/PXD058465/experimental_design.json
PXD058471	shard_0	complete_3_raw_3_normalized	flags_present	1			not_in_retained_input_manifest	annotations/raw/PXD058471/biological.json	annotations/raw/PXD058471/technical.json	annotations/raw/PXD058471/experimental_design.json	annotations/normalized/PXD058471/biological.json	annotations/normalized/PXD058471/technical.json	annotations/normalized/PXD058471/experimental_design.json
PXD058481	shard_1	complete_3_raw_3_normalized	flags_present	1			not_in_retained_input_manifest	annotations/raw/PXD058481/biological.json	annotations/raw/PXD058481/technical.json	annotations/raw/PXD058481/experimental_design.json	annotations/normalized/PXD058481/biological.json	annotations/normalized/PXD058481/technical.json	annotations/normalized/PXD058481/experimental_design.json
PXD058491	shard_2	complete_3_raw_3_normalized	flags_present	1			not_in_retained_input_manifest	annotations/raw/PXD058491/biological.json	annotations/raw/PXD058491/technical.json	annotations/raw/PXD058491/experimental_design.json	annotations/normalized/PXD058491/biological.json	annotations/normalized/PXD058491/technical.json	annotations/normalized/PXD058491/experimental_design.json
PXD058514	shard_3	complete_3_raw_3_normalized	flags_present	2			not_in_retained_input_manifest	annotations/raw/PXD058514/biological.json	annotations/raw/PXD058514/technical.json	annotations/raw/PXD058514/experimental_design.json	annotations/normalized/PXD058514/biological.json	annotations/normalized/PXD058514/technical.json	annotations/normalized/PXD058514/experimental_design.json
PXD058523	shard_4	complete_3_raw_3_normalized	flags_present	1			not_in_retained_input_manifest	annotations/raw/PXD058523/biological.json	annotations/raw/PXD058523/technical.json	annotations/raw/PXD058523/experimental_design.json	annotations/normalized/PXD058523/biological.json	annotations/normalized/PXD058523/technical.json	annotations/normalized/PXD058523/experimental_design.json
PXD058539	shard_5	complete_3_raw_3_normalized	flags_present	3			not_in_retained_input_manifest	annotations/raw/PXD058539/biological.json	annotations/raw/PXD058539/technical.json	annotations/raw/PXD058539/experimental_design.json	annotations/normalized/PXD058539/biological.json	annotations/normalized/PXD058539/technical.json	annotations/normalized/PXD058539/experimental_design.json
PXD058540	shard_6	complete_3_raw_3_normalized	flags_present	1			not_in_retained_input_manifest	annotations/raw/PXD058540/biological.json	annotations/raw/PXD058540/technical.json	annotations/raw/PXD058540/experimental_design.json	annotations/normalized/PXD058540/biological.json	annotations/normalized/PXD058540/technical.json	annotations/normalized/PXD058540/experimental_design.json
PXD058541	shard_7	complete_3_raw_3_normalized	flags_present	2			not_in_retained_input_manifest	annotations/raw/PXD058541/biological.json	annotations/raw/PXD058541/technical.json	annotations/raw/PXD058541/experimental_design.json	annotations/normalized/PXD058541/biological.json	annotations/normalized/PXD058541/technical.json	annotations/normalized/PXD058541/experimental_design.json
PXD058544	shard_0	complete_3_raw_3_normalized	no_stored_flags	0			not_in_retained_input_manifest	annotations/raw/PXD058544/biological.json	annotations/raw/PXD058544/technical.json	annotations/raw/PXD058544/experimental_design.json	annotations/normalized/PXD058544/biological.json	annotations/normalized/PXD058544/technical.json	annotations/normalized/PXD058544/experimental_design.json
PXD058567	shard_1	complete_3_raw_3_normalized	flags_present	1			not_in_retained_input_manifest	annotations/raw/PXD058567/biological.json	annotations/raw/PXD058567/technical.json	annotations/raw/PXD058567/experimental_design.json	annotations/normalized/PXD058567/biological.json	annotations/normalized/PXD058567/technical.json	annotations/normalized/PXD058567/experimental_design.json
PXD058569	shard_2	complete_3_raw_3_normalized	flags_present	2			not_in_retained_input_manifest	annotations/raw/PXD058569/biological.json	annotations/raw/PXD058569/technical.json	annotations/raw/PXD058569/experimental_design.json	annotations/normalized/PXD058569/biological.json	annotations/normalized/PXD058569/technical.json	annotations/normalized/PXD058569/experimental_design.json
PXD058574	shard_3	complete_3_raw_3_normalized	no_stored_flags	0			not_in_retained_input_manifest	annotations/raw/PXD058574/biological.json	annotations/raw/PXD058574/technical.json	annotations/raw/PXD058574/experimental_design.json	annotations/normalized/PXD058574/biological.json	annotations/normalized/PXD058574/technical.json	annotations/normalized/PXD058574/experimental_design.json
PXD058579	shard_4	complete_3_raw_3_normalized	flags_present	1			not_in_retained_input_manifest	annotations/raw/PXD058579/biological.json	annotations/raw/PXD058579/technical.json	annotations/raw/PXD058579/experimental_design.json	annotations/normalized/PXD058579/biological.json	annotations/normalized/PXD058579/technical.json	annotations/normalized/PXD058579/experimental_design.json
PXD058584	shard_5	complete_3_raw_3_normalized	flags_present	2			not_in_retained_input_manifest	annotations/raw/PXD058584/biological.json	annotations/raw/PXD058584/technical.json	annotations/raw/PXD058584/experimental_design.json	annotations/normalized/PXD058584/biological.json	annotations/normalized/PXD058584/technical.json	annotations/normalized/PXD058584/experimental_design.json
PXD058606	shard_6	complete_3_raw_3_normalized	no_stored_flags	0			not_in_retained_input_manifest	annotations/raw/PXD058606/biological.json	annotations/raw/PXD058606/technical.json	annotations/raw/PXD058606/experimental_design.json	annotations/normalized/PXD058606/biological.json	annotations/normalized/PXD058606/technical.json	annotations/normalized/PXD058606/experimental_design.json
PXD058612	shard_7	complete_3_raw_3_normalized	flags_present	4			not_in_retained_input_manifest	annotations/raw/PXD058612/biological.json	annotations/raw/PXD058612/technical.json	annotations/raw/PXD058612/experimental_design.json	annotations/normalized/PXD058612/biological.json	annotations/normalized/PXD058612/technical.json	annotations/normalized/PXD058612/experimental_design.json
PXD058618	shard_0	complete_3_raw_3_normalized	flags_present	1			not_in_retained_input_manifest	annotations/raw/PXD058618/biological.json	annotations/raw/PXD058618/technical.json	annotations/raw/PXD058618/experimental_design.json	annotations/normalized/PXD058618/biological.json	annotations/normalized/PXD058618/technical.json	annotations/normalized/PXD058618/experimental_design.json
PXD058621	shard_1	complete_3_raw_3_normalized	no_stored_flags	0			not_in_retained_input_manifest	annotations/raw/PXD058621/biological.json	annotations/raw/PXD058621/technical.json	annotations/raw/PXD058621/experimental_design.json	annotations/normalized/PXD058621/biological.json	annotations/normalized/PXD058621/technical.json	annotations/normalized/PXD058621/experimental_design.json
PXD058655	shard_2	complete_3_raw_3_normalized	no_stored_flags	0			not_in_retained_input_manifest	annotations/raw/PXD058655/biological.json	annotations/raw/PXD058655/technical.json	annotations/raw/PXD058655/experimental_design.json	annotations/normalized/PXD058655/biological.json	annotations/normalized/PXD058655/technical.json	annotations/normalized/PXD058655/experimental_design.json
PXD058659	shard_3	complete_3_raw_3_normalized	no_stored_flags	0			not_in_retained_input_manifest	annotations/raw/PXD058659/biological.json	annotations/raw/PXD058659/technical.json	annotations/raw/PXD058659/experimental_design.json	annotations/normalized/PXD058659/biological.json	annotations/normalized/PXD058659/technical.json	annotations/normalized/PXD058659/experimental_design.json
PXD058661	shard_4	complete_3_raw_3_normalized	flags_present	3			not_in_retained_input_manifest	annotations/raw/PXD058661/biological.json	annotations/raw/PXD058661/technical.json	annotations/raw/PXD058661/experimental_design.json	annotations/normalized/PXD058661/biological.json	annotations/normalized/PXD058661/technical.json	annotations/normalized/PXD058661/experimental_design.json
PXD058689	shard_5	complete_3_raw_3_normalized	flags_present	2			not_in_retained_input_manifest	annotations/raw/PXD058689/biological.json	annotations/raw/PXD058689/technical.json	annotations/raw/PXD058689/experimental_design.json	annotations/normalized/PXD058689/biological.json	annotations/normalized/PXD058689/technical.json	annotations/normalized/PXD058689/experimental_design.json
PXD058694	shard_6	complete_3_raw_3_normalized	no_stored_flags	0			not_in_retained_input_manifest	annotations/raw/PXD058694/biological.json	annotations/raw/PXD058694/technical.json	annotations/raw/PXD058694/experimental_design.json	annotations/normalized/PXD058694/biological.json	annotations/normalized/PXD058694/technical.json	annotations/normalized/PXD058694/experimental_design.json
PXD058706	shard_7	complete_3_raw_3_normalized	flags_present	2			not_in_retained_input_manifest	annotations/raw/PXD058706/biological.json	annotations/raw/PXD058706/technical.json	annotations/raw/PXD058706/experimental_design.json	annotations/normalized/PXD058706/biological.json	annotations/normalized/PXD058706/technical.json	annotations/normalized/PXD058706/experimental_design.json
PXD058709	shard_0	complete_3_raw_3_normalized	no_stored_flags	0			not_in_retained_input_manifest	annotations/raw/PXD058709/biological.json	annotations/raw/PXD058709/technical.json	annotations/raw/PXD058709/experimental_design.json	annotations/normalized/PXD058709/biological.json	annotations/normalized/PXD058709/technical.json	annotations/normalized/PXD058709/experimental_design.json
PXD058716	shard_1	complete_3_raw_3_normalized	flags_present	1			not_in_retained_input_manifest	annotations/raw/PXD058716/biological.json	annotations/raw/PXD058716/technical.json	annotations/raw/PXD058716/experimental_design.json	annotations/normalized/PXD058716/biological.json	annotations/normalized/PXD058716/technical.json	annotations/normalized/PXD058716/experimental_design.json
PXD058717	shard_2	complete_3_raw_3_normalized	flags_present	1			not_in_retained_input_manifest	annotations/raw/PXD058717/biological.json	annotations/raw/PXD058717/technical.json	annotations/raw/PXD058717/experimental_design.json	annotations/normalized/PXD058717/biological.json	annotations/normalized/PXD058717/technical.json	annotations/normalized/PXD058717/experimental_design.json
PXD058727	shard_3	complete_3_raw_3_normalized	flags_present	1			not_in_retained_input_manifest	annotations/raw/PXD058727/biological.json	annotations/raw/PXD058727/technical.json	annotations/raw/PXD058727/experimental_design.json	annotations/normalized/PXD058727/biological.json	annotations/normalized/PXD058727/technical.json	annotations/normalized/PXD058727/experimental_design.json
PXD058744	shard_4	complete_3_raw_3_normalized	flags_present	2			not_in_retained_input_manifest	annotations/raw/PXD058744/biological.json	annotations/raw/PXD058744/technical.json	annotations/raw/PXD058744/experimental_design.json	annotations/normalized/PXD058744/biological.json	annotations/normalized/PXD058744/technical.json	annotations/normalized/PXD058744/experimental_design.json
PXD058753	shard_5	complete_3_raw_3_normalized	flags_present	2	technical;experimental_design		not_in_retained_input_manifest	annotations/raw/PXD058753/biological.json	annotations/raw/PXD058753/technical.json	annotations/raw/PXD058753/experimental_design.json	annotations/normalized/PXD058753/biological.json	annotations/normalized/PXD058753/technical.json	annotations/normalized/PXD058753/experimental_design.json
PXD058764	shard_6	complete_3_raw_3_normalized	flags_present	2			not_in_retained_input_manifest	annotations/raw/PXD058764/biological.json	annotations/raw/PXD058764/technical.json	annotations/raw/PXD058764/experimental_design.json	annotations/normalized/PXD058764/biological.json	annotations/normalized/PXD058764/technical.json	annotations/normalized/PXD058764/experimental_design.json
PXD058777	shard_7	complete_3_raw_3_normalized	flags_present	1			not_in_retained_input_manifest	annotations/raw/PXD058777/biological.json	annotations/raw/PXD058777/technical.json	annotations/raw/PXD058777/experimental_design.json	annotations/normalized/PXD058777/biological.json	annotations/normalized/PXD058777/technical.json	annotations/normalized/PXD058777/experimental_design.json
PXD058785	shard_0	complete_3_raw_3_normalized	flags_present	2			not_in_retained_input_manifest	annotations/raw/PXD058785/biological.json	annotations/raw/PXD058785/technical.json	annotations/raw/PXD058785/experimental_design.json	annotations/normalized/PXD058785/biological.json	annotations/normalized/PXD058785/technical.json	annotations/normalized/PXD058785/experimental_design.json
PXD058802	shard_1	complete_3_raw_3_normalized	flags_present	1			not_in_retained_input_manifest	annotations/raw/PXD058802/biological.json	annotations/raw/PXD058802/technical.json	annotations/raw/PXD058802/experimental_design.json	annotations/normalized/PXD058802/biological.json	annotations/normalized/PXD058802/technical.json	annotations/normalized/PXD058802/experimental_design.json
PXD058814	shard_2	complete_3_raw_3_normalized	no_stored_flags	0			not_in_retained_input_manifest	annotations/raw/PXD058814/biological.json	annotations/raw/PXD058814/technical.json	annotations/raw/PXD058814/experimental_design.json	annotations/normalized/PXD058814/biological.json	annotations/normalized/PXD058814/technical.json	annotations/normalized/PXD058814/experimental_design.json
PXD058816	shard_3	complete_3_raw_3_normalized	flags_present	1			not_in_retained_input_manifest	annotations/raw/PXD058816/biological.json	annotations/raw/PXD058816/technical.json	annotations/raw/PXD058816/experimental_design.json	annotations/normalized/PXD058816/biological.json	annotations/normalized/PXD058816/technical.json	annotations/normalized/PXD058816/experimental_design.json
PXD058846	shard_4	complete_3_raw_3_normalized	flags_present	3			not_in_retained_input_manifest	annotations/raw/PXD058846/biological.json	annotations/raw/PXD058846/technical.json	annotations/raw/PXD058846/experimental_design.json	annotations/normalized/PXD058846/biological.json	annotations/normalized/PXD058846/technical.json	annotations/normalized/PXD058846/experimental_design.json
PXD058847	shard_5	complete_3_raw_3_normalized	no_stored_flags	0			not_in_retained_input_manifest	annotations/raw/PXD058847/biological.json	annotations/raw/PXD058847/technical.json	annotations/raw/PXD058847/experimental_design.json	annotations/normalized/PXD058847/biological.json	annotations/normalized/PXD058847/technical.json	annotations/normalized/PXD058847/experimental_design.json
PXD058852	shard_6	complete_3_raw_3_normalized	flags_present	2			not_in_retained_input_manifest	annotations/raw/PXD058852/biological.json	annotations/raw/PXD058852/technical.json	annotations/raw/PXD058852/experimental_design.json	annotations/normalized/PXD058852/biological.json	annotations/normalized/PXD058852/technical.json	annotations/normalized/PXD058852/experimental_design.json
PXD058868	shard_7	complete_3_raw_3_normalized	flags_present	1			not_in_retained_input_manifest	annotations/raw/PXD058868/biological.json	annotations/raw/PXD058868/technical.json	annotations/raw/PXD058868/experimental_design.json	annotations/normalized/PXD058868/biological.json	annotations/normalized/PXD058868/technical.json	annotations/normalized/PXD058868/experimental_design.json
PXD058882	shard_0	complete_3_raw_3_normalized	flags_present	1			not_in_retained_input_manifest	annotations/raw/PXD058882/biological.json	annotations/raw/PXD058882/technical.json	annotations/raw/PXD058882/experimental_design.json	annotations/normalized/PXD058882/biological.json	annotations/normalized/PXD058882/technical.json	annotations/normalized/PXD058882/experimental_design.json
PXD058913	shard_1	complete_3_raw_3_normalized	no_stored_flags	0			not_in_retained_input_manifest	annotations/raw/PXD058913/biological.json	annotations/raw/PXD058913/technical.json	annotations/raw/PXD058913/experimental_design.json	annotations/normalized/PXD058913/biological.json	annotations/normalized/PXD058913/technical.json	annotations/normalized/PXD058913/experimental_design.json
PXD058914	shard_2	complete_3_raw_3_normalized	no_stored_flags	0			not_in_retained_input_manifest	annotations/raw/PXD058914/biological.json	annotations/raw/PXD058914/technical.json	annotations/raw/PXD058914/experimental_design.json	annotations/normalized/PXD058914/biological.json	annotations/normalized/PXD058914/technical.json	annotations/normalized/PXD058914/experimental_design.json
PXD058918	shard_3	complete_3_raw_3_normalized	flags_present	5			not_in_retained_input_manifest	annotations/raw/PXD058918/biological.json	annotations/raw/PXD058918/technical.json	annotations/raw/PXD058918/experimental_design.json	annotations/normalized/PXD058918/biological.json	annotations/normalized/PXD058918/technical.json	annotations/normalized/PXD058918/experimental_design.json
PXD058948	shard_4	complete_3_raw_3_normalized	flags_present	1			not_in_retained_input_manifest	annotations/raw/PXD058948/biological.json	annotations/raw/PXD058948/technical.json	annotations/raw/PXD058948/experimental_design.json	annotations/normalized/PXD058948/biological.json	annotations/normalized/PXD058948/technical.json	annotations/normalized/PXD058948/experimental_design.json
PXD058963	shard_5	complete_3_raw_3_normalized	flags_present	1			not_in_retained_input_manifest	annotations/raw/PXD058963/biological.json	annotations/raw/PXD058963/technical.json	annotations/raw/PXD058963/experimental_design.json	annotations/normalized/PXD058963/biological.json	annotations/normalized/PXD058963/technical.json	annotations/normalized/PXD058963/experimental_design.json
PXD058971	shard_6	complete_3_raw_3_normalized	flags_present	3			not_in_retained_input_manifest	annotations/raw/PXD058971/biological.json	annotations/raw/PXD058971/technical.json	annotations/raw/PXD058971/experimental_design.json	annotations/normalized/PXD058971/biological.json	annotations/normalized/PXD058971/technical.json	annotations/normalized/PXD058971/experimental_design.json
PXD058992	shard_7	complete_3_raw_3_normalized	flags_present	4			not_in_retained_input_manifest	annotations/raw/PXD058992/biological.json	annotations/raw/PXD058992/technical.json	annotations/raw/PXD058992/experimental_design.json	annotations/normalized/PXD058992/biological.json	annotations/normalized/PXD058992/technical.json	annotations/normalized/PXD058992/experimental_design.json
PXD059003	shard_0	complete_3_raw_3_normalized	flags_present	1			not_in_retained_input_manifest	annotations/raw/PXD059003/biological.json	annotations/raw/PXD059003/technical.json	annotations/raw/PXD059003/experimental_design.json	annotations/normalized/PXD059003/biological.json	annotations/normalized/PXD059003/technical.json	annotations/normalized/PXD059003/experimental_design.json
PXD059044	shard_1	complete_3_raw_3_normalized	no_stored_flags	0			not_in_retained_input_manifest	annotations/raw/PXD059044/biological.json	annotations/raw/PXD059044/technical.json	annotations/raw/PXD059044/experimental_design.json	annotations/normalized/PXD059044/biological.json	annotations/normalized/PXD059044/technical.json	annotations/normalized/PXD059044/experimental_design.json
PXD059046	shard_2	complete_3_raw_3_normalized	no_stored_flags	0			not_in_retained_input_manifest	annotations/raw/PXD059046/biological.json	annotations/raw/PXD059046/technical.json	annotations/raw/PXD059046/experimental_design.json	annotations/normalized/PXD059046/biological.json	annotations/normalized/PXD059046/technical.json	annotations/normalized/PXD059046/experimental_design.json
PXD059054	shard_3	complete_3_raw_3_normalized	flags_present	1			not_in_retained_input_manifest	annotations/raw/PXD059054/biological.json	annotations/raw/PXD059054/technical.json	annotations/raw/PXD059054/experimental_design.json	annotations/normalized/PXD059054/biological.json	annotations/normalized/PXD059054/technical.json	annotations/normalized/PXD059054/experimental_design.json
PXD059088	shard_4	complete_3_raw_3_normalized	flags_present	1			not_in_retained_input_manifest	annotations/raw/PXD059088/biological.json	annotations/raw/PXD059088/technical.json	annotations/raw/PXD059088/experimental_design.json	annotations/normalized/PXD059088/biological.json	annotations/normalized/PXD059088/technical.json	annotations/normalized/PXD059088/experimental_design.json
PXD059092	shard_5	complete_3_raw_3_normalized	no_stored_flags	0			not_in_retained_input_manifest	annotations/raw/PXD059092/biological.json	annotations/raw/PXD059092/technical.json	annotations/raw/PXD059092/experimental_design.json	annotations/normalized/PXD059092/biological.json	annotations/normalized/PXD059092/technical.json	annotations/normalized/PXD059092/experimental_design.json
PXD059093	shard_6	complete_3_raw_3_normalized	flags_present	2			not_in_retained_input_manifest	annotations/raw/PXD059093/biological.json	annotations/raw/PXD059093/technical.json	annotations/raw/PXD059093/experimental_design.json	annotations/normalized/PXD059093/biological.json	annotations/normalized/PXD059093/technical.json	annotations/normalized/PXD059093/experimental_design.json
PXD059115	shard_7	complete_3_raw_3_normalized	flags_present	1			not_in_retained_input_manifest	annotations/raw/PXD059115/biological.json	annotations/raw/PXD059115/technical.json	annotations/raw/PXD059115/experimental_design.json	annotations/normalized/PXD059115/biological.json	annotations/normalized/PXD059115/technical.json	annotations/normalized/PXD059115/experimental_design.json
PXD059236	shard_0	complete_3_raw_3_normalized	flags_present	2			not_in_retained_input_manifest	annotations/raw/PXD059236/biological.json	annotations/raw/PXD059236/technical.json	annotations/raw/PXD059236/experimental_design.json	annotations/normalized/PXD059236/biological.json	annotations/normalized/PXD059236/technical.json	annotations/normalized/PXD059236/experimental_design.json
PXD059271	shard_1	complete_3_raw_3_normalized	no_stored_flags	0			not_in_retained_input_manifest	annotations/raw/PXD059271/biological.json	annotations/raw/PXD059271/technical.json	annotations/raw/PXD059271/experimental_design.json	annotations/normalized/PXD059271/biological.json	annotations/normalized/PXD059271/technical.json	annotations/normalized/PXD059271/experimental_design.json
PXD059339	shard_2	complete_3_raw_3_normalized	flags_present	2			not_in_retained_input_manifest	annotations/raw/PXD059339/biological.json	annotations/raw/PXD059339/technical.json	annotations/raw/PXD059339/experimental_design.json	annotations/normalized/PXD059339/biological.json	annotations/normalized/PXD059339/technical.json	annotations/normalized/PXD059339/experimental_design.json
PXD059345	shard_3	complete_3_raw_3_normalized	flags_present	2			not_in_retained_input_manifest	annotations/raw/PXD059345/biological.json	annotations/raw/PXD059345/technical.json	annotations/raw/PXD059345/experimental_design.json	annotations/normalized/PXD059345/biological.json	annotations/normalized/PXD059345/technical.json	annotations/normalized/PXD059345/experimental_design.json
PXD059356	shard_4	complete_3_raw_3_normalized	flags_present	1			not_in_retained_input_manifest	annotations/raw/PXD059356/biological.json	annotations/raw/PXD059356/technical.json	annotations/raw/PXD059356/experimental_design.json	annotations/normalized/PXD059356/biological.json	annotations/normalized/PXD059356/technical.json	annotations/normalized/PXD059356/experimental_design.json
PXD059386	shard_5	complete_3_raw_3_normalized	flags_present	2			not_in_retained_input_manifest	annotations/raw/PXD059386/biological.json	annotations/raw/PXD059386/technical.json	annotations/raw/PXD059386/experimental_design.json	annotations/normalized/PXD059386/biological.json	annotations/normalized/PXD059386/technical.json	annotations/normalized/PXD059386/experimental_design.json
PXD059390	shard_6	complete_3_raw_3_normalized	flags_present	3			not_in_retained_input_manifest	annotations/raw/PXD059390/biological.json	annotations/raw/PXD059390/technical.json	annotations/raw/PXD059390/experimental_design.json	annotations/normalized/PXD059390/biological.json	annotations/normalized/PXD059390/technical.json	annotations/normalized/PXD059390/experimental_design.json
PXD059416	shard_7	complete_3_raw_3_normalized	flags_present	3			not_in_retained_input_manifest	annotations/raw/PXD059416/biological.json	annotations/raw/PXD059416/technical.json	annotations/raw/PXD059416/experimental_design.json	annotations/normalized/PXD059416/biological.json	annotations/normalized/PXD059416/technical.json	annotations/normalized/PXD059416/experimental_design.json
PXD059419	shard_0	complete_3_raw_3_normalized	flags_present	4			not_in_retained_input_manifest	annotations/raw/PXD059419/biological.json	annotations/raw/PXD059419/technical.json	annotations/raw/PXD059419/experimental_design.json	annotations/normalized/PXD059419/biological.json	annotations/normalized/PXD059419/technical.json	annotations/normalized/PXD059419/experimental_design.json
PXD059428	shard_1	complete_3_raw_3_normalized	flags_present	5			not_in_retained_input_manifest	annotations/raw/PXD059428/biological.json	annotations/raw/PXD059428/technical.json	annotations/raw/PXD059428/experimental_design.json	annotations/normalized/PXD059428/biological.json	annotations/normalized/PXD059428/technical.json	annotations/normalized/PXD059428/experimental_design.json
PXD059471	shard_2	complete_3_raw_3_normalized	no_stored_flags	0			not_in_retained_input_manifest	annotations/raw/PXD059471/biological.json	annotations/raw/PXD059471/technical.json	annotations/raw/PXD059471/experimental_design.json	annotations/normalized/PXD059471/biological.json	annotations/normalized/PXD059471/technical.json	annotations/normalized/PXD059471/experimental_design.json
PXD059474	shard_3	complete_3_raw_3_normalized	flags_present	1			not_in_retained_input_manifest	annotations/raw/PXD059474/biological.json	annotations/raw/PXD059474/technical.json	annotations/raw/PXD059474/experimental_design.json	annotations/normalized/PXD059474/biological.json	annotations/normalized/PXD059474/technical.json	annotations/normalized/PXD059474/experimental_design.json
PXD059513	shard_4	complete_3_raw_3_normalized	flags_present	1			not_in_retained_input_manifest	annotations/raw/PXD059513/biological.json	annotations/raw/PXD059513/technical.json	annotations/raw/PXD059513/experimental_design.json	annotations/normalized/PXD059513/biological.json	annotations/normalized/PXD059513/technical.json	annotations/normalized/PXD059513/experimental_design.json
PXD059522	shard_5	complete_3_raw_3_normalized	flags_present	2			not_in_retained_input_manifest	annotations/raw/PXD059522/biological.json	annotations/raw/PXD059522/technical.json	annotations/raw/PXD059522/experimental_design.json	annotations/normalized/PXD059522/biological.json	annotations/normalized/PXD059522/technical.json	annotations/normalized/PXD059522/experimental_design.json
PXD059544	shard_6	complete_3_raw_3_normalized	flags_present	2			not_in_retained_input_manifest	annotations/raw/PXD059544/biological.json	annotations/raw/PXD059544/technical.json	annotations/raw/PXD059544/experimental_design.json	annotations/normalized/PXD059544/biological.json	annotations/normalized/PXD059544/technical.json	annotations/normalized/PXD059544/experimental_design.json
PXD059550	shard_7	complete_3_raw_3_normalized	no_stored_flags	0			not_in_retained_input_manifest	annotations/raw/PXD059550/biological.json	annotations/raw/PXD059550/technical.json	annotations/raw/PXD059550/experimental_design.json	annotations/normalized/PXD059550/biological.json	annotations/normalized/PXD059550/technical.json	annotations/normalized/PXD059550/experimental_design.json
PXD059552	shard_0	complete_3_raw_3_normalized	no_stored_flags	0			not_in_retained_input_manifest	annotations/raw/PXD059552/biological.json	annotations/raw/PXD059552/technical.json	annotations/raw/PXD059552/experimental_design.json	annotations/normalized/PXD059552/biological.json	annotations/normalized/PXD059552/technical.json	annotations/normalized/PXD059552/experimental_design.json
PXD059565	shard_1	complete_3_raw_3_normalized	no_stored_flags	0			not_in_retained_input_manifest	annotations/raw/PXD059565/biological.json	annotations/raw/PXD059565/technical.json	annotations/raw/PXD059565/experimental_design.json	annotations/normalized/PXD059565/biological.json	annotations/normalized/PXD059565/technical.json	annotations/normalized/PXD059565/experimental_design.json
PXD059566	shard_2	complete_3_raw_3_normalized	flags_present	1			not_in_retained_input_manifest	annotations/raw/PXD059566/biological.json	annotations/raw/PXD059566/technical.json	annotations/raw/PXD059566/experimental_design.json	annotations/normalized/PXD059566/biological.json	annotations/normalized/PXD059566/technical.json	annotations/normalized/PXD059566/experimental_design.json
PXD059593	shard_3	complete_3_raw_3_normalized	flags_present	1			not_in_retained_input_manifest	annotations/raw/PXD059593/biological.json	annotations/raw/PXD059593/technical.json	annotations/raw/PXD059593/experimental_design.json	annotations/normalized/PXD059593/biological.json	annotations/normalized/PXD059593/technical.json	annotations/normalized/PXD059593/experimental_design.json
PXD059597	shard_4	complete_3_raw_3_normalized	flags_present	1			not_in_retained_input_manifest	annotations/raw/PXD059597/biological.json	annotations/raw/PXD059597/technical.json	annotations/raw/PXD059597/experimental_design.json	annotations/normalized/PXD059597/biological.json	annotations/normalized/PXD059597/technical.json	annotations/normalized/PXD059597/experimental_design.json
PXD059598	shard_5	complete_3_raw_3_normalized	flags_present	1			not_in_retained_input_manifest	annotations/raw/PXD059598/biological.json	annotations/raw/PXD059598/technical.json	annotations/raw/PXD059598/experimental_design.json	annotations/normalized/PXD059598/biological.json	annotations/normalized/PXD059598/technical.json	annotations/normalized/PXD059598/experimental_design.json
PXD059599	shard_6	complete_3_raw_3_normalized	flags_present	7			not_in_retained_input_manifest	annotations/raw/PXD059599/biological.json	annotations/raw/PXD059599/technical.json	annotations/raw/PXD059599/experimental_design.json	annotations/normalized/PXD059599/biological.json	annotations/normalized/PXD059599/technical.json	annotations/normalized/PXD059599/experimental_design.json
PXD059659	shard_7	complete_3_raw_3_normalized	flags_present	1			not_in_retained_input_manifest	annotations/raw/PXD059659/biological.json	annotations/raw/PXD059659/technical.json	annotations/raw/PXD059659/experimental_design.json	annotations/normalized/PXD059659/biological.json	annotations/normalized/PXD059659/technical.json	annotations/normalized/PXD059659/experimental_design.json
PXD059661	shard_0	complete_3_raw_3_normalized	no_stored_flags	0			not_in_retained_input_manifest	annotations/raw/PXD059661/biological.json	annotations/raw/PXD059661/technical.json	annotations/raw/PXD059661/experimental_design.json	annotations/normalized/PXD059661/biological.json	annotations/normalized/PXD059661/technical.json	annotations/normalized/PXD059661/experimental_design.json
PXD059671	shard_1	complete_3_raw_3_normalized	flags_present	6			not_in_retained_input_manifest	annotations/raw/PXD059671/biological.json	annotations/raw/PXD059671/technical.json	annotations/raw/PXD059671/experimental_design.json	annotations/normalized/PXD059671/biological.json	annotations/normalized/PXD059671/technical.json	annotations/normalized/PXD059671/experimental_design.json
PXD059683	shard_2	complete_3_raw_3_normalized	flags_present	1			not_in_retained_input_manifest	annotations/raw/PXD059683/biological.json	annotations/raw/PXD059683/technical.json	annotations/raw/PXD059683/experimental_design.json	annotations/normalized/PXD059683/biological.json	annotations/normalized/PXD059683/technical.json	annotations/normalized/PXD059683/experimental_design.json
PXD059716	shard_3	complete_3_raw_3_normalized	flags_present	2			not_in_retained_input_manifest	annotations/raw/PXD059716/biological.json	annotations/raw/PXD059716/technical.json	annotations/raw/PXD059716/experimental_design.json	annotations/normalized/PXD059716/biological.json	annotations/normalized/PXD059716/technical.json	annotations/normalized/PXD059716/experimental_design.json
PXD059752	shard_4	complete_3_raw_3_normalized	flags_present	1			not_in_retained_input_manifest	annotations/raw/PXD059752/biological.json	annotations/raw/PXD059752/technical.json	annotations/raw/PXD059752/experimental_design.json	annotations/normalized/PXD059752/biological.json	annotations/normalized/PXD059752/technical.json	annotations/normalized/PXD059752/experimental_design.json
PXD059782	shard_5	complete_3_raw_3_normalized	flags_present	1			not_in_retained_input_manifest	annotations/raw/PXD059782/biological.json	annotations/raw/PXD059782/technical.json	annotations/raw/PXD059782/experimental_design.json	annotations/normalized/PXD059782/biological.json	annotations/normalized/PXD059782/technical.json	annotations/normalized/PXD059782/experimental_design.json
PXD059789	shard_6	complete_3_raw_3_normalized	flags_present	2			not_in_retained_input_manifest	annotations/raw/PXD059789/biological.json	annotations/raw/PXD059789/technical.json	annotations/raw/PXD059789/experimental_design.json	annotations/normalized/PXD059789/biological.json	annotations/normalized/PXD059789/technical.json	annotations/normalized/PXD059789/experimental_design.json
PXD059803	shard_7	complete_3_raw_3_normalized	no_stored_flags	0			not_in_retained_input_manifest	annotations/raw/PXD059803/biological.json	annotations/raw/PXD059803/technical.json	annotations/raw/PXD059803/experimental_design.json	annotations/normalized/PXD059803/biological.json	annotations/normalized/PXD059803/technical.json	annotations/normalized/PXD059803/experimental_design.json
PXD059828	shard_0	complete_3_raw_3_normalized	no_stored_flags	0			not_in_retained_input_manifest	annotations/raw/PXD059828/biological.json	annotations/raw/PXD059828/technical.json	annotations/raw/PXD059828/experimental_design.json	annotations/normalized/PXD059828/biological.json	annotations/normalized/PXD059828/technical.json	annotations/normalized/PXD059828/experimental_design.json
PXD059881	shard_1	complete_3_raw_3_normalized	flags_present	1			not_in_retained_input_manifest	annotations/raw/PXD059881/biological.json	annotations/raw/PXD059881/technical.json	annotations/raw/PXD059881/experimental_design.json	annotations/normalized/PXD059881/biological.json	annotations/normalized/PXD059881/technical.json	annotations/normalized/PXD059881/experimental_design.json
PXD059885	shard_2	complete_3_raw_3_normalized	no_stored_flags	0			not_in_retained_input_manifest	annotations/raw/PXD059885/biological.json	annotations/raw/PXD059885/technical.json	annotations/raw/PXD059885/experimental_design.json	annotations/normalized/PXD059885/biological.json	annotations/normalized/PXD059885/technical.json	annotations/normalized/PXD059885/experimental_design.json
PXD059892	shard_3	complete_3_raw_3_normalized	flags_present	7			not_in_retained_input_manifest	annotations/raw/PXD059892/biological.json	annotations/raw/PXD059892/technical.json	annotations/raw/PXD059892/experimental_design.json	annotations/normalized/PXD059892/biological.json	annotations/normalized/PXD059892/technical.json	annotations/normalized/PXD059892/experimental_design.json
PXD059932	shard_4	complete_3_raw_3_normalized	flags_present	2			not_in_retained_input_manifest	annotations/raw/PXD059932/biological.json	annotations/raw/PXD059932/technical.json	annotations/raw/PXD059932/experimental_design.json	annotations/normalized/PXD059932/biological.json	annotations/normalized/PXD059932/technical.json	annotations/normalized/PXD059932/experimental_design.json
PXD059940	shard_5	complete_3_raw_3_normalized	flags_present	2			not_in_retained_input_manifest	annotations/raw/PXD059940/biological.json	annotations/raw/PXD059940/technical.json	annotations/raw/PXD059940/experimental_design.json	annotations/normalized/PXD059940/biological.json	annotations/normalized/PXD059940/technical.json	annotations/normalized/PXD059940/experimental_design.json
PXD059942	shard_6	complete_3_raw_3_normalized	flags_present	2			not_in_retained_input_manifest	annotations/raw/PXD059942/biological.json	annotations/raw/PXD059942/technical.json	annotations/raw/PXD059942/experimental_design.json	annotations/normalized/PXD059942/biological.json	annotations/normalized/PXD059942/technical.json	annotations/normalized/PXD059942/experimental_design.json
PXD059945	shard_7	complete_3_raw_3_normalized	flags_present	1			not_in_retained_input_manifest	annotations/raw/PXD059945/biological.json	annotations/raw/PXD059945/technical.json	annotations/raw/PXD059945/experimental_design.json	annotations/normalized/PXD059945/biological.json	annotations/normalized/PXD059945/technical.json	annotations/normalized/PXD059945/experimental_design.json
PXD059964	shard_0	complete_3_raw_3_normalized	no_stored_flags	0			not_in_retained_input_manifest	annotations/raw/PXD059964/biological.json	annotations/raw/PXD059964/technical.json	annotations/raw/PXD059964/experimental_design.json	annotations/normalized/PXD059964/biological.json	annotations/normalized/PXD059964/technical.json	annotations/normalized/PXD059964/experimental_design.json
PXD059966	shard_1	complete_3_raw_3_normalized	flags_present	2			not_in_retained_input_manifest	annotations/raw/PXD059966/biological.json	annotations/raw/PXD059966/technical.json	annotations/raw/PXD059966/experimental_design.json	annotations/normalized/PXD059966/biological.json	annotations/normalized/PXD059966/technical.json	annotations/normalized/PXD059966/experimental_design.json
PXD059976	shard_2	complete_3_raw_3_normalized	flags_present	1			not_in_retained_input_manifest	annotations/raw/PXD059976/biological.json	annotations/raw/PXD059976/technical.json	annotations/raw/PXD059976/experimental_design.json	annotations/normalized/PXD059976/biological.json	annotations/normalized/PXD059976/technical.json	annotations/normalized/PXD059976/experimental_design.json
PXD059977	shard_3	complete_3_raw_3_normalized	flags_present	2			not_in_retained_input_manifest	annotations/raw/PXD059977/biological.json	annotations/raw/PXD059977/technical.json	annotations/raw/PXD059977/experimental_design.json	annotations/normalized/PXD059977/biological.json	annotations/normalized/PXD059977/technical.json	annotations/normalized/PXD059977/experimental_design.json
PXD059985	shard_4	complete_3_raw_3_normalized	no_stored_flags	0			not_in_retained_input_manifest	annotations/raw/PXD059985/biological.json	annotations/raw/PXD059985/technical.json	annotations/raw/PXD059985/experimental_design.json	annotations/normalized/PXD059985/biological.json	annotations/normalized/PXD059985/technical.json	annotations/normalized/PXD059985/experimental_design.json
PXD060014	shard_5	complete_3_raw_3_normalized	no_stored_flags	0			not_in_retained_input_manifest	annotations/raw/PXD060014/biological.json	annotations/raw/PXD060014/technical.json	annotations/raw/PXD060014/experimental_design.json	annotations/normalized/PXD060014/biological.json	annotations/normalized/PXD060014/technical.json	annotations/normalized/PXD060014/experimental_design.json
PXD060027	shard_6	complete_3_raw_3_normalized	flags_present	3			not_in_retained_input_manifest	annotations/raw/PXD060027/biological.json	annotations/raw/PXD060027/technical.json	annotations/raw/PXD060027/experimental_design.json	annotations/normalized/PXD060027/biological.json	annotations/normalized/PXD060027/technical.json	annotations/normalized/PXD060027/experimental_design.json
PXD060033	shard_7	complete_3_raw_3_normalized	no_stored_flags	0			not_in_retained_input_manifest	annotations/raw/PXD060033/biological.json	annotations/raw/PXD060033/technical.json	annotations/raw/PXD060033/experimental_design.json	annotations/normalized/PXD060033/biological.json	annotations/normalized/PXD060033/technical.json	annotations/normalized/PXD060033/experimental_design.json
PXD060034	shard_0	complete_3_raw_3_normalized	flags_present	5			not_in_retained_input_manifest	annotations/raw/PXD060034/biological.json	annotations/raw/PXD060034/technical.json	annotations/raw/PXD060034/experimental_design.json	annotations/normalized/PXD060034/biological.json	annotations/normalized/PXD060034/technical.json	annotations/normalized/PXD060034/experimental_design.json
PXD060045	shard_1	complete_3_raw_3_normalized	flags_present	2			not_in_retained_input_manifest	annotations/raw/PXD060045/biological.json	annotations/raw/PXD060045/technical.json	annotations/raw/PXD060045/experimental_design.json	annotations/normalized/PXD060045/biological.json	annotations/normalized/PXD060045/technical.json	annotations/normalized/PXD060045/experimental_design.json
PXD060046	shard_2	complete_3_raw_3_normalized	flags_present	1			not_in_retained_input_manifest	annotations/raw/PXD060046/biological.json	annotations/raw/PXD060046/technical.json	annotations/raw/PXD060046/experimental_design.json	annotations/normalized/PXD060046/biological.json	annotations/normalized/PXD060046/technical.json	annotations/normalized/PXD060046/experimental_design.json
PXD060047	shard_3	complete_3_raw_3_normalized	no_stored_flags	0			not_in_retained_input_manifest	annotations/raw/PXD060047/biological.json	annotations/raw/PXD060047/technical.json	annotations/raw/PXD060047/experimental_design.json	annotations/normalized/PXD060047/biological.json	annotations/normalized/PXD060047/technical.json	annotations/normalized/PXD060047/experimental_design.json
PXD060057	shard_4	complete_3_raw_3_normalized	flags_present	1			not_in_retained_input_manifest	annotations/raw/PXD060057/biological.json	annotations/raw/PXD060057/technical.json	annotations/raw/PXD060057/experimental_design.json	annotations/normalized/PXD060057/biological.json	annotations/normalized/PXD060057/technical.json	annotations/normalized/PXD060057/experimental_design.json
PXD060102	shard_5	complete_3_raw_3_normalized	flags_present	5			not_in_retained_input_manifest	annotations/raw/PXD060102/biological.json	annotations/raw/PXD060102/technical.json	annotations/raw/PXD060102/experimental_design.json	annotations/normalized/PXD060102/biological.json	annotations/normalized/PXD060102/technical.json	annotations/normalized/PXD060102/experimental_design.json
PXD060109	shard_6	complete_3_raw_3_normalized	flags_present	3			not_in_retained_input_manifest	annotations/raw/PXD060109/biological.json	annotations/raw/PXD060109/technical.json	annotations/raw/PXD060109/experimental_design.json	annotations/normalized/PXD060109/biological.json	annotations/normalized/PXD060109/technical.json	annotations/normalized/PXD060109/experimental_design.json
PXD060121	shard_7	complete_3_raw_3_normalized	flags_present	1			not_in_retained_input_manifest	annotations/raw/PXD060121/biological.json	annotations/raw/PXD060121/technical.json	annotations/raw/PXD060121/experimental_design.json	annotations/normalized/PXD060121/biological.json	annotations/normalized/PXD060121/technical.json	annotations/normalized/PXD060121/experimental_design.json
PXD060126	shard_0	complete_3_raw_3_normalized	no_stored_flags	0			not_in_retained_input_manifest	annotations/raw/PXD060126/biological.json	annotations/raw/PXD060126/technical.json	annotations/raw/PXD060126/experimental_design.json	annotations/normalized/PXD060126/biological.json	annotations/normalized/PXD060126/technical.json	annotations/normalized/PXD060126/experimental_design.json
PXD060138	shard_1	complete_3_raw_3_normalized	no_stored_flags	0			not_in_retained_input_manifest	annotations/raw/PXD060138/biological.json	annotations/raw/PXD060138/technical.json	annotations/raw/PXD060138/experimental_design.json	annotations/normalized/PXD060138/biological.json	annotations/normalized/PXD060138/technical.json	annotations/normalized/PXD060138/experimental_design.json
PXD060153	shard_2	complete_3_raw_3_normalized	flags_present	1			not_in_retained_input_manifest	annotations/raw/PXD060153/biological.json	annotations/raw/PXD060153/technical.json	annotations/raw/PXD060153/experimental_design.json	annotations/normalized/PXD060153/biological.json	annotations/normalized/PXD060153/technical.json	annotations/normalized/PXD060153/experimental_design.json
PXD060261	shard_3	complete_3_raw_3_normalized	flags_present	1			not_in_retained_input_manifest	annotations/raw/PXD060261/biological.json	annotations/raw/PXD060261/technical.json	annotations/raw/PXD060261/experimental_design.json	annotations/normalized/PXD060261/biological.json	annotations/normalized/PXD060261/technical.json	annotations/normalized/PXD060261/experimental_design.json
PXD060280	shard_4	complete_3_raw_3_normalized	no_stored_flags	0			not_in_retained_input_manifest	annotations/raw/PXD060280/biological.json	annotations/raw/PXD060280/technical.json	annotations/raw/PXD060280/experimental_design.json	annotations/normalized/PXD060280/biological.json	annotations/normalized/PXD060280/technical.json	annotations/normalized/PXD060280/experimental_design.json
PXD060285	shard_5	complete_3_raw_3_normalized	no_stored_flags	0			not_in_retained_input_manifest	annotations/raw/PXD060285/biological.json	annotations/raw/PXD060285/technical.json	annotations/raw/PXD060285/experimental_design.json	annotations/normalized/PXD060285/biological.json	annotations/normalized/PXD060285/technical.json	annotations/normalized/PXD060285/experimental_design.json
PXD060304	shard_6	complete_3_raw_3_normalized	flags_present	3			not_in_retained_input_manifest	annotations/raw/PXD060304/biological.json	annotations/raw/PXD060304/technical.json	annotations/raw/PXD060304/experimental_design.json	annotations/normalized/PXD060304/biological.json	annotations/normalized/PXD060304/technical.json	annotations/normalized/PXD060304/experimental_design.json
PXD060305	shard_7	complete_3_raw_3_normalized	flags_present	1			not_in_retained_input_manifest	annotations/raw/PXD060305/biological.json	annotations/raw/PXD060305/technical.json	annotations/raw/PXD060305/experimental_design.json	annotations/normalized/PXD060305/biological.json	annotations/normalized/PXD060305/technical.json	annotations/normalized/PXD060305/experimental_design.json
PXD060307	shard_0	complete_3_raw_3_normalized	flags_present	1			not_in_retained_input_manifest	annotations/raw/PXD060307/biological.json	annotations/raw/PXD060307/technical.json	annotations/raw/PXD060307/experimental_design.json	annotations/normalized/PXD060307/biological.json	annotations/normalized/PXD060307/technical.json	annotations/normalized/PXD060307/experimental_design.json
PXD060317	shard_1	complete_3_raw_3_normalized	flags_present	1			not_in_retained_input_manifest	annotations/raw/PXD060317/biological.json	annotations/raw/PXD060317/technical.json	annotations/raw/PXD060317/experimental_design.json	annotations/normalized/PXD060317/biological.json	annotations/normalized/PXD060317/technical.json	annotations/normalized/PXD060317/experimental_design.json
PXD060326	shard_2	complete_3_raw_3_normalized	flags_present	1			not_in_retained_input_manifest	annotations/raw/PXD060326/biological.json	annotations/raw/PXD060326/technical.json	annotations/raw/PXD060326/experimental_design.json	annotations/normalized/PXD060326/biological.json	annotations/normalized/PXD060326/technical.json	annotations/normalized/PXD060326/experimental_design.json
PXD060340	shard_3	complete_3_raw_3_normalized	flags_present	1			not_in_retained_input_manifest	annotations/raw/PXD060340/biological.json	annotations/raw/PXD060340/technical.json	annotations/raw/PXD060340/experimental_design.json	annotations/normalized/PXD060340/biological.json	annotations/normalized/PXD060340/technical.json	annotations/normalized/PXD060340/experimental_design.json
PXD060357	shard_4	complete_3_raw_3_normalized	flags_present	1			not_in_retained_input_manifest	annotations/raw/PXD060357/biological.json	annotations/raw/PXD060357/technical.json	annotations/raw/PXD060357/experimental_design.json	annotations/normalized/PXD060357/biological.json	annotations/normalized/PXD060357/technical.json	annotations/normalized/PXD060357/experimental_design.json
PXD060372	shard_5	complete_3_raw_3_normalized	flags_present	6	technical		not_in_retained_input_manifest	annotations/raw/PXD060372/biological.json	annotations/raw/PXD060372/technical.json	annotations/raw/PXD060372/experimental_design.json	annotations/normalized/PXD060372/biological.json	annotations/normalized/PXD060372/technical.json	annotations/normalized/PXD060372/experimental_design.json
PXD060381	shard_6	complete_3_raw_3_normalized	flags_present	5			not_in_retained_input_manifest	annotations/raw/PXD060381/biological.json	annotations/raw/PXD060381/technical.json	annotations/raw/PXD060381/experimental_design.json	annotations/normalized/PXD060381/biological.json	annotations/normalized/PXD060381/technical.json	annotations/normalized/PXD060381/experimental_design.json
PXD060406	shard_7	complete_3_raw_3_normalized	flags_present	2			not_in_retained_input_manifest	annotations/raw/PXD060406/biological.json	annotations/raw/PXD060406/technical.json	annotations/raw/PXD060406/experimental_design.json	annotations/normalized/PXD060406/biological.json	annotations/normalized/PXD060406/technical.json	annotations/normalized/PXD060406/experimental_design.json
PXD060429	shard_0	complete_3_raw_3_normalized	no_stored_flags	0			not_in_retained_input_manifest	annotations/raw/PXD060429/biological.json	annotations/raw/PXD060429/technical.json	annotations/raw/PXD060429/experimental_design.json	annotations/normalized/PXD060429/biological.json	annotations/normalized/PXD060429/technical.json	annotations/normalized/PXD060429/experimental_design.json
PXD060457	shard_1	complete_3_raw_3_normalized	flags_present	2			not_in_retained_input_manifest	annotations/raw/PXD060457/biological.json	annotations/raw/PXD060457/technical.json	annotations/raw/PXD060457/experimental_design.json	annotations/normalized/PXD060457/biological.json	annotations/normalized/PXD060457/technical.json	annotations/normalized/PXD060457/experimental_design.json
PXD060483	shard_2	complete_3_raw_3_normalized	flags_present	1			not_in_retained_input_manifest	annotations/raw/PXD060483/biological.json	annotations/raw/PXD060483/technical.json	annotations/raw/PXD060483/experimental_design.json	annotations/normalized/PXD060483/biological.json	annotations/normalized/PXD060483/technical.json	annotations/normalized/PXD060483/experimental_design.json
PXD060519	shard_3	complete_3_raw_3_normalized	no_stored_flags	0			not_in_retained_input_manifest	annotations/raw/PXD060519/biological.json	annotations/raw/PXD060519/technical.json	annotations/raw/PXD060519/experimental_design.json	annotations/normalized/PXD060519/biological.json	annotations/normalized/PXD060519/technical.json	annotations/normalized/PXD060519/experimental_design.json
PXD060570	shard_4	complete_3_raw_3_normalized	no_stored_flags	0			not_in_retained_input_manifest	annotations/raw/PXD060570/biological.json	annotations/raw/PXD060570/technical.json	annotations/raw/PXD060570/experimental_design.json	annotations/normalized/PXD060570/biological.json	annotations/normalized/PXD060570/technical.json	annotations/normalized/PXD060570/experimental_design.json
PXD060572	shard_5	complete_3_raw_3_normalized	flags_present	1			not_in_retained_input_manifest	annotations/raw/PXD060572/biological.json	annotations/raw/PXD060572/technical.json	annotations/raw/PXD060572/experimental_design.json	annotations/normalized/PXD060572/biological.json	annotations/normalized/PXD060572/technical.json	annotations/normalized/PXD060572/experimental_design.json
PXD060575	shard_6	complete_3_raw_3_normalized	flags_present	2			not_in_retained_input_manifest	annotations/raw/PXD060575/biological.json	annotations/raw/PXD060575/technical.json	annotations/raw/PXD060575/experimental_design.json	annotations/normalized/PXD060575/biological.json	annotations/normalized/PXD060575/technical.json	annotations/normalized/PXD060575/experimental_design.json
PXD060621	shard_7	complete_3_raw_3_normalized	no_stored_flags	0			not_in_retained_input_manifest	annotations/raw/PXD060621/biological.json	annotations/raw/PXD060621/technical.json	annotations/raw/PXD060621/experimental_design.json	annotations/normalized/PXD060621/biological.json	annotations/normalized/PXD060621/technical.json	annotations/normalized/PXD060621/experimental_design.json
PXD060653	shard_0	complete_3_raw_3_normalized	no_stored_flags	0			not_in_retained_input_manifest	annotations/raw/PXD060653/biological.json	annotations/raw/PXD060653/technical.json	annotations/raw/PXD060653/experimental_design.json	annotations/normalized/PXD060653/biological.json	annotations/normalized/PXD060653/technical.json	annotations/normalized/PXD060653/experimental_design.json
PXD060675	shard_1	complete_3_raw_3_normalized	flags_present	1			not_in_retained_input_manifest	annotations/raw/PXD060675/biological.json	annotations/raw/PXD060675/technical.json	annotations/raw/PXD060675/experimental_design.json	annotations/normalized/PXD060675/biological.json	annotations/normalized/PXD060675/technical.json	annotations/normalized/PXD060675/experimental_design.json
PXD060708	shard_2	complete_3_raw_3_normalized	flags_present	1			not_in_retained_input_manifest	annotations/raw/PXD060708/biological.json	annotations/raw/PXD060708/technical.json	annotations/raw/PXD060708/experimental_design.json	annotations/normalized/PXD060708/biological.json	annotations/normalized/PXD060708/technical.json	annotations/normalized/PXD060708/experimental_design.json
PXD060714	shard_3	complete_3_raw_3_normalized	flags_present	5			not_in_retained_input_manifest	annotations/raw/PXD060714/biological.json	annotations/raw/PXD060714/technical.json	annotations/raw/PXD060714/experimental_design.json	annotations/normalized/PXD060714/biological.json	annotations/normalized/PXD060714/technical.json	annotations/normalized/PXD060714/experimental_design.json
PXD060715	shard_4	complete_3_raw_3_normalized	flags_present	3			not_in_retained_input_manifest	annotations/raw/PXD060715/biological.json	annotations/raw/PXD060715/technical.json	annotations/raw/PXD060715/experimental_design.json	annotations/normalized/PXD060715/biological.json	annotations/normalized/PXD060715/technical.json	annotations/normalized/PXD060715/experimental_design.json
PXD060761	shard_5	complete_3_raw_3_normalized	no_stored_flags	0			not_in_retained_input_manifest	annotations/raw/PXD060761/biological.json	annotations/raw/PXD060761/technical.json	annotations/raw/PXD060761/experimental_design.json	annotations/normalized/PXD060761/biological.json	annotations/normalized/PXD060761/technical.json	annotations/normalized/PXD060761/experimental_design.json
PXD060764	shard_6	complete_3_raw_3_normalized	flags_present	1			not_in_retained_input_manifest	annotations/raw/PXD060764/biological.json	annotations/raw/PXD060764/technical.json	annotations/raw/PXD060764/experimental_design.json	annotations/normalized/PXD060764/biological.json	annotations/normalized/PXD060764/technical.json	annotations/normalized/PXD060764/experimental_design.json
PXD060781	shard_7	complete_3_raw_3_normalized	flags_present	2			not_in_retained_input_manifest	annotations/raw/PXD060781/biological.json	annotations/raw/PXD060781/technical.json	annotations/raw/PXD060781/experimental_design.json	annotations/normalized/PXD060781/biological.json	annotations/normalized/PXD060781/technical.json	annotations/normalized/PXD060781/experimental_design.json
PXD060786	shard_0	complete_3_raw_3_normalized	no_stored_flags	0			not_in_retained_input_manifest	annotations/raw/PXD060786/biological.json	annotations/raw/PXD060786/technical.json	annotations/raw/PXD060786/experimental_design.json	annotations/normalized/PXD060786/biological.json	annotations/normalized/PXD060786/technical.json	annotations/normalized/PXD060786/experimental_design.json
PXD060795	shard_1	complete_3_raw_3_normalized	no_stored_flags	0			not_in_retained_input_manifest	annotations/raw/PXD060795/biological.json	annotations/raw/PXD060795/technical.json	annotations/raw/PXD060795/experimental_design.json	annotations/normalized/PXD060795/biological.json	annotations/normalized/PXD060795/technical.json	annotations/normalized/PXD060795/experimental_design.json
PXD060798	shard_2	complete_3_raw_3_normalized	no_stored_flags	0			not_in_retained_input_manifest	annotations/raw/PXD060798/biological.json	annotations/raw/PXD060798/technical.json	annotations/raw/PXD060798/experimental_design.json	annotations/normalized/PXD060798/biological.json	annotations/normalized/PXD060798/technical.json	annotations/normalized/PXD060798/experimental_design.json
PXD060808	shard_3	complete_3_raw_3_normalized	no_stored_flags	0			not_in_retained_input_manifest	annotations/raw/PXD060808/biological.json	annotations/raw/PXD060808/technical.json	annotations/raw/PXD060808/experimental_design.json	annotations/normalized/PXD060808/biological.json	annotations/normalized/PXD060808/technical.json	annotations/normalized/PXD060808/experimental_design.json
PXD060811	shard_4	complete_3_raw_3_normalized	flags_present	4			not_in_retained_input_manifest	annotations/raw/PXD060811/biological.json	annotations/raw/PXD060811/technical.json	annotations/raw/PXD060811/experimental_design.json	annotations/normalized/PXD060811/biological.json	annotations/normalized/PXD060811/technical.json	annotations/normalized/PXD060811/experimental_design.json
PXD060812	shard_5	complete_3_raw_3_normalized	flags_present	1			not_in_retained_input_manifest	annotations/raw/PXD060812/biological.json	annotations/raw/PXD060812/technical.json	annotations/raw/PXD060812/experimental_design.json	annotations/normalized/PXD060812/biological.json	annotations/normalized/PXD060812/technical.json	annotations/normalized/PXD060812/experimental_design.json
PXD060829	shard_6	complete_3_raw_3_normalized	flags_present	1			not_in_retained_input_manifest	annotations/raw/PXD060829/biological.json	annotations/raw/PXD060829/technical.json	annotations/raw/PXD060829/experimental_design.json	annotations/normalized/PXD060829/biological.json	annotations/normalized/PXD060829/technical.json	annotations/normalized/PXD060829/experimental_design.json
PXD060843	shard_7	complete_3_raw_3_normalized	flags_present	1			not_in_retained_input_manifest	annotations/raw/PXD060843/biological.json	annotations/raw/PXD060843/technical.json	annotations/raw/PXD060843/experimental_design.json	annotations/normalized/PXD060843/biological.json	annotations/normalized/PXD060843/technical.json	annotations/normalized/PXD060843/experimental_design.json
PXD060844	shard_0	complete_3_raw_3_normalized	no_stored_flags	0			not_in_retained_input_manifest	annotations/raw/PXD060844/biological.json	annotations/raw/PXD060844/technical.json	annotations/raw/PXD060844/experimental_design.json	annotations/normalized/PXD060844/biological.json	annotations/normalized/PXD060844/technical.json	annotations/normalized/PXD060844/experimental_design.json
PXD060852	shard_1	complete_3_raw_3_normalized	flags_present	5			not_in_retained_input_manifest	annotations/raw/PXD060852/biological.json	annotations/raw/PXD060852/technical.json	annotations/raw/PXD060852/experimental_design.json	annotations/normalized/PXD060852/biological.json	annotations/normalized/PXD060852/technical.json	annotations/normalized/PXD060852/experimental_design.json
PXD060854	shard_2	complete_3_raw_3_normalized	flags_present	5			not_in_retained_input_manifest	annotations/raw/PXD060854/biological.json	annotations/raw/PXD060854/technical.json	annotations/raw/PXD060854/experimental_design.json	annotations/normalized/PXD060854/biological.json	annotations/normalized/PXD060854/technical.json	annotations/normalized/PXD060854/experimental_design.json
PXD060875	shard_3	complete_3_raw_3_normalized	flags_present	1			not_in_retained_input_manifest	annotations/raw/PXD060875/biological.json	annotations/raw/PXD060875/technical.json	annotations/raw/PXD060875/experimental_design.json	annotations/normalized/PXD060875/biological.json	annotations/normalized/PXD060875/technical.json	annotations/normalized/PXD060875/experimental_design.json
PXD060878	shard_4	complete_3_raw_3_normalized	no_stored_flags	0			not_in_retained_input_manifest	annotations/raw/PXD060878/biological.json	annotations/raw/PXD060878/technical.json	annotations/raw/PXD060878/experimental_design.json	annotations/normalized/PXD060878/biological.json	annotations/normalized/PXD060878/technical.json	annotations/normalized/PXD060878/experimental_design.json
PXD060883	shard_5	complete_3_raw_3_normalized	no_stored_flags	0			not_in_retained_input_manifest	annotations/raw/PXD060883/biological.json	annotations/raw/PXD060883/technical.json	annotations/raw/PXD060883/experimental_design.json	annotations/normalized/PXD060883/biological.json	annotations/normalized/PXD060883/technical.json	annotations/normalized/PXD060883/experimental_design.json
PXD060886	shard_6	complete_3_raw_3_normalized	flags_present	4			not_in_retained_input_manifest	annotations/raw/PXD060886/biological.json	annotations/raw/PXD060886/technical.json	annotations/raw/PXD060886/experimental_design.json	annotations/normalized/PXD060886/biological.json	annotations/normalized/PXD060886/technical.json	annotations/normalized/PXD060886/experimental_design.json
PXD060890	shard_7	complete_3_raw_3_normalized	no_stored_flags	0			not_in_retained_input_manifest	annotations/raw/PXD060890/biological.json	annotations/raw/PXD060890/technical.json	annotations/raw/PXD060890/experimental_design.json	annotations/normalized/PXD060890/biological.json	annotations/normalized/PXD060890/technical.json	annotations/normalized/PXD060890/experimental_design.json
PXD060898	shard_0	complete_3_raw_3_normalized	flags_present	1			not_in_retained_input_manifest	annotations/raw/PXD060898/biological.json	annotations/raw/PXD060898/technical.json	annotations/raw/PXD060898/experimental_design.json	annotations/normalized/PXD060898/biological.json	annotations/normalized/PXD060898/technical.json	annotations/normalized/PXD060898/experimental_design.json
PXD060912	shard_1	complete_3_raw_3_normalized	flags_present	3			not_in_retained_input_manifest	annotations/raw/PXD060912/biological.json	annotations/raw/PXD060912/technical.json	annotations/raw/PXD060912/experimental_design.json	annotations/normalized/PXD060912/biological.json	annotations/normalized/PXD060912/technical.json	annotations/normalized/PXD060912/experimental_design.json
PXD060917	shard_2	complete_3_raw_3_normalized	flags_present	1			not_in_retained_input_manifest	annotations/raw/PXD060917/biological.json	annotations/raw/PXD060917/technical.json	annotations/raw/PXD060917/experimental_design.json	annotations/normalized/PXD060917/biological.json	annotations/normalized/PXD060917/technical.json	annotations/normalized/PXD060917/experimental_design.json
PXD060935	shard_3	complete_3_raw_3_normalized	flags_present	3			not_in_retained_input_manifest	annotations/raw/PXD060935/biological.json	annotations/raw/PXD060935/technical.json	annotations/raw/PXD060935/experimental_design.json	annotations/normalized/PXD060935/biological.json	annotations/normalized/PXD060935/technical.json	annotations/normalized/PXD060935/experimental_design.json
PXD060937	shard_4	complete_3_raw_3_normalized	flags_present	4			not_in_retained_input_manifest	annotations/raw/PXD060937/biological.json	annotations/raw/PXD060937/technical.json	annotations/raw/PXD060937/experimental_design.json	annotations/normalized/PXD060937/biological.json	annotations/normalized/PXD060937/technical.json	annotations/normalized/PXD060937/experimental_design.json
PXD060946	shard_5	complete_3_raw_3_normalized	flags_present	1			not_in_retained_input_manifest	annotations/raw/PXD060946/biological.json	annotations/raw/PXD060946/technical.json	annotations/raw/PXD060946/experimental_design.json	annotations/normalized/PXD060946/biological.json	annotations/normalized/PXD060946/technical.json	annotations/normalized/PXD060946/experimental_design.json
PXD060950	shard_6	complete_3_raw_3_normalized	flags_present	1			not_in_retained_input_manifest	annotations/raw/PXD060950/biological.json	annotations/raw/PXD060950/technical.json	annotations/raw/PXD060950/experimental_design.json	annotations/normalized/PXD060950/biological.json	annotations/normalized/PXD060950/technical.json	annotations/normalized/PXD060950/experimental_design.json
PXD060971	shard_7	complete_3_raw_3_normalized	no_stored_flags	0			not_in_retained_input_manifest	annotations/raw/PXD060971/biological.json	annotations/raw/PXD060971/technical.json	annotations/raw/PXD060971/experimental_design.json	annotations/normalized/PXD060971/biological.json	annotations/normalized/PXD060971/technical.json	annotations/normalized/PXD060971/experimental_design.json
PXD060976	shard_0	complete_3_raw_3_normalized	flags_present	2			not_in_retained_input_manifest	annotations/raw/PXD060976/biological.json	annotations/raw/PXD060976/technical.json	annotations/raw/PXD060976/experimental_design.json	annotations/normalized/PXD060976/biological.json	annotations/normalized/PXD060976/technical.json	annotations/normalized/PXD060976/experimental_design.json
PXD060980	shard_1	complete_3_raw_3_normalized	flags_present	3			not_in_retained_input_manifest	annotations/raw/PXD060980/biological.json	annotations/raw/PXD060980/technical.json	annotations/raw/PXD060980/experimental_design.json	annotations/normalized/PXD060980/biological.json	annotations/normalized/PXD060980/technical.json	annotations/normalized/PXD060980/experimental_design.json
PXD060982	shard_2	complete_3_raw_3_normalized	flags_present	2			not_in_retained_input_manifest	annotations/raw/PXD060982/biological.json	annotations/raw/PXD060982/technical.json	annotations/raw/PXD060982/experimental_design.json	annotations/normalized/PXD060982/biological.json	annotations/normalized/PXD060982/technical.json	annotations/normalized/PXD060982/experimental_design.json
PXD061015	shard_3	complete_3_raw_3_normalized	flags_present	3			not_in_retained_input_manifest	annotations/raw/PXD061015/biological.json	annotations/raw/PXD061015/technical.json	annotations/raw/PXD061015/experimental_design.json	annotations/normalized/PXD061015/biological.json	annotations/normalized/PXD061015/technical.json	annotations/normalized/PXD061015/experimental_design.json
PXD061019	shard_4	complete_3_raw_3_normalized	flags_present	1			not_in_retained_input_manifest	annotations/raw/PXD061019/biological.json	annotations/raw/PXD061019/technical.json	annotations/raw/PXD061019/experimental_design.json	annotations/normalized/PXD061019/biological.json	annotations/normalized/PXD061019/technical.json	annotations/normalized/PXD061019/experimental_design.json
PXD061038	shard_5	complete_3_raw_3_normalized	flags_present	1			not_in_retained_input_manifest	annotations/raw/PXD061038/biological.json	annotations/raw/PXD061038/technical.json	annotations/raw/PXD061038/experimental_design.json	annotations/normalized/PXD061038/biological.json	annotations/normalized/PXD061038/technical.json	annotations/normalized/PXD061038/experimental_design.json
PXD061048	shard_6	complete_3_raw_3_normalized	flags_present	2			not_in_retained_input_manifest	annotations/raw/PXD061048/biological.json	annotations/raw/PXD061048/technical.json	annotations/raw/PXD061048/experimental_design.json	annotations/normalized/PXD061048/biological.json	annotations/normalized/PXD061048/technical.json	annotations/normalized/PXD061048/experimental_design.json
PXD061050	shard_7	complete_3_raw_3_normalized	flags_present	6			not_in_retained_input_manifest	annotations/raw/PXD061050/biological.json	annotations/raw/PXD061050/technical.json	annotations/raw/PXD061050/experimental_design.json	annotations/normalized/PXD061050/biological.json	annotations/normalized/PXD061050/technical.json	annotations/normalized/PXD061050/experimental_design.json
PXD061059	shard_0	complete_3_raw_3_normalized	flags_present	2			not_in_retained_input_manifest	annotations/raw/PXD061059/biological.json	annotations/raw/PXD061059/technical.json	annotations/raw/PXD061059/experimental_design.json	annotations/normalized/PXD061059/biological.json	annotations/normalized/PXD061059/technical.json	annotations/normalized/PXD061059/experimental_design.json
PXD061073	shard_1	complete_3_raw_3_normalized	flags_present	3			not_in_retained_input_manifest	annotations/raw/PXD061073/biological.json	annotations/raw/PXD061073/technical.json	annotations/raw/PXD061073/experimental_design.json	annotations/normalized/PXD061073/biological.json	annotations/normalized/PXD061073/technical.json	annotations/normalized/PXD061073/experimental_design.json
PXD061092	shard_2	complete_3_raw_3_normalized	flags_present	3			not_in_retained_input_manifest	annotations/raw/PXD061092/biological.json	annotations/raw/PXD061092/technical.json	annotations/raw/PXD061092/experimental_design.json	annotations/normalized/PXD061092/biological.json	annotations/normalized/PXD061092/technical.json	annotations/normalized/PXD061092/experimental_design.json
PXD061097	shard_3	complete_3_raw_3_normalized	flags_present	4			not_in_retained_input_manifest	annotations/raw/PXD061097/biological.json	annotations/raw/PXD061097/technical.json	annotations/raw/PXD061097/experimental_design.json	annotations/normalized/PXD061097/biological.json	annotations/normalized/PXD061097/technical.json	annotations/normalized/PXD061097/experimental_design.json
PXD061103	shard_4	complete_3_raw_3_normalized	flags_present	3			not_in_retained_input_manifest	annotations/raw/PXD061103/biological.json	annotations/raw/PXD061103/technical.json	annotations/raw/PXD061103/experimental_design.json	annotations/normalized/PXD061103/biological.json	annotations/normalized/PXD061103/technical.json	annotations/normalized/PXD061103/experimental_design.json
PXD061104	shard_5	complete_3_raw_3_normalized	flags_present	3			not_in_retained_input_manifest	annotations/raw/PXD061104/biological.json	annotations/raw/PXD061104/technical.json	annotations/raw/PXD061104/experimental_design.json	annotations/normalized/PXD061104/biological.json	annotations/normalized/PXD061104/technical.json	annotations/normalized/PXD061104/experimental_design.json
PXD061117	shard_6	complete_3_raw_3_normalized	flags_present	3			not_in_retained_input_manifest	annotations/raw/PXD061117/biological.json	annotations/raw/PXD061117/technical.json	annotations/raw/PXD061117/experimental_design.json	annotations/normalized/PXD061117/biological.json	annotations/normalized/PXD061117/technical.json	annotations/normalized/PXD061117/experimental_design.json
PXD061144	shard_7	complete_3_raw_3_normalized	flags_present	1			not_in_retained_input_manifest	annotations/raw/PXD061144/biological.json	annotations/raw/PXD061144/technical.json	annotations/raw/PXD061144/experimental_design.json	annotations/normalized/PXD061144/biological.json	annotations/normalized/PXD061144/technical.json	annotations/normalized/PXD061144/experimental_design.json
PXD061161	shard_0	complete_3_raw_3_normalized	flags_present	1			not_in_retained_input_manifest	annotations/raw/PXD061161/biological.json	annotations/raw/PXD061161/technical.json	annotations/raw/PXD061161/experimental_design.json	annotations/normalized/PXD061161/biological.json	annotations/normalized/PXD061161/technical.json	annotations/normalized/PXD061161/experimental_design.json
PXD061173	shard_1	complete_3_raw_3_normalized	flags_present	2			not_in_retained_input_manifest	annotations/raw/PXD061173/biological.json	annotations/raw/PXD061173/technical.json	annotations/raw/PXD061173/experimental_design.json	annotations/normalized/PXD061173/biological.json	annotations/normalized/PXD061173/technical.json	annotations/normalized/PXD061173/experimental_design.json
PXD061178	shard_2	complete_3_raw_3_normalized	flags_present	1			not_in_retained_input_manifest	annotations/raw/PXD061178/biological.json	annotations/raw/PXD061178/technical.json	annotations/raw/PXD061178/experimental_design.json	annotations/normalized/PXD061178/biological.json	annotations/normalized/PXD061178/technical.json	annotations/normalized/PXD061178/experimental_design.json
PXD061183	shard_3	complete_3_raw_3_normalized	flags_present	3			not_in_retained_input_manifest	annotations/raw/PXD061183/biological.json	annotations/raw/PXD061183/technical.json	annotations/raw/PXD061183/experimental_design.json	annotations/normalized/PXD061183/biological.json	annotations/normalized/PXD061183/technical.json	annotations/normalized/PXD061183/experimental_design.json
PXD061195	shard_4	complete_3_raw_3_normalized	flags_present	1			not_in_retained_input_manifest	annotations/raw/PXD061195/biological.json	annotations/raw/PXD061195/technical.json	annotations/raw/PXD061195/experimental_design.json	annotations/normalized/PXD061195/biological.json	annotations/normalized/PXD061195/technical.json	annotations/normalized/PXD061195/experimental_design.json
PXD061212	shard_5	complete_3_raw_3_normalized	no_stored_flags	0			not_in_retained_input_manifest	annotations/raw/PXD061212/biological.json	annotations/raw/PXD061212/technical.json	annotations/raw/PXD061212/experimental_design.json	annotations/normalized/PXD061212/biological.json	annotations/normalized/PXD061212/technical.json	annotations/normalized/PXD061212/experimental_design.json
PXD061267	shard_6	complete_3_raw_3_normalized	flags_present	2			not_in_retained_input_manifest	annotations/raw/PXD061267/biological.json	annotations/raw/PXD061267/technical.json	annotations/raw/PXD061267/experimental_design.json	annotations/normalized/PXD061267/biological.json	annotations/normalized/PXD061267/technical.json	annotations/normalized/PXD061267/experimental_design.json
PXD061275	shard_7	complete_3_raw_3_normalized	no_stored_flags	0			not_in_retained_input_manifest	annotations/raw/PXD061275/biological.json	annotations/raw/PXD061275/technical.json	annotations/raw/PXD061275/experimental_design.json	annotations/normalized/PXD061275/biological.json	annotations/normalized/PXD061275/technical.json	annotations/normalized/PXD061275/experimental_design.json
PXD061276	shard_0	complete_3_raw_3_normalized	flags_present	1			not_in_retained_input_manifest	annotations/raw/PXD061276/biological.json	annotations/raw/PXD061276/technical.json	annotations/raw/PXD061276/experimental_design.json	annotations/normalized/PXD061276/biological.json	annotations/normalized/PXD061276/technical.json	annotations/normalized/PXD061276/experimental_design.json
PXD061285	shard_1	complete_3_raw_3_normalized	no_stored_flags	0			not_in_retained_input_manifest	annotations/raw/PXD061285/biological.json	annotations/raw/PXD061285/technical.json	annotations/raw/PXD061285/experimental_design.json	annotations/normalized/PXD061285/biological.json	annotations/normalized/PXD061285/technical.json	annotations/normalized/PXD061285/experimental_design.json
PXD061290	shard_2	complete_3_raw_3_normalized	no_stored_flags	0			not_in_retained_input_manifest	annotations/raw/PXD061290/biological.json	annotations/raw/PXD061290/technical.json	annotations/raw/PXD061290/experimental_design.json	annotations/normalized/PXD061290/biological.json	annotations/normalized/PXD061290/technical.json	annotations/normalized/PXD061290/experimental_design.json
PXD061302	shard_3	complete_3_raw_3_normalized	flags_present	1			not_in_retained_input_manifest	annotations/raw/PXD061302/biological.json	annotations/raw/PXD061302/technical.json	annotations/raw/PXD061302/experimental_design.json	annotations/normalized/PXD061302/biological.json	annotations/normalized/PXD061302/technical.json	annotations/normalized/PXD061302/experimental_design.json
PXD061306	shard_4	complete_3_raw_3_normalized	no_stored_flags	0			not_in_retained_input_manifest	annotations/raw/PXD061306/biological.json	annotations/raw/PXD061306/technical.json	annotations/raw/PXD061306/experimental_design.json	annotations/normalized/PXD061306/biological.json	annotations/normalized/PXD061306/technical.json	annotations/normalized/PXD061306/experimental_design.json
PXD061307	shard_5	complete_3_raw_3_normalized	flags_present	3	experimental_design		not_in_retained_input_manifest	annotations/raw/PXD061307/biological.json	annotations/raw/PXD061307/technical.json	annotations/raw/PXD061307/experimental_design.json	annotations/normalized/PXD061307/biological.json	annotations/normalized/PXD061307/technical.json	annotations/normalized/PXD061307/experimental_design.json
PXD061384	shard_6	complete_3_raw_3_normalized	no_stored_flags	0			not_in_retained_input_manifest	annotations/raw/PXD061384/biological.json	annotations/raw/PXD061384/technical.json	annotations/raw/PXD061384/experimental_design.json	annotations/normalized/PXD061384/biological.json	annotations/normalized/PXD061384/technical.json	annotations/normalized/PXD061384/experimental_design.json
PXD061399	shard_7	complete_3_raw_3_normalized	flags_present	1			not_in_retained_input_manifest	annotations/raw/PXD061399/biological.json	annotations/raw/PXD061399/technical.json	annotations/raw/PXD061399/experimental_design.json	annotations/normalized/PXD061399/biological.json	annotations/normalized/PXD061399/technical.json	annotations/normalized/PXD061399/experimental_design.json
PXD061404	shard_0	complete_3_raw_3_normalized	flags_present	1			not_in_retained_input_manifest	annotations/raw/PXD061404/biological.json	annotations/raw/PXD061404/technical.json	annotations/raw/PXD061404/experimental_design.json	annotations/normalized/PXD061404/biological.json	annotations/normalized/PXD061404/technical.json	annotations/normalized/PXD061404/experimental_design.json
PXD061408	shard_1	complete_3_raw_3_normalized	flags_present	3			not_in_retained_input_manifest	annotations/raw/PXD061408/biological.json	annotations/raw/PXD061408/technical.json	annotations/raw/PXD061408/experimental_design.json	annotations/normalized/PXD061408/biological.json	annotations/normalized/PXD061408/technical.json	annotations/normalized/PXD061408/experimental_design.json
PXD061427	shard_2	complete_3_raw_3_normalized	flags_present	2			not_in_retained_input_manifest	annotations/raw/PXD061427/biological.json	annotations/raw/PXD061427/technical.json	annotations/raw/PXD061427/experimental_design.json	annotations/normalized/PXD061427/biological.json	annotations/normalized/PXD061427/technical.json	annotations/normalized/PXD061427/experimental_design.json
PXD061454	shard_3	complete_3_raw_3_normalized	flags_present	5			not_in_retained_input_manifest	annotations/raw/PXD061454/biological.json	annotations/raw/PXD061454/technical.json	annotations/raw/PXD061454/experimental_design.json	annotations/normalized/PXD061454/biological.json	annotations/normalized/PXD061454/technical.json	annotations/normalized/PXD061454/experimental_design.json
PXD061466	shard_4	complete_3_raw_3_normalized	flags_present	1			not_in_retained_input_manifest	annotations/raw/PXD061466/biological.json	annotations/raw/PXD061466/technical.json	annotations/raw/PXD061466/experimental_design.json	annotations/normalized/PXD061466/biological.json	annotations/normalized/PXD061466/technical.json	annotations/normalized/PXD061466/experimental_design.json
PXD061467	shard_5	complete_3_raw_3_normalized	flags_present	3			not_in_retained_input_manifest	annotations/raw/PXD061467/biological.json	annotations/raw/PXD061467/technical.json	annotations/raw/PXD061467/experimental_design.json	annotations/normalized/PXD061467/biological.json	annotations/normalized/PXD061467/technical.json	annotations/normalized/PXD061467/experimental_design.json
PXD061491	shard_6	complete_3_raw_3_normalized	no_stored_flags	0			not_in_retained_input_manifest	annotations/raw/PXD061491/biological.json	annotations/raw/PXD061491/technical.json	annotations/raw/PXD061491/experimental_design.json	annotations/normalized/PXD061491/biological.json	annotations/normalized/PXD061491/technical.json	annotations/normalized/PXD061491/experimental_design.json
PXD061537	shard_7	complete_3_raw_3_normalized	flags_present	2			not_in_retained_input_manifest	annotations/raw/PXD061537/biological.json	annotations/raw/PXD061537/technical.json	annotations/raw/PXD061537/experimental_design.json	annotations/normalized/PXD061537/biological.json	annotations/normalized/PXD061537/technical.json	annotations/normalized/PXD061537/experimental_design.json
PXD061565	shard_0	complete_3_raw_3_normalized	no_stored_flags	0			not_in_retained_input_manifest	annotations/raw/PXD061565/biological.json	annotations/raw/PXD061565/technical.json	annotations/raw/PXD061565/experimental_design.json	annotations/normalized/PXD061565/biological.json	annotations/normalized/PXD061565/technical.json	annotations/normalized/PXD061565/experimental_design.json
PXD061570	shard_1	complete_3_raw_3_normalized	flags_present	1			not_in_retained_input_manifest	annotations/raw/PXD061570/biological.json	annotations/raw/PXD061570/technical.json	annotations/raw/PXD061570/experimental_design.json	annotations/normalized/PXD061570/biological.json	annotations/normalized/PXD061570/technical.json	annotations/normalized/PXD061570/experimental_design.json
PXD061576	shard_2	complete_3_raw_3_normalized	flags_present	1			not_in_retained_input_manifest	annotations/raw/PXD061576/biological.json	annotations/raw/PXD061576/technical.json	annotations/raw/PXD061576/experimental_design.json	annotations/normalized/PXD061576/biological.json	annotations/normalized/PXD061576/technical.json	annotations/normalized/PXD061576/experimental_design.json
PXD061586	shard_3	complete_3_raw_3_normalized	no_stored_flags	0			not_in_retained_input_manifest	annotations/raw/PXD061586/biological.json	annotations/raw/PXD061586/technical.json	annotations/raw/PXD061586/experimental_design.json	annotations/normalized/PXD061586/biological.json	annotations/normalized/PXD061586/technical.json	annotations/normalized/PXD061586/experimental_design.json
PXD061593	shard_4	complete_3_raw_3_normalized	flags_present	1			not_in_retained_input_manifest	annotations/raw/PXD061593/biological.json	annotations/raw/PXD061593/technical.json	annotations/raw/PXD061593/experimental_design.json	annotations/normalized/PXD061593/biological.json	annotations/normalized/PXD061593/technical.json	annotations/normalized/PXD061593/experimental_design.json
PXD061596	shard_5	complete_3_raw_3_normalized	flags_present	1			not_in_retained_input_manifest	annotations/raw/PXD061596/biological.json	annotations/raw/PXD061596/technical.json	annotations/raw/PXD061596/experimental_design.json	annotations/normalized/PXD061596/biological.json	annotations/normalized/PXD061596/technical.json	annotations/normalized/PXD061596/experimental_design.json
PXD061602	shard_6	complete_3_raw_3_normalized	flags_present	1			not_in_retained_input_manifest	annotations/raw/PXD061602/biological.json	annotations/raw/PXD061602/technical.json	annotations/raw/PXD061602/experimental_design.json	annotations/normalized/PXD061602/biological.json	annotations/normalized/PXD061602/technical.json	annotations/normalized/PXD061602/experimental_design.json
PXD061604	shard_7	complete_3_raw_3_normalized	flags_present	2			not_in_retained_input_manifest	annotations/raw/PXD061604/biological.json	annotations/raw/PXD061604/technical.json	annotations/raw/PXD061604/experimental_design.json	annotations/normalized/PXD061604/biological.json	annotations/normalized/PXD061604/technical.json	annotations/normalized/PXD061604/experimental_design.json
PXD061609	shard_0	complete_3_raw_3_normalized	no_stored_flags	0			not_in_retained_input_manifest	annotations/raw/PXD061609/biological.json	annotations/raw/PXD061609/technical.json	annotations/raw/PXD061609/experimental_design.json	annotations/normalized/PXD061609/biological.json	annotations/normalized/PXD061609/technical.json	annotations/normalized/PXD061609/experimental_design.json
PXD061620	shard_1	complete_3_raw_3_normalized	no_stored_flags	0			not_in_retained_input_manifest	annotations/raw/PXD061620/biological.json	annotations/raw/PXD061620/technical.json	annotations/raw/PXD061620/experimental_design.json	annotations/normalized/PXD061620/biological.json	annotations/normalized/PXD061620/technical.json	annotations/normalized/PXD061620/experimental_design.json
PXD061637	shard_2	complete_3_raw_3_normalized	no_stored_flags	0			not_in_retained_input_manifest	annotations/raw/PXD061637/biological.json	annotations/raw/PXD061637/technical.json	annotations/raw/PXD061637/experimental_design.json	annotations/normalized/PXD061637/biological.json	annotations/normalized/PXD061637/technical.json	annotations/normalized/PXD061637/experimental_design.json
PXD061638	shard_3	complete_3_raw_3_normalized	flags_present	3			not_in_retained_input_manifest	annotations/raw/PXD061638/biological.json	annotations/raw/PXD061638/technical.json	annotations/raw/PXD061638/experimental_design.json	annotations/normalized/PXD061638/biological.json	annotations/normalized/PXD061638/technical.json	annotations/normalized/PXD061638/experimental_design.json
PXD061658	shard_4	complete_3_raw_3_normalized	flags_present	2			not_in_retained_input_manifest	annotations/raw/PXD061658/biological.json	annotations/raw/PXD061658/technical.json	annotations/raw/PXD061658/experimental_design.json	annotations/normalized/PXD061658/biological.json	annotations/normalized/PXD061658/technical.json	annotations/normalized/PXD061658/experimental_design.json
PXD061660	shard_5	complete_3_raw_3_normalized	no_stored_flags	0			not_in_retained_input_manifest	annotations/raw/PXD061660/biological.json	annotations/raw/PXD061660/technical.json	annotations/raw/PXD061660/experimental_design.json	annotations/normalized/PXD061660/biological.json	annotations/normalized/PXD061660/technical.json	annotations/normalized/PXD061660/experimental_design.json
PXD061667	shard_6	complete_3_raw_3_normalized	flags_present	2			not_in_retained_input_manifest	annotations/raw/PXD061667/biological.json	annotations/raw/PXD061667/technical.json	annotations/raw/PXD061667/experimental_design.json	annotations/normalized/PXD061667/biological.json	annotations/normalized/PXD061667/technical.json	annotations/normalized/PXD061667/experimental_design.json
PXD061693	shard_7	complete_3_raw_3_normalized	flags_present	4			not_in_retained_input_manifest	annotations/raw/PXD061693/biological.json	annotations/raw/PXD061693/technical.json	annotations/raw/PXD061693/experimental_design.json	annotations/normalized/PXD061693/biological.json	annotations/normalized/PXD061693/technical.json	annotations/normalized/PXD061693/experimental_design.json
PXD061694	shard_0	complete_3_raw_3_normalized	flags_present	1			not_in_retained_input_manifest	annotations/raw/PXD061694/biological.json	annotations/raw/PXD061694/technical.json	annotations/raw/PXD061694/experimental_design.json	annotations/normalized/PXD061694/biological.json	annotations/normalized/PXD061694/technical.json	annotations/normalized/PXD061694/experimental_design.json
PXD061696	shard_1	complete_3_raw_3_normalized	flags_present	3			not_in_retained_input_manifest	annotations/raw/PXD061696/biological.json	annotations/raw/PXD061696/technical.json	annotations/raw/PXD061696/experimental_design.json	annotations/normalized/PXD061696/biological.json	annotations/normalized/PXD061696/technical.json	annotations/normalized/PXD061696/experimental_design.json
PXD061698	shard_2	complete_3_raw_3_normalized	flags_present	1			not_in_retained_input_manifest	annotations/raw/PXD061698/biological.json	annotations/raw/PXD061698/technical.json	annotations/raw/PXD061698/experimental_design.json	annotations/normalized/PXD061698/biological.json	annotations/normalized/PXD061698/technical.json	annotations/normalized/PXD061698/experimental_design.json
PXD061756	shard_3	complete_3_raw_3_normalized	flags_present	2			not_in_retained_input_manifest	annotations/raw/PXD061756/biological.json	annotations/raw/PXD061756/technical.json	annotations/raw/PXD061756/experimental_design.json	annotations/normalized/PXD061756/biological.json	annotations/normalized/PXD061756/technical.json	annotations/normalized/PXD061756/experimental_design.json
PXD061784	shard_4	complete_3_raw_3_normalized	no_stored_flags	0			not_in_retained_input_manifest	annotations/raw/PXD061784/biological.json	annotations/raw/PXD061784/technical.json	annotations/raw/PXD061784/experimental_design.json	annotations/normalized/PXD061784/biological.json	annotations/normalized/PXD061784/technical.json	annotations/normalized/PXD061784/experimental_design.json
PXD061791	shard_5	complete_3_raw_3_normalized	flags_present	1			not_in_retained_input_manifest	annotations/raw/PXD061791/biological.json	annotations/raw/PXD061791/technical.json	annotations/raw/PXD061791/experimental_design.json	annotations/normalized/PXD061791/biological.json	annotations/normalized/PXD061791/technical.json	annotations/normalized/PXD061791/experimental_design.json
PXD061794	shard_6	complete_3_raw_3_normalized	no_stored_flags	0			not_in_retained_input_manifest	annotations/raw/PXD061794/biological.json	annotations/raw/PXD061794/technical.json	annotations/raw/PXD061794/experimental_design.json	annotations/normalized/PXD061794/biological.json	annotations/normalized/PXD061794/technical.json	annotations/normalized/PXD061794/experimental_design.json
PXD061795	shard_7	complete_3_raw_3_normalized	flags_present	1			not_in_retained_input_manifest	annotations/raw/PXD061795/biological.json	annotations/raw/PXD061795/technical.json	annotations/raw/PXD061795/experimental_design.json	annotations/normalized/PXD061795/biological.json	annotations/normalized/PXD061795/technical.json	annotations/normalized/PXD061795/experimental_design.json
PXD061797	shard_0	complete_3_raw_3_normalized	no_stored_flags	0			not_in_retained_input_manifest	annotations/raw/PXD061797/biological.json	annotations/raw/PXD061797/technical.json	annotations/raw/PXD061797/experimental_design.json	annotations/normalized/PXD061797/biological.json	annotations/normalized/PXD061797/technical.json	annotations/normalized/PXD061797/experimental_design.json
PXD061806	shard_1	complete_3_raw_3_normalized	flags_present	2			not_in_retained_input_manifest	annotations/raw/PXD061806/biological.json	annotations/raw/PXD061806/technical.json	annotations/raw/PXD061806/experimental_design.json	annotations/normalized/PXD061806/biological.json	annotations/normalized/PXD061806/technical.json	annotations/normalized/PXD061806/experimental_design.json
PXD061846	shard_2	complete_3_raw_3_normalized	flags_present	1			not_in_retained_input_manifest	annotations/raw/PXD061846/biological.json	annotations/raw/PXD061846/technical.json	annotations/raw/PXD061846/experimental_design.json	annotations/normalized/PXD061846/biological.json	annotations/normalized/PXD061846/technical.json	annotations/normalized/PXD061846/experimental_design.json
PXD061848	shard_3	complete_3_raw_3_normalized	no_stored_flags	0			not_in_retained_input_manifest	annotations/raw/PXD061848/biological.json	annotations/raw/PXD061848/technical.json	annotations/raw/PXD061848/experimental_design.json	annotations/normalized/PXD061848/biological.json	annotations/normalized/PXD061848/technical.json	annotations/normalized/PXD061848/experimental_design.json
PXD061850	shard_4	complete_3_raw_3_normalized	flags_present	1			not_in_retained_input_manifest	annotations/raw/PXD061850/biological.json	annotations/raw/PXD061850/technical.json	annotations/raw/PXD061850/experimental_design.json	annotations/normalized/PXD061850/biological.json	annotations/normalized/PXD061850/technical.json	annotations/normalized/PXD061850/experimental_design.json
PXD061855	shard_5	complete_3_raw_3_normalized	no_stored_flags	0	experimental_design		not_in_retained_input_manifest	annotations/raw/PXD061855/biological.json	annotations/raw/PXD061855/technical.json	annotations/raw/PXD061855/experimental_design.json	annotations/normalized/PXD061855/biological.json	annotations/normalized/PXD061855/technical.json	annotations/normalized/PXD061855/experimental_design.json
PXD061859	shard_6	complete_3_raw_3_normalized	no_stored_flags	0			not_in_retained_input_manifest	annotations/raw/PXD061859/biological.json	annotations/raw/PXD061859/technical.json	annotations/raw/PXD061859/experimental_design.json	annotations/normalized/PXD061859/biological.json	annotations/normalized/PXD061859/technical.json	annotations/normalized/PXD061859/experimental_design.json
PXD061861	shard_7	complete_3_raw_3_normalized	flags_present	4			not_in_retained_input_manifest	annotations/raw/PXD061861/biological.json	annotations/raw/PXD061861/technical.json	annotations/raw/PXD061861/experimental_design.json	annotations/normalized/PXD061861/biological.json	annotations/normalized/PXD061861/technical.json	annotations/normalized/PXD061861/experimental_design.json
PXD061865	shard_0	complete_3_raw_3_normalized	no_stored_flags	0			not_in_retained_input_manifest	annotations/raw/PXD061865/biological.json	annotations/raw/PXD061865/technical.json	annotations/raw/PXD061865/experimental_design.json	annotations/normalized/PXD061865/biological.json	annotations/normalized/PXD061865/technical.json	annotations/normalized/PXD061865/experimental_design.json
PXD061876	shard_1	complete_3_raw_3_normalized	no_stored_flags	0			not_in_retained_input_manifest	annotations/raw/PXD061876/biological.json	annotations/raw/PXD061876/technical.json	annotations/raw/PXD061876/experimental_design.json	annotations/normalized/PXD061876/biological.json	annotations/normalized/PXD061876/technical.json	annotations/normalized/PXD061876/experimental_design.json
PXD061877	shard_2	complete_3_raw_3_normalized	no_stored_flags	0			not_in_retained_input_manifest	annotations/raw/PXD061877/biological.json	annotations/raw/PXD061877/technical.json	annotations/raw/PXD061877/experimental_design.json	annotations/normalized/PXD061877/biological.json	annotations/normalized/PXD061877/technical.json	annotations/normalized/PXD061877/experimental_design.json
PXD061879	shard_3	complete_3_raw_3_normalized	no_stored_flags	0			not_in_retained_input_manifest	annotations/raw/PXD061879/biological.json	annotations/raw/PXD061879/technical.json	annotations/raw/PXD061879/experimental_design.json	annotations/normalized/PXD061879/biological.json	annotations/normalized/PXD061879/technical.json	annotations/normalized/PXD061879/experimental_design.json
PXD061918	shard_4	complete_3_raw_3_normalized	flags_present	3			not_in_retained_input_manifest	annotations/raw/PXD061918/biological.json	annotations/raw/PXD061918/technical.json	annotations/raw/PXD061918/experimental_design.json	annotations/normalized/PXD061918/biological.json	annotations/normalized/PXD061918/technical.json	annotations/normalized/PXD061918/experimental_design.json
PXD061925	shard_5	complete_3_raw_3_normalized	flags_present	3			not_in_retained_input_manifest	annotations/raw/PXD061925/biological.json	annotations/raw/PXD061925/technical.json	annotations/raw/PXD061925/experimental_design.json	annotations/normalized/PXD061925/biological.json	annotations/normalized/PXD061925/technical.json	annotations/normalized/PXD061925/experimental_design.json
PXD061934	shard_6	complete_3_raw_3_normalized	flags_present	3			not_in_retained_input_manifest	annotations/raw/PXD061934/biological.json	annotations/raw/PXD061934/technical.json	annotations/raw/PXD061934/experimental_design.json	annotations/normalized/PXD061934/biological.json	annotations/normalized/PXD061934/technical.json	annotations/normalized/PXD061934/experimental_design.json
PXD061936	shard_7	complete_3_raw_3_normalized	no_stored_flags	0			not_in_retained_input_manifest	annotations/raw/PXD061936/biological.json	annotations/raw/PXD061936/technical.json	annotations/raw/PXD061936/experimental_design.json	annotations/normalized/PXD061936/biological.json	annotations/normalized/PXD061936/technical.json	annotations/normalized/PXD061936/experimental_design.json
PXD061981	shard_0	complete_3_raw_3_normalized	no_stored_flags	0			not_in_retained_input_manifest	annotations/raw/PXD061981/biological.json	annotations/raw/PXD061981/technical.json	annotations/raw/PXD061981/experimental_design.json	annotations/normalized/PXD061981/biological.json	annotations/normalized/PXD061981/technical.json	annotations/normalized/PXD061981/experimental_design.json
PXD062000	shard_1	complete_3_raw_3_normalized	no_stored_flags	0			not_in_retained_input_manifest	annotations/raw/PXD062000/biological.json	annotations/raw/PXD062000/technical.json	annotations/raw/PXD062000/experimental_design.json	annotations/normalized/PXD062000/biological.json	annotations/normalized/PXD062000/technical.json	annotations/normalized/PXD062000/experimental_design.json
PXD062079	shard_2	complete_3_raw_3_normalized	flags_present	2			not_in_retained_input_manifest	annotations/raw/PXD062079/biological.json	annotations/raw/PXD062079/technical.json	annotations/raw/PXD062079/experimental_design.json	annotations/normalized/PXD062079/biological.json	annotations/normalized/PXD062079/technical.json	annotations/normalized/PXD062079/experimental_design.json
PXD062108	shard_3	complete_3_raw_3_normalized	no_stored_flags	0			not_in_retained_input_manifest	annotations/raw/PXD062108/biological.json	annotations/raw/PXD062108/technical.json	annotations/raw/PXD062108/experimental_design.json	annotations/normalized/PXD062108/biological.json	annotations/normalized/PXD062108/technical.json	annotations/normalized/PXD062108/experimental_design.json
PXD062109	shard_4	complete_3_raw_3_normalized	flags_present	2			not_in_retained_input_manifest	annotations/raw/PXD062109/biological.json	annotations/raw/PXD062109/technical.json	annotations/raw/PXD062109/experimental_design.json	annotations/normalized/PXD062109/biological.json	annotations/normalized/PXD062109/technical.json	annotations/normalized/PXD062109/experimental_design.json
PXD062112	shard_5	complete_3_raw_3_normalized	flags_present	1			not_in_retained_input_manifest	annotations/raw/PXD062112/biological.json	annotations/raw/PXD062112/technical.json	annotations/raw/PXD062112/experimental_design.json	annotations/normalized/PXD062112/biological.json	annotations/normalized/PXD062112/technical.json	annotations/normalized/PXD062112/experimental_design.json
PXD062184	shard_6	complete_3_raw_3_normalized	flags_present	9			not_in_retained_input_manifest	annotations/raw/PXD062184/biological.json	annotations/raw/PXD062184/technical.json	annotations/raw/PXD062184/experimental_design.json	annotations/normalized/PXD062184/biological.json	annotations/normalized/PXD062184/technical.json	annotations/normalized/PXD062184/experimental_design.json
PXD062200	shard_7	complete_3_raw_3_normalized	flags_present	2			not_in_retained_input_manifest	annotations/raw/PXD062200/biological.json	annotations/raw/PXD062200/technical.json	annotations/raw/PXD062200/experimental_design.json	annotations/normalized/PXD062200/biological.json	annotations/normalized/PXD062200/technical.json	annotations/normalized/PXD062200/experimental_design.json
PXD062211	shard_0	complete_3_raw_3_normalized	flags_present	1			not_in_retained_input_manifest	annotations/raw/PXD062211/biological.json	annotations/raw/PXD062211/technical.json	annotations/raw/PXD062211/experimental_design.json	annotations/normalized/PXD062211/biological.json	annotations/normalized/PXD062211/technical.json	annotations/normalized/PXD062211/experimental_design.json
PXD062254	shard_1	complete_3_raw_3_normalized	flags_present	1			not_in_retained_input_manifest	annotations/raw/PXD062254/biological.json	annotations/raw/PXD062254/technical.json	annotations/raw/PXD062254/experimental_design.json	annotations/normalized/PXD062254/biological.json	annotations/normalized/PXD062254/technical.json	annotations/normalized/PXD062254/experimental_design.json
PXD062315	shard_2	complete_3_raw_3_normalized	flags_present	2			not_in_retained_input_manifest	annotations/raw/PXD062315/biological.json	annotations/raw/PXD062315/technical.json	annotations/raw/PXD062315/experimental_design.json	annotations/normalized/PXD062315/biological.json	annotations/normalized/PXD062315/technical.json	annotations/normalized/PXD062315/experimental_design.json
PXD062318	shard_3	complete_3_raw_3_normalized	flags_present	1			not_in_retained_input_manifest	annotations/raw/PXD062318/biological.json	annotations/raw/PXD062318/technical.json	annotations/raw/PXD062318/experimental_design.json	annotations/normalized/PXD062318/biological.json	annotations/normalized/PXD062318/technical.json	annotations/normalized/PXD062318/experimental_design.json
PXD062321	shard_4	complete_3_raw_3_normalized	no_stored_flags	0			not_in_retained_input_manifest	annotations/raw/PXD062321/biological.json	annotations/raw/PXD062321/technical.json	annotations/raw/PXD062321/experimental_design.json	annotations/normalized/PXD062321/biological.json	annotations/normalized/PXD062321/technical.json	annotations/normalized/PXD062321/experimental_design.json
PXD062322	shard_5	complete_3_raw_3_normalized	no_stored_flags	0			not_in_retained_input_manifest	annotations/raw/PXD062322/biological.json	annotations/raw/PXD062322/technical.json	annotations/raw/PXD062322/experimental_design.json	annotations/normalized/PXD062322/biological.json	annotations/normalized/PXD062322/technical.json	annotations/normalized/PXD062322/experimental_design.json
PXD062324	shard_6	complete_3_raw_3_normalized	flags_present	1			not_in_retained_input_manifest	annotations/raw/PXD062324/biological.json	annotations/raw/PXD062324/technical.json	annotations/raw/PXD062324/experimental_design.json	annotations/normalized/PXD062324/biological.json	annotations/normalized/PXD062324/technical.json	annotations/normalized/PXD062324/experimental_design.json
PXD062330	shard_7	complete_3_raw_3_normalized	no_stored_flags	0			not_in_retained_input_manifest	annotations/raw/PXD062330/biological.json	annotations/raw/PXD062330/technical.json	annotations/raw/PXD062330/experimental_design.json	annotations/normalized/PXD062330/biological.json	annotations/normalized/PXD062330/technical.json	annotations/normalized/PXD062330/experimental_design.json
PXD062343	shard_0	complete_3_raw_3_normalized	no_stored_flags	0			not_in_retained_input_manifest	annotations/raw/PXD062343/biological.json	annotations/raw/PXD062343/technical.json	annotations/raw/PXD062343/experimental_design.json	annotations/normalized/PXD062343/biological.json	annotations/normalized/PXD062343/technical.json	annotations/normalized/PXD062343/experimental_design.json
PXD062353	shard_1	complete_3_raw_3_normalized	flags_present	3			not_in_retained_input_manifest	annotations/raw/PXD062353/biological.json	annotations/raw/PXD062353/technical.json	annotations/raw/PXD062353/experimental_design.json	annotations/normalized/PXD062353/biological.json	annotations/normalized/PXD062353/technical.json	annotations/normalized/PXD062353/experimental_design.json
PXD062354	shard_2	complete_3_raw_3_normalized	flags_present	9			not_in_retained_input_manifest	annotations/raw/PXD062354/biological.json	annotations/raw/PXD062354/technical.json	annotations/raw/PXD062354/experimental_design.json	annotations/normalized/PXD062354/biological.json	annotations/normalized/PXD062354/technical.json	annotations/normalized/PXD062354/experimental_design.json
PXD062419	shard_3	complete_3_raw_3_normalized	no_stored_flags	0			not_in_retained_input_manifest	annotations/raw/PXD062419/biological.json	annotations/raw/PXD062419/technical.json	annotations/raw/PXD062419/experimental_design.json	annotations/normalized/PXD062419/biological.json	annotations/normalized/PXD062419/technical.json	annotations/normalized/PXD062419/experimental_design.json
PXD062420	shard_4	complete_3_raw_3_normalized	no_stored_flags	0			not_in_retained_input_manifest	annotations/raw/PXD062420/biological.json	annotations/raw/PXD062420/technical.json	annotations/raw/PXD062420/experimental_design.json	annotations/normalized/PXD062420/biological.json	annotations/normalized/PXD062420/technical.json	annotations/normalized/PXD062420/experimental_design.json
PXD062431	shard_5	complete_3_raw_3_normalized	no_stored_flags	0			not_in_retained_input_manifest	annotations/raw/PXD062431/biological.json	annotations/raw/PXD062431/technical.json	annotations/raw/PXD062431/experimental_design.json	annotations/normalized/PXD062431/biological.json	annotations/normalized/PXD062431/technical.json	annotations/normalized/PXD062431/experimental_design.json
PXD062437	shard_6	complete_3_raw_3_normalized	flags_present	1			not_in_retained_input_manifest	annotations/raw/PXD062437/biological.json	annotations/raw/PXD062437/technical.json	annotations/raw/PXD062437/experimental_design.json	annotations/normalized/PXD062437/biological.json	annotations/normalized/PXD062437/technical.json	annotations/normalized/PXD062437/experimental_design.json
PXD062440	shard_7	complete_3_raw_3_normalized	no_stored_flags	0			not_in_retained_input_manifest	annotations/raw/PXD062440/biological.json	annotations/raw/PXD062440/technical.json	annotations/raw/PXD062440/experimental_design.json	annotations/normalized/PXD062440/biological.json	annotations/normalized/PXD062440/technical.json	annotations/normalized/PXD062440/experimental_design.json
PXD062441	shard_0	complete_3_raw_3_normalized	no_stored_flags	0			not_in_retained_input_manifest	annotations/raw/PXD062441/biological.json	annotations/raw/PXD062441/technical.json	annotations/raw/PXD062441/experimental_design.json	annotations/normalized/PXD062441/biological.json	annotations/normalized/PXD062441/technical.json	annotations/normalized/PXD062441/experimental_design.json
PXD062452	shard_1	complete_3_raw_3_normalized	flags_present	2			not_in_retained_input_manifest	annotations/raw/PXD062452/biological.json	annotations/raw/PXD062452/technical.json	annotations/raw/PXD062452/experimental_design.json	annotations/normalized/PXD062452/biological.json	annotations/normalized/PXD062452/technical.json	annotations/normalized/PXD062452/experimental_design.json
PXD062474	shard_2	complete_3_raw_3_normalized	flags_present	4			not_in_retained_input_manifest	annotations/raw/PXD062474/biological.json	annotations/raw/PXD062474/technical.json	annotations/raw/PXD062474/experimental_design.json	annotations/normalized/PXD062474/biological.json	annotations/normalized/PXD062474/technical.json	annotations/normalized/PXD062474/experimental_design.json
PXD062511	shard_3	complete_3_raw_3_normalized	flags_present	2			not_in_retained_input_manifest	annotations/raw/PXD062511/biological.json	annotations/raw/PXD062511/technical.json	annotations/raw/PXD062511/experimental_design.json	annotations/normalized/PXD062511/biological.json	annotations/normalized/PXD062511/technical.json	annotations/normalized/PXD062511/experimental_design.json
PXD062520	shard_4	complete_3_raw_3_normalized	flags_present	2			not_in_retained_input_manifest	annotations/raw/PXD062520/biological.json	annotations/raw/PXD062520/technical.json	annotations/raw/PXD062520/experimental_design.json	annotations/normalized/PXD062520/biological.json	annotations/normalized/PXD062520/technical.json	annotations/normalized/PXD062520/experimental_design.json
PXD062536	shard_5	complete_3_raw_3_normalized	no_stored_flags	0	experimental_design		not_in_retained_input_manifest	annotations/raw/PXD062536/biological.json	annotations/raw/PXD062536/technical.json	annotations/raw/PXD062536/experimental_design.json	annotations/normalized/PXD062536/biological.json	annotations/normalized/PXD062536/technical.json	annotations/normalized/PXD062536/experimental_design.json
PXD062616	shard_6	complete_3_raw_3_normalized	flags_present	2			not_in_retained_input_manifest	annotations/raw/PXD062616/biological.json	annotations/raw/PXD062616/technical.json	annotations/raw/PXD062616/experimental_design.json	annotations/normalized/PXD062616/biological.json	annotations/normalized/PXD062616/technical.json	annotations/normalized/PXD062616/experimental_design.json
PXD062619	shard_7	complete_3_raw_3_normalized	flags_present	2			not_in_retained_input_manifest	annotations/raw/PXD062619/biological.json	annotations/raw/PXD062619/technical.json	annotations/raw/PXD062619/experimental_design.json	annotations/normalized/PXD062619/biological.json	annotations/normalized/PXD062619/technical.json	annotations/normalized/PXD062619/experimental_design.json
PXD062628	shard_0	complete_3_raw_3_normalized	no_stored_flags	0			not_in_retained_input_manifest	annotations/raw/PXD062628/biological.json	annotations/raw/PXD062628/technical.json	annotations/raw/PXD062628/experimental_design.json	annotations/normalized/PXD062628/biological.json	annotations/normalized/PXD062628/technical.json	annotations/normalized/PXD062628/experimental_design.json
PXD062630	shard_1	complete_3_raw_3_normalized	no_stored_flags	0			not_in_retained_input_manifest	annotations/raw/PXD062630/biological.json	annotations/raw/PXD062630/technical.json	annotations/raw/PXD062630/experimental_design.json	annotations/normalized/PXD062630/biological.json	annotations/normalized/PXD062630/technical.json	annotations/normalized/PXD062630/experimental_design.json
PXD062695	shard_2	complete_3_raw_3_normalized	flags_present	1			not_in_retained_input_manifest	annotations/raw/PXD062695/biological.json	annotations/raw/PXD062695/technical.json	annotations/raw/PXD062695/experimental_design.json	annotations/normalized/PXD062695/biological.json	annotations/normalized/PXD062695/technical.json	annotations/normalized/PXD062695/experimental_design.json
PXD062723	shard_3	complete_3_raw_3_normalized	flags_present	1			not_in_retained_input_manifest	annotations/raw/PXD062723/biological.json	annotations/raw/PXD062723/technical.json	annotations/raw/PXD062723/experimental_design.json	annotations/normalized/PXD062723/biological.json	annotations/normalized/PXD062723/technical.json	annotations/normalized/PXD062723/experimental_design.json
PXD062730	shard_4	complete_3_raw_3_normalized	no_stored_flags	0			not_in_retained_input_manifest	annotations/raw/PXD062730/biological.json	annotations/raw/PXD062730/technical.json	annotations/raw/PXD062730/experimental_design.json	annotations/normalized/PXD062730/biological.json	annotations/normalized/PXD062730/technical.json	annotations/normalized/PXD062730/experimental_design.json
PXD062745	shard_5	complete_3_raw_3_normalized	flags_present	2	technical		not_in_retained_input_manifest	annotations/raw/PXD062745/biological.json	annotations/raw/PXD062745/technical.json	annotations/raw/PXD062745/experimental_design.json	annotations/normalized/PXD062745/biological.json	annotations/normalized/PXD062745/technical.json	annotations/normalized/PXD062745/experimental_design.json
PXD062748	shard_6	complete_3_raw_3_normalized	no_stored_flags	0			not_in_retained_input_manifest	annotations/raw/PXD062748/biological.json	annotations/raw/PXD062748/technical.json	annotations/raw/PXD062748/experimental_design.json	annotations/normalized/PXD062748/biological.json	annotations/normalized/PXD062748/technical.json	annotations/normalized/PXD062748/experimental_design.json
PXD062774	shard_7	complete_3_raw_3_normalized	flags_present	1			not_in_retained_input_manifest	annotations/raw/PXD062774/biological.json	annotations/raw/PXD062774/technical.json	annotations/raw/PXD062774/experimental_design.json	annotations/normalized/PXD062774/biological.json	annotations/normalized/PXD062774/technical.json	annotations/normalized/PXD062774/experimental_design.json
PXD062777	shard_0	complete_3_raw_3_normalized	no_stored_flags	0			not_in_retained_input_manifest	annotations/raw/PXD062777/biological.json	annotations/raw/PXD062777/technical.json	annotations/raw/PXD062777/experimental_design.json	annotations/normalized/PXD062777/biological.json	annotations/normalized/PXD062777/technical.json	annotations/normalized/PXD062777/experimental_design.json
PXD062785	shard_1	complete_3_raw_3_normalized	no_stored_flags	0			not_in_retained_input_manifest	annotations/raw/PXD062785/biological.json	annotations/raw/PXD062785/technical.json	annotations/raw/PXD062785/experimental_design.json	annotations/normalized/PXD062785/biological.json	annotations/normalized/PXD062785/technical.json	annotations/normalized/PXD062785/experimental_design.json
PXD062808	shard_2	complete_3_raw_3_normalized	no_stored_flags	0			not_in_retained_input_manifest	annotations/raw/PXD062808/biological.json	annotations/raw/PXD062808/technical.json	annotations/raw/PXD062808/experimental_design.json	annotations/normalized/PXD062808/biological.json	annotations/normalized/PXD062808/technical.json	annotations/normalized/PXD062808/experimental_design.json
PXD062818	shard_3	complete_3_raw_3_normalized	no_stored_flags	0			not_in_retained_input_manifest	annotations/raw/PXD062818/biological.json	annotations/raw/PXD062818/technical.json	annotations/raw/PXD062818/experimental_design.json	annotations/normalized/PXD062818/biological.json	annotations/normalized/PXD062818/technical.json	annotations/normalized/PXD062818/experimental_design.json
PXD062847	shard_4	complete_3_raw_3_normalized	no_stored_flags	0			not_in_retained_input_manifest	annotations/raw/PXD062847/biological.json	annotations/raw/PXD062847/technical.json	annotations/raw/PXD062847/experimental_design.json	annotations/normalized/PXD062847/biological.json	annotations/normalized/PXD062847/technical.json	annotations/normalized/PXD062847/experimental_design.json
PXD062852	shard_5	complete_3_raw_3_normalized	flags_present	2			not_in_retained_input_manifest	annotations/raw/PXD062852/biological.json	annotations/raw/PXD062852/technical.json	annotations/raw/PXD062852/experimental_design.json	annotations/normalized/PXD062852/biological.json	annotations/normalized/PXD062852/technical.json	annotations/normalized/PXD062852/experimental_design.json
PXD062853	shard_6	complete_3_raw_3_normalized	no_stored_flags	0			not_in_retained_input_manifest	annotations/raw/PXD062853/biological.json	annotations/raw/PXD062853/technical.json	annotations/raw/PXD062853/experimental_design.json	annotations/normalized/PXD062853/biological.json	annotations/normalized/PXD062853/technical.json	annotations/normalized/PXD062853/experimental_design.json
PXD062854	shard_7	complete_3_raw_3_normalized	flags_present	2			not_in_retained_input_manifest	annotations/raw/PXD062854/biological.json	annotations/raw/PXD062854/technical.json	annotations/raw/PXD062854/experimental_design.json	annotations/normalized/PXD062854/biological.json	annotations/normalized/PXD062854/technical.json	annotations/normalized/PXD062854/experimental_design.json
PXD062870	shard_0	complete_3_raw_3_normalized	flags_present	2			not_in_retained_input_manifest	annotations/raw/PXD062870/biological.json	annotations/raw/PXD062870/technical.json	annotations/raw/PXD062870/experimental_design.json	annotations/normalized/PXD062870/biological.json	annotations/normalized/PXD062870/technical.json	annotations/normalized/PXD062870/experimental_design.json
PXD062943	shard_1	complete_3_raw_3_normalized	flags_present	1			not_in_retained_input_manifest	annotations/raw/PXD062943/biological.json	annotations/raw/PXD062943/technical.json	annotations/raw/PXD062943/experimental_design.json	annotations/normalized/PXD062943/biological.json	annotations/normalized/PXD062943/technical.json	annotations/normalized/PXD062943/experimental_design.json
PXD062944	shard_2	complete_3_raw_3_normalized	flags_present	4			not_in_retained_input_manifest	annotations/raw/PXD062944/biological.json	annotations/raw/PXD062944/technical.json	annotations/raw/PXD062944/experimental_design.json	annotations/normalized/PXD062944/biological.json	annotations/normalized/PXD062944/technical.json	annotations/normalized/PXD062944/experimental_design.json
PXD062962	shard_3	complete_3_raw_3_normalized	flags_present	2			not_in_retained_input_manifest	annotations/raw/PXD062962/biological.json	annotations/raw/PXD062962/technical.json	annotations/raw/PXD062962/experimental_design.json	annotations/normalized/PXD062962/biological.json	annotations/normalized/PXD062962/technical.json	annotations/normalized/PXD062962/experimental_design.json
PXD062969	shard_4	complete_3_raw_3_normalized	no_stored_flags	0			not_in_retained_input_manifest	annotations/raw/PXD062969/biological.json	annotations/raw/PXD062969/technical.json	annotations/raw/PXD062969/experimental_design.json	annotations/normalized/PXD062969/biological.json	annotations/normalized/PXD062969/technical.json	annotations/normalized/PXD062969/experimental_design.json
PXD063002	shard_5	complete_3_raw_3_normalized	no_stored_flags	0			not_in_retained_input_manifest	annotations/raw/PXD063002/biological.json	annotations/raw/PXD063002/technical.json	annotations/raw/PXD063002/experimental_design.json	annotations/normalized/PXD063002/biological.json	annotations/normalized/PXD063002/technical.json	annotations/normalized/PXD063002/experimental_design.json
PXD063020	shard_6	complete_3_raw_3_normalized	flags_present	2			not_in_retained_input_manifest	annotations/raw/PXD063020/biological.json	annotations/raw/PXD063020/technical.json	annotations/raw/PXD063020/experimental_design.json	annotations/normalized/PXD063020/biological.json	annotations/normalized/PXD063020/technical.json	annotations/normalized/PXD063020/experimental_design.json
PXD063023	shard_7	complete_3_raw_3_normalized	no_stored_flags	0			not_in_retained_input_manifest	annotations/raw/PXD063023/biological.json	annotations/raw/PXD063023/technical.json	annotations/raw/PXD063023/experimental_design.json	annotations/normalized/PXD063023/biological.json	annotations/normalized/PXD063023/technical.json	annotations/normalized/PXD063023/experimental_design.json
PXD063024	shard_0	complete_3_raw_3_normalized	flags_present	2			not_in_retained_input_manifest	annotations/raw/PXD063024/biological.json	annotations/raw/PXD063024/technical.json	annotations/raw/PXD063024/experimental_design.json	annotations/normalized/PXD063024/biological.json	annotations/normalized/PXD063024/technical.json	annotations/normalized/PXD063024/experimental_design.json
PXD063058	shard_1	complete_3_raw_3_normalized	flags_present	1			not_in_retained_input_manifest	annotations/raw/PXD063058/biological.json	annotations/raw/PXD063058/technical.json	annotations/raw/PXD063058/experimental_design.json	annotations/normalized/PXD063058/biological.json	annotations/normalized/PXD063058/technical.json	annotations/normalized/PXD063058/experimental_design.json
PXD063060	shard_2	complete_3_raw_3_normalized	flags_present	2			not_in_retained_input_manifest	annotations/raw/PXD063060/biological.json	annotations/raw/PXD063060/technical.json	annotations/raw/PXD063060/experimental_design.json	annotations/normalized/PXD063060/biological.json	annotations/normalized/PXD063060/technical.json	annotations/normalized/PXD063060/experimental_design.json
PXD063082	shard_3	complete_3_raw_3_normalized	flags_present	2			not_in_retained_input_manifest	annotations/raw/PXD063082/biological.json	annotations/raw/PXD063082/technical.json	annotations/raw/PXD063082/experimental_design.json	annotations/normalized/PXD063082/biological.json	annotations/normalized/PXD063082/technical.json	annotations/normalized/PXD063082/experimental_design.json
PXD063142	shard_4	complete_3_raw_3_normalized	flags_present	1			not_in_retained_input_manifest	annotations/raw/PXD063142/biological.json	annotations/raw/PXD063142/technical.json	annotations/raw/PXD063142/experimental_design.json	annotations/normalized/PXD063142/biological.json	annotations/normalized/PXD063142/technical.json	annotations/normalized/PXD063142/experimental_design.json
PXD063179	shard_5	complete_3_raw_3_normalized	flags_present	1			not_in_retained_input_manifest	annotations/raw/PXD063179/biological.json	annotations/raw/PXD063179/technical.json	annotations/raw/PXD063179/experimental_design.json	annotations/normalized/PXD063179/biological.json	annotations/normalized/PXD063179/technical.json	annotations/normalized/PXD063179/experimental_design.json
PXD063183	shard_6	complete_3_raw_3_normalized	flags_present	1			not_in_retained_input_manifest	annotations/raw/PXD063183/biological.json	annotations/raw/PXD063183/technical.json	annotations/raw/PXD063183/experimental_design.json	annotations/normalized/PXD063183/biological.json	annotations/normalized/PXD063183/technical.json	annotations/normalized/PXD063183/experimental_design.json
PXD063253	shard_7	complete_3_raw_3_normalized	no_stored_flags	0			not_in_retained_input_manifest	annotations/raw/PXD063253/biological.json	annotations/raw/PXD063253/technical.json	annotations/raw/PXD063253/experimental_design.json	annotations/normalized/PXD063253/biological.json	annotations/normalized/PXD063253/technical.json	annotations/normalized/PXD063253/experimental_design.json
PXD063283	shard_0	complete_3_raw_3_normalized	no_stored_flags	0			not_in_retained_input_manifest	annotations/raw/PXD063283/biological.json	annotations/raw/PXD063283/technical.json	annotations/raw/PXD063283/experimental_design.json	annotations/normalized/PXD063283/biological.json	annotations/normalized/PXD063283/technical.json	annotations/normalized/PXD063283/experimental_design.json
PXD063325	shard_1	complete_3_raw_3_normalized	flags_present	1			not_in_retained_input_manifest	annotations/raw/PXD063325/biological.json	annotations/raw/PXD063325/technical.json	annotations/raw/PXD063325/experimental_design.json	annotations/normalized/PXD063325/biological.json	annotations/normalized/PXD063325/technical.json	annotations/normalized/PXD063325/experimental_design.json
PXD063349	shard_2	complete_3_raw_3_normalized	flags_present	1			not_in_retained_input_manifest	annotations/raw/PXD063349/biological.json	annotations/raw/PXD063349/technical.json	annotations/raw/PXD063349/experimental_design.json	annotations/normalized/PXD063349/biological.json	annotations/normalized/PXD063349/technical.json	annotations/normalized/PXD063349/experimental_design.json
PXD063372	shard_3	complete_3_raw_3_normalized	no_stored_flags	0			not_in_retained_input_manifest	annotations/raw/PXD063372/biological.json	annotations/raw/PXD063372/technical.json	annotations/raw/PXD063372/experimental_design.json	annotations/normalized/PXD063372/biological.json	annotations/normalized/PXD063372/technical.json	annotations/normalized/PXD063372/experimental_design.json
PXD063447	shard_4	complete_3_raw_3_normalized	flags_present	2			not_in_retained_input_manifest	annotations/raw/PXD063447/biological.json	annotations/raw/PXD063447/technical.json	annotations/raw/PXD063447/experimental_design.json	annotations/normalized/PXD063447/biological.json	annotations/normalized/PXD063447/technical.json	annotations/normalized/PXD063447/experimental_design.json
PXD063455	shard_5	complete_3_raw_3_normalized	flags_present	1	technical		not_in_retained_input_manifest	annotations/raw/PXD063455/biological.json	annotations/raw/PXD063455/technical.json	annotations/raw/PXD063455/experimental_design.json	annotations/normalized/PXD063455/biological.json	annotations/normalized/PXD063455/technical.json	annotations/normalized/PXD063455/experimental_design.json
PXD063461	shard_6	complete_3_raw_3_normalized	flags_present	4			not_in_retained_input_manifest	annotations/raw/PXD063461/biological.json	annotations/raw/PXD063461/technical.json	annotations/raw/PXD063461/experimental_design.json	annotations/normalized/PXD063461/biological.json	annotations/normalized/PXD063461/technical.json	annotations/normalized/PXD063461/experimental_design.json
PXD063465	shard_7	complete_3_raw_3_normalized	no_stored_flags	0			not_in_retained_input_manifest	annotations/raw/PXD063465/biological.json	annotations/raw/PXD063465/technical.json	annotations/raw/PXD063465/experimental_design.json	annotations/normalized/PXD063465/biological.json	annotations/normalized/PXD063465/technical.json	annotations/normalized/PXD063465/experimental_design.json
PXD063466	shard_0	complete_3_raw_3_normalized	flags_present	1			not_in_retained_input_manifest	annotations/raw/PXD063466/biological.json	annotations/raw/PXD063466/technical.json	annotations/raw/PXD063466/experimental_design.json	annotations/normalized/PXD063466/biological.json	annotations/normalized/PXD063466/technical.json	annotations/normalized/PXD063466/experimental_design.json
PXD063479	shard_1	complete_3_raw_3_normalized	flags_present	7			not_in_retained_input_manifest	annotations/raw/PXD063479/biological.json	annotations/raw/PXD063479/technical.json	annotations/raw/PXD063479/experimental_design.json	annotations/normalized/PXD063479/biological.json	annotations/normalized/PXD063479/technical.json	annotations/normalized/PXD063479/experimental_design.json
PXD063516	shard_2	complete_3_raw_3_normalized	no_stored_flags	0			not_in_retained_input_manifest	annotations/raw/PXD063516/biological.json	annotations/raw/PXD063516/technical.json	annotations/raw/PXD063516/experimental_design.json	annotations/normalized/PXD063516/biological.json	annotations/normalized/PXD063516/technical.json	annotations/normalized/PXD063516/experimental_design.json
PXD063521	shard_3	complete_3_raw_3_normalized	flags_present	1			not_in_retained_input_manifest	annotations/raw/PXD063521/biological.json	annotations/raw/PXD063521/technical.json	annotations/raw/PXD063521/experimental_design.json	annotations/normalized/PXD063521/biological.json	annotations/normalized/PXD063521/technical.json	annotations/normalized/PXD063521/experimental_design.json
PXD063526	shard_4	complete_3_raw_3_normalized	no_stored_flags	0			not_in_retained_input_manifest	annotations/raw/PXD063526/biological.json	annotations/raw/PXD063526/technical.json	annotations/raw/PXD063526/experimental_design.json	annotations/normalized/PXD063526/biological.json	annotations/normalized/PXD063526/technical.json	annotations/normalized/PXD063526/experimental_design.json
PXD063535	shard_5	complete_3_raw_3_normalized	no_stored_flags	0			not_in_retained_input_manifest	annotations/raw/PXD063535/biological.json	annotations/raw/PXD063535/technical.json	annotations/raw/PXD063535/experimental_design.json	annotations/normalized/PXD063535/biological.json	annotations/normalized/PXD063535/technical.json	annotations/normalized/PXD063535/experimental_design.json
PXD063537	shard_6	complete_3_raw_3_normalized	flags_present	1			not_in_retained_input_manifest	annotations/raw/PXD063537/biological.json	annotations/raw/PXD063537/technical.json	annotations/raw/PXD063537/experimental_design.json	annotations/normalized/PXD063537/biological.json	annotations/normalized/PXD063537/technical.json	annotations/normalized/PXD063537/experimental_design.json
PXD063550	shard_7	complete_3_raw_3_normalized	flags_present	2			not_in_retained_input_manifest	annotations/raw/PXD063550/biological.json	annotations/raw/PXD063550/technical.json	annotations/raw/PXD063550/experimental_design.json	annotations/normalized/PXD063550/biological.json	annotations/normalized/PXD063550/technical.json	annotations/normalized/PXD063550/experimental_design.json
PXD063553	shard_0	complete_3_raw_3_normalized	flags_present	2			not_in_retained_input_manifest	annotations/raw/PXD063553/biological.json	annotations/raw/PXD063553/technical.json	annotations/raw/PXD063553/experimental_design.json	annotations/normalized/PXD063553/biological.json	annotations/normalized/PXD063553/technical.json	annotations/normalized/PXD063553/experimental_design.json
PXD063563	shard_1	complete_3_raw_3_normalized	no_stored_flags	0			not_in_retained_input_manifest	annotations/raw/PXD063563/biological.json	annotations/raw/PXD063563/technical.json	annotations/raw/PXD063563/experimental_design.json	annotations/normalized/PXD063563/biological.json	annotations/normalized/PXD063563/technical.json	annotations/normalized/PXD063563/experimental_design.json
PXD063595	shard_2	complete_3_raw_3_normalized	flags_present	2			not_in_retained_input_manifest	annotations/raw/PXD063595/biological.json	annotations/raw/PXD063595/technical.json	annotations/raw/PXD063595/experimental_design.json	annotations/normalized/PXD063595/biological.json	annotations/normalized/PXD063595/technical.json	annotations/normalized/PXD063595/experimental_design.json
PXD063628	shard_3	complete_3_raw_3_normalized	flags_present	2			not_in_retained_input_manifest	annotations/raw/PXD063628/biological.json	annotations/raw/PXD063628/technical.json	annotations/raw/PXD063628/experimental_design.json	annotations/normalized/PXD063628/biological.json	annotations/normalized/PXD063628/technical.json	annotations/normalized/PXD063628/experimental_design.json
PXD063671	shard_4	complete_3_raw_3_normalized	no_stored_flags	0			not_in_retained_input_manifest	annotations/raw/PXD063671/biological.json	annotations/raw/PXD063671/technical.json	annotations/raw/PXD063671/experimental_design.json	annotations/normalized/PXD063671/biological.json	annotations/normalized/PXD063671/technical.json	annotations/normalized/PXD063671/experimental_design.json
PXD063682	shard_5	complete_3_raw_3_normalized	flags_present	1			not_in_retained_input_manifest	annotations/raw/PXD063682/biological.json	annotations/raw/PXD063682/technical.json	annotations/raw/PXD063682/experimental_design.json	annotations/normalized/PXD063682/biological.json	annotations/normalized/PXD063682/technical.json	annotations/normalized/PXD063682/experimental_design.json
PXD063716	shard_6	complete_3_raw_3_normalized	flags_present	5			not_in_retained_input_manifest	annotations/raw/PXD063716/biological.json	annotations/raw/PXD063716/technical.json	annotations/raw/PXD063716/experimental_design.json	annotations/normalized/PXD063716/biological.json	annotations/normalized/PXD063716/technical.json	annotations/normalized/PXD063716/experimental_design.json
PXD063721	shard_7	complete_3_raw_3_normalized	flags_present	2			not_in_retained_input_manifest	annotations/raw/PXD063721/biological.json	annotations/raw/PXD063721/technical.json	annotations/raw/PXD063721/experimental_design.json	annotations/normalized/PXD063721/biological.json	annotations/normalized/PXD063721/technical.json	annotations/normalized/PXD063721/experimental_design.json
PXD063819	shard_0	complete_3_raw_3_normalized	flags_present	2			not_in_retained_input_manifest	annotations/raw/PXD063819/biological.json	annotations/raw/PXD063819/technical.json	annotations/raw/PXD063819/experimental_design.json	annotations/normalized/PXD063819/biological.json	annotations/normalized/PXD063819/technical.json	annotations/normalized/PXD063819/experimental_design.json
PXD063822	shard_1	complete_3_raw_3_normalized	no_stored_flags	0			not_in_retained_input_manifest	annotations/raw/PXD063822/biological.json	annotations/raw/PXD063822/technical.json	annotations/raw/PXD063822/experimental_design.json	annotations/normalized/PXD063822/biological.json	annotations/normalized/PXD063822/technical.json	annotations/normalized/PXD063822/experimental_design.json
PXD063825	shard_2	complete_3_raw_3_normalized	no_stored_flags	0			not_in_retained_input_manifest	annotations/raw/PXD063825/biological.json	annotations/raw/PXD063825/technical.json	annotations/raw/PXD063825/experimental_design.json	annotations/normalized/PXD063825/biological.json	annotations/normalized/PXD063825/technical.json	annotations/normalized/PXD063825/experimental_design.json
PXD063836	shard_3	complete_3_raw_3_normalized	no_stored_flags	0			not_in_retained_input_manifest	annotations/raw/PXD063836/biological.json	annotations/raw/PXD063836/technical.json	annotations/raw/PXD063836/experimental_design.json	annotations/normalized/PXD063836/biological.json	annotations/normalized/PXD063836/technical.json	annotations/normalized/PXD063836/experimental_design.json
PXD063840	shard_4	complete_3_raw_3_normalized	flags_present	2			not_in_retained_input_manifest	annotations/raw/PXD063840/biological.json	annotations/raw/PXD063840/technical.json	annotations/raw/PXD063840/experimental_design.json	annotations/normalized/PXD063840/biological.json	annotations/normalized/PXD063840/technical.json	annotations/normalized/PXD063840/experimental_design.json
PXD063859	shard_5	complete_3_raw_3_normalized	flags_present	2			not_in_retained_input_manifest	annotations/raw/PXD063859/biological.json	annotations/raw/PXD063859/technical.json	annotations/raw/PXD063859/experimental_design.json	annotations/normalized/PXD063859/biological.json	annotations/normalized/PXD063859/technical.json	annotations/normalized/PXD063859/experimental_design.json
PXD063864	shard_6	complete_3_raw_3_normalized	flags_present	2			not_in_retained_input_manifest	annotations/raw/PXD063864/biological.json	annotations/raw/PXD063864/technical.json	annotations/raw/PXD063864/experimental_design.json	annotations/normalized/PXD063864/biological.json	annotations/normalized/PXD063864/technical.json	annotations/normalized/PXD063864/experimental_design.json
PXD063935	shard_7	complete_3_raw_3_normalized	no_stored_flags	0			not_in_retained_input_manifest	annotations/raw/PXD063935/biological.json	annotations/raw/PXD063935/technical.json	annotations/raw/PXD063935/experimental_design.json	annotations/normalized/PXD063935/biological.json	annotations/normalized/PXD063935/technical.json	annotations/normalized/PXD063935/experimental_design.json
PXD063955	shard_0	complete_3_raw_3_normalized	flags_present	6			not_in_retained_input_manifest	annotations/raw/PXD063955/biological.json	annotations/raw/PXD063955/technical.json	annotations/raw/PXD063955/experimental_design.json	annotations/normalized/PXD063955/biological.json	annotations/normalized/PXD063955/technical.json	annotations/normalized/PXD063955/experimental_design.json
PXD063964	shard_1	complete_3_raw_3_normalized	flags_present	1			not_in_retained_input_manifest	annotations/raw/PXD063964/biological.json	annotations/raw/PXD063964/technical.json	annotations/raw/PXD063964/experimental_design.json	annotations/normalized/PXD063964/biological.json	annotations/normalized/PXD063964/technical.json	annotations/normalized/PXD063964/experimental_design.json
PXD063965	shard_2	complete_3_raw_3_normalized	flags_present	2			not_in_retained_input_manifest	annotations/raw/PXD063965/biological.json	annotations/raw/PXD063965/technical.json	annotations/raw/PXD063965/experimental_design.json	annotations/normalized/PXD063965/biological.json	annotations/normalized/PXD063965/technical.json	annotations/normalized/PXD063965/experimental_design.json
PXD063969	shard_3	complete_3_raw_3_normalized	flags_present	1			not_in_retained_input_manifest	annotations/raw/PXD063969/biological.json	annotations/raw/PXD063969/technical.json	annotations/raw/PXD063969/experimental_design.json	annotations/normalized/PXD063969/biological.json	annotations/normalized/PXD063969/technical.json	annotations/normalized/PXD063969/experimental_design.json
PXD063977	shard_4	complete_3_raw_3_normalized	flags_present	1			not_in_retained_input_manifest	annotations/raw/PXD063977/biological.json	annotations/raw/PXD063977/technical.json	annotations/raw/PXD063977/experimental_design.json	annotations/normalized/PXD063977/biological.json	annotations/normalized/PXD063977/technical.json	annotations/normalized/PXD063977/experimental_design.json
PXD063983	shard_5	complete_3_raw_3_normalized	flags_present	1	technical		not_in_retained_input_manifest	annotations/raw/PXD063983/biological.json	annotations/raw/PXD063983/technical.json	annotations/raw/PXD063983/experimental_design.json	annotations/normalized/PXD063983/biological.json	annotations/normalized/PXD063983/technical.json	annotations/normalized/PXD063983/experimental_design.json
PXD063995	shard_6	complete_3_raw_3_normalized	flags_present	1			not_in_retained_input_manifest	annotations/raw/PXD063995/biological.json	annotations/raw/PXD063995/technical.json	annotations/raw/PXD063995/experimental_design.json	annotations/normalized/PXD063995/biological.json	annotations/normalized/PXD063995/technical.json	annotations/normalized/PXD063995/experimental_design.json
PXD064004	shard_7	complete_3_raw_3_normalized	flags_present	1			not_in_retained_input_manifest	annotations/raw/PXD064004/biological.json	annotations/raw/PXD064004/technical.json	annotations/raw/PXD064004/experimental_design.json	annotations/normalized/PXD064004/biological.json	annotations/normalized/PXD064004/technical.json	annotations/normalized/PXD064004/experimental_design.json
PXD064007	shard_0	complete_3_raw_3_normalized	no_stored_flags	0			not_in_retained_input_manifest	annotations/raw/PXD064007/biological.json	annotations/raw/PXD064007/technical.json	annotations/raw/PXD064007/experimental_design.json	annotations/normalized/PXD064007/biological.json	annotations/normalized/PXD064007/technical.json	annotations/normalized/PXD064007/experimental_design.json
PXD064016	shard_1	complete_3_raw_3_normalized	flags_present	1			not_in_retained_input_manifest	annotations/raw/PXD064016/biological.json	annotations/raw/PXD064016/technical.json	annotations/raw/PXD064016/experimental_design.json	annotations/normalized/PXD064016/biological.json	annotations/normalized/PXD064016/technical.json	annotations/normalized/PXD064016/experimental_design.json
PXD064062	shard_2	complete_3_raw_3_normalized	flags_present	2			not_in_retained_input_manifest	annotations/raw/PXD064062/biological.json	annotations/raw/PXD064062/technical.json	annotations/raw/PXD064062/experimental_design.json	annotations/normalized/PXD064062/biological.json	annotations/normalized/PXD064062/technical.json	annotations/normalized/PXD064062/experimental_design.json
PXD064064	shard_3	complete_3_raw_3_normalized	flags_present	2			not_in_retained_input_manifest	annotations/raw/PXD064064/biological.json	annotations/raw/PXD064064/technical.json	annotations/raw/PXD064064/experimental_design.json	annotations/normalized/PXD064064/biological.json	annotations/normalized/PXD064064/technical.json	annotations/normalized/PXD064064/experimental_design.json
PXD064066	shard_4	complete_3_raw_3_normalized	no_stored_flags	0			not_in_retained_input_manifest	annotations/raw/PXD064066/biological.json	annotations/raw/PXD064066/technical.json	annotations/raw/PXD064066/experimental_design.json	annotations/normalized/PXD064066/biological.json	annotations/normalized/PXD064066/technical.json	annotations/normalized/PXD064066/experimental_design.json
PXD064067	shard_5	complete_3_raw_3_normalized	flags_present	3			not_in_retained_input_manifest	annotations/raw/PXD064067/biological.json	annotations/raw/PXD064067/technical.json	annotations/raw/PXD064067/experimental_design.json	annotations/normalized/PXD064067/biological.json	annotations/normalized/PXD064067/technical.json	annotations/normalized/PXD064067/experimental_design.json
PXD064116	shard_6	complete_3_raw_3_normalized	flags_present	1			not_in_retained_input_manifest	annotations/raw/PXD064116/biological.json	annotations/raw/PXD064116/technical.json	annotations/raw/PXD064116/experimental_design.json	annotations/normalized/PXD064116/biological.json	annotations/normalized/PXD064116/technical.json	annotations/normalized/PXD064116/experimental_design.json
PXD064117	shard_7	complete_3_raw_3_normalized	flags_present	2			not_in_retained_input_manifest	annotations/raw/PXD064117/biological.json	annotations/raw/PXD064117/technical.json	annotations/raw/PXD064117/experimental_design.json	annotations/normalized/PXD064117/biological.json	annotations/normalized/PXD064117/technical.json	annotations/normalized/PXD064117/experimental_design.json
PXD064125	shard_0	complete_3_raw_3_normalized	no_stored_flags	0			not_in_retained_input_manifest	annotations/raw/PXD064125/biological.json	annotations/raw/PXD064125/technical.json	annotations/raw/PXD064125/experimental_design.json	annotations/normalized/PXD064125/biological.json	annotations/normalized/PXD064125/technical.json	annotations/normalized/PXD064125/experimental_design.json
PXD064146	shard_1	complete_3_raw_3_normalized	flags_present	1			not_in_retained_input_manifest	annotations/raw/PXD064146/biological.json	annotations/raw/PXD064146/technical.json	annotations/raw/PXD064146/experimental_design.json	annotations/normalized/PXD064146/biological.json	annotations/normalized/PXD064146/technical.json	annotations/normalized/PXD064146/experimental_design.json
PXD064197	shard_2	complete_3_raw_3_normalized	flags_present	1			not_in_retained_input_manifest	annotations/raw/PXD064197/biological.json	annotations/raw/PXD064197/technical.json	annotations/raw/PXD064197/experimental_design.json	annotations/normalized/PXD064197/biological.json	annotations/normalized/PXD064197/technical.json	annotations/normalized/PXD064197/experimental_design.json
PXD064199	shard_3	complete_3_raw_3_normalized	no_stored_flags	0			not_in_retained_input_manifest	annotations/raw/PXD064199/biological.json	annotations/raw/PXD064199/technical.json	annotations/raw/PXD064199/experimental_design.json	annotations/normalized/PXD064199/biological.json	annotations/normalized/PXD064199/technical.json	annotations/normalized/PXD064199/experimental_design.json
PXD064236	shard_4	complete_3_raw_3_normalized	flags_present	3			not_in_retained_input_manifest	annotations/raw/PXD064236/biological.json	annotations/raw/PXD064236/technical.json	annotations/raw/PXD064236/experimental_design.json	annotations/normalized/PXD064236/biological.json	annotations/normalized/PXD064236/technical.json	annotations/normalized/PXD064236/experimental_design.json
PXD064244	shard_5	complete_3_raw_3_normalized	flags_present	1			not_in_retained_input_manifest	annotations/raw/PXD064244/biological.json	annotations/raw/PXD064244/technical.json	annotations/raw/PXD064244/experimental_design.json	annotations/normalized/PXD064244/biological.json	annotations/normalized/PXD064244/technical.json	annotations/normalized/PXD064244/experimental_design.json
PXD064257	shard_6	complete_3_raw_3_normalized	flags_present	3			not_in_retained_input_manifest	annotations/raw/PXD064257/biological.json	annotations/raw/PXD064257/technical.json	annotations/raw/PXD064257/experimental_design.json	annotations/normalized/PXD064257/biological.json	annotations/normalized/PXD064257/technical.json	annotations/normalized/PXD064257/experimental_design.json
PXD064262	shard_7	complete_3_raw_3_normalized	flags_present	2			not_in_retained_input_manifest	annotations/raw/PXD064262/biological.json	annotations/raw/PXD064262/technical.json	annotations/raw/PXD064262/experimental_design.json	annotations/normalized/PXD064262/biological.json	annotations/normalized/PXD064262/technical.json	annotations/normalized/PXD064262/experimental_design.json
PXD064265	shard_0	complete_3_raw_3_normalized	flags_present	2			not_in_retained_input_manifest	annotations/raw/PXD064265/biological.json	annotations/raw/PXD064265/technical.json	annotations/raw/PXD064265/experimental_design.json	annotations/normalized/PXD064265/biological.json	annotations/normalized/PXD064265/technical.json	annotations/normalized/PXD064265/experimental_design.json
PXD064288	shard_1	complete_3_raw_3_normalized	flags_present	2			not_in_retained_input_manifest	annotations/raw/PXD064288/biological.json	annotations/raw/PXD064288/technical.json	annotations/raw/PXD064288/experimental_design.json	annotations/normalized/PXD064288/biological.json	annotations/normalized/PXD064288/technical.json	annotations/normalized/PXD064288/experimental_design.json
PXD064434	shard_2	complete_3_raw_3_normalized	flags_present	3			not_in_retained_input_manifest	annotations/raw/PXD064434/biological.json	annotations/raw/PXD064434/technical.json	annotations/raw/PXD064434/experimental_design.json	annotations/normalized/PXD064434/biological.json	annotations/normalized/PXD064434/technical.json	annotations/normalized/PXD064434/experimental_design.json
PXD064439	shard_3	complete_3_raw_3_normalized	no_stored_flags	0			not_in_retained_input_manifest	annotations/raw/PXD064439/biological.json	annotations/raw/PXD064439/technical.json	annotations/raw/PXD064439/experimental_design.json	annotations/normalized/PXD064439/biological.json	annotations/normalized/PXD064439/technical.json	annotations/normalized/PXD064439/experimental_design.json
PXD064455	shard_4	complete_3_raw_3_normalized	flags_present	2			not_in_retained_input_manifest	annotations/raw/PXD064455/biological.json	annotations/raw/PXD064455/technical.json	annotations/raw/PXD064455/experimental_design.json	annotations/normalized/PXD064455/biological.json	annotations/normalized/PXD064455/technical.json	annotations/normalized/PXD064455/experimental_design.json
PXD064458	shard_5	complete_3_raw_3_normalized	flags_present	1	experimental_design		not_in_retained_input_manifest	annotations/raw/PXD064458/biological.json	annotations/raw/PXD064458/technical.json	annotations/raw/PXD064458/experimental_design.json	annotations/normalized/PXD064458/biological.json	annotations/normalized/PXD064458/technical.json	annotations/normalized/PXD064458/experimental_design.json
PXD064464	shard_6	complete_3_raw_3_normalized	flags_present	1			not_in_retained_input_manifest	annotations/raw/PXD064464/biological.json	annotations/raw/PXD064464/technical.json	annotations/raw/PXD064464/experimental_design.json	annotations/normalized/PXD064464/biological.json	annotations/normalized/PXD064464/technical.json	annotations/normalized/PXD064464/experimental_design.json
PXD064519	shard_7	complete_3_raw_3_normalized	flags_present	1			not_in_retained_input_manifest	annotations/raw/PXD064519/biological.json	annotations/raw/PXD064519/technical.json	annotations/raw/PXD064519/experimental_design.json	annotations/normalized/PXD064519/biological.json	annotations/normalized/PXD064519/technical.json	annotations/normalized/PXD064519/experimental_design.json
PXD064523	shard_0	complete_3_raw_3_normalized	flags_present	3			not_in_retained_input_manifest	annotations/raw/PXD064523/biological.json	annotations/raw/PXD064523/technical.json	annotations/raw/PXD064523/experimental_design.json	annotations/normalized/PXD064523/biological.json	annotations/normalized/PXD064523/technical.json	annotations/normalized/PXD064523/experimental_design.json
PXD064560	shard_1	complete_3_raw_3_normalized	flags_present	1			not_in_retained_input_manifest	annotations/raw/PXD064560/biological.json	annotations/raw/PXD064560/technical.json	annotations/raw/PXD064560/experimental_design.json	annotations/normalized/PXD064560/biological.json	annotations/normalized/PXD064560/technical.json	annotations/normalized/PXD064560/experimental_design.json
PXD064564	shard_2	complete_3_raw_3_normalized	flags_present	3			not_in_retained_input_manifest	annotations/raw/PXD064564/biological.json	annotations/raw/PXD064564/technical.json	annotations/raw/PXD064564/experimental_design.json	annotations/normalized/PXD064564/biological.json	annotations/normalized/PXD064564/technical.json	annotations/normalized/PXD064564/experimental_design.json
PXD064568	shard_3	complete_3_raw_3_normalized	flags_present	4			not_in_retained_input_manifest	annotations/raw/PXD064568/biological.json	annotations/raw/PXD064568/technical.json	annotations/raw/PXD064568/experimental_design.json	annotations/normalized/PXD064568/biological.json	annotations/normalized/PXD064568/technical.json	annotations/normalized/PXD064568/experimental_design.json
PXD064573	shard_4	complete_3_raw_3_normalized	flags_present	4			not_in_retained_input_manifest	annotations/raw/PXD064573/biological.json	annotations/raw/PXD064573/technical.json	annotations/raw/PXD064573/experimental_design.json	annotations/normalized/PXD064573/biological.json	annotations/normalized/PXD064573/technical.json	annotations/normalized/PXD064573/experimental_design.json
PXD064632	shard_5	complete_3_raw_3_normalized	no_stored_flags	0			not_in_retained_input_manifest	annotations/raw/PXD064632/biological.json	annotations/raw/PXD064632/technical.json	annotations/raw/PXD064632/experimental_design.json	annotations/normalized/PXD064632/biological.json	annotations/normalized/PXD064632/technical.json	annotations/normalized/PXD064632/experimental_design.json
PXD064634	shard_6	complete_3_raw_3_normalized	flags_present	1			not_in_retained_input_manifest	annotations/raw/PXD064634/biological.json	annotations/raw/PXD064634/technical.json	annotations/raw/PXD064634/experimental_design.json	annotations/normalized/PXD064634/biological.json	annotations/normalized/PXD064634/technical.json	annotations/normalized/PXD064634/experimental_design.json
PXD064640	shard_7	complete_3_raw_3_normalized	flags_present	2			not_in_retained_input_manifest	annotations/raw/PXD064640/biological.json	annotations/raw/PXD064640/technical.json	annotations/raw/PXD064640/experimental_design.json	annotations/normalized/PXD064640/biological.json	annotations/normalized/PXD064640/technical.json	annotations/normalized/PXD064640/experimental_design.json
PXD064671	shard_0	complete_3_raw_3_normalized	flags_present	2			not_in_retained_input_manifest	annotations/raw/PXD064671/biological.json	annotations/raw/PXD064671/technical.json	annotations/raw/PXD064671/experimental_design.json	annotations/normalized/PXD064671/biological.json	annotations/normalized/PXD064671/technical.json	annotations/normalized/PXD064671/experimental_design.json
PXD064727	shard_1	complete_3_raw_3_normalized	flags_present	1			not_in_retained_input_manifest	annotations/raw/PXD064727/biological.json	annotations/raw/PXD064727/technical.json	annotations/raw/PXD064727/experimental_design.json	annotations/normalized/PXD064727/biological.json	annotations/normalized/PXD064727/technical.json	annotations/normalized/PXD064727/experimental_design.json
PXD064751	shard_2	complete_3_raw_3_normalized	no_stored_flags	0			not_in_retained_input_manifest	annotations/raw/PXD064751/biological.json	annotations/raw/PXD064751/technical.json	annotations/raw/PXD064751/experimental_design.json	annotations/normalized/PXD064751/biological.json	annotations/normalized/PXD064751/technical.json	annotations/normalized/PXD064751/experimental_design.json
PXD064784	shard_3	complete_3_raw_3_normalized	no_stored_flags	0			not_in_retained_input_manifest	annotations/raw/PXD064784/biological.json	annotations/raw/PXD064784/technical.json	annotations/raw/PXD064784/experimental_design.json	annotations/normalized/PXD064784/biological.json	annotations/normalized/PXD064784/technical.json	annotations/normalized/PXD064784/experimental_design.json
PXD064787	shard_4	complete_3_raw_3_normalized	no_stored_flags	0			not_in_retained_input_manifest	annotations/raw/PXD064787/biological.json	annotations/raw/PXD064787/technical.json	annotations/raw/PXD064787/experimental_design.json	annotations/normalized/PXD064787/biological.json	annotations/normalized/PXD064787/technical.json	annotations/normalized/PXD064787/experimental_design.json
PXD064788	shard_5	complete_3_raw_3_normalized	no_stored_flags	0			not_in_retained_input_manifest	annotations/raw/PXD064788/biological.json	annotations/raw/PXD064788/technical.json	annotations/raw/PXD064788/experimental_design.json	annotations/normalized/PXD064788/biological.json	annotations/normalized/PXD064788/technical.json	annotations/normalized/PXD064788/experimental_design.json
PXD064794	shard_6	complete_3_raw_3_normalized	flags_present	4			not_in_retained_input_manifest	annotations/raw/PXD064794/biological.json	annotations/raw/PXD064794/technical.json	annotations/raw/PXD064794/experimental_design.json	annotations/normalized/PXD064794/biological.json	annotations/normalized/PXD064794/technical.json	annotations/normalized/PXD064794/experimental_design.json
PXD064834	shard_7	complete_3_raw_3_normalized	flags_present	1			not_in_retained_input_manifest	annotations/raw/PXD064834/biological.json	annotations/raw/PXD064834/technical.json	annotations/raw/PXD064834/experimental_design.json	annotations/normalized/PXD064834/biological.json	annotations/normalized/PXD064834/technical.json	annotations/normalized/PXD064834/experimental_design.json
PXD064844	shard_0	complete_3_raw_3_normalized	flags_present	1			not_in_retained_input_manifest	annotations/raw/PXD064844/biological.json	annotations/raw/PXD064844/technical.json	annotations/raw/PXD064844/experimental_design.json	annotations/normalized/PXD064844/biological.json	annotations/normalized/PXD064844/technical.json	annotations/normalized/PXD064844/experimental_design.json
PXD064850	shard_1	complete_3_raw_3_normalized	flags_present	3			not_in_retained_input_manifest	annotations/raw/PXD064850/biological.json	annotations/raw/PXD064850/technical.json	annotations/raw/PXD064850/experimental_design.json	annotations/normalized/PXD064850/biological.json	annotations/normalized/PXD064850/technical.json	annotations/normalized/PXD064850/experimental_design.json
PXD064858	shard_2	complete_3_raw_3_normalized	no_stored_flags	0			not_in_retained_input_manifest	annotations/raw/PXD064858/biological.json	annotations/raw/PXD064858/technical.json	annotations/raw/PXD064858/experimental_design.json	annotations/normalized/PXD064858/biological.json	annotations/normalized/PXD064858/technical.json	annotations/normalized/PXD064858/experimental_design.json
PXD064871	shard_3	complete_3_raw_3_normalized	flags_present	1			not_in_retained_input_manifest	annotations/raw/PXD064871/biological.json	annotations/raw/PXD064871/technical.json	annotations/raw/PXD064871/experimental_design.json	annotations/normalized/PXD064871/biological.json	annotations/normalized/PXD064871/technical.json	annotations/normalized/PXD064871/experimental_design.json
PXD064926	shard_4	complete_3_raw_3_normalized	no_stored_flags	0			not_in_retained_input_manifest	annotations/raw/PXD064926/biological.json	annotations/raw/PXD064926/technical.json	annotations/raw/PXD064926/experimental_design.json	annotations/normalized/PXD064926/biological.json	annotations/normalized/PXD064926/technical.json	annotations/normalized/PXD064926/experimental_design.json
PXD064950	shard_5	complete_3_raw_3_normalized	flags_present	1			not_in_retained_input_manifest	annotations/raw/PXD064950/biological.json	annotations/raw/PXD064950/technical.json	annotations/raw/PXD064950/experimental_design.json	annotations/normalized/PXD064950/biological.json	annotations/normalized/PXD064950/technical.json	annotations/normalized/PXD064950/experimental_design.json
PXD064985	shard_6	complete_3_raw_3_normalized	flags_present	1			not_in_retained_input_manifest	annotations/raw/PXD064985/biological.json	annotations/raw/PXD064985/technical.json	annotations/raw/PXD064985/experimental_design.json	annotations/normalized/PXD064985/biological.json	annotations/normalized/PXD064985/technical.json	annotations/normalized/PXD064985/experimental_design.json
PXD065001	shard_7	complete_3_raw_3_normalized	no_stored_flags	0			not_in_retained_input_manifest	annotations/raw/PXD065001/biological.json	annotations/raw/PXD065001/technical.json	annotations/raw/PXD065001/experimental_design.json	annotations/normalized/PXD065001/biological.json	annotations/normalized/PXD065001/technical.json	annotations/normalized/PXD065001/experimental_design.json
PXD065024	shard_0	complete_3_raw_3_normalized	flags_present	1			not_in_retained_input_manifest	annotations/raw/PXD065024/biological.json	annotations/raw/PXD065024/technical.json	annotations/raw/PXD065024/experimental_design.json	annotations/normalized/PXD065024/biological.json	annotations/normalized/PXD065024/technical.json	annotations/normalized/PXD065024/experimental_design.json
PXD065042	shard_1	complete_3_raw_3_normalized	flags_present	1			not_in_retained_input_manifest	annotations/raw/PXD065042/biological.json	annotations/raw/PXD065042/technical.json	annotations/raw/PXD065042/experimental_design.json	annotations/normalized/PXD065042/biological.json	annotations/normalized/PXD065042/technical.json	annotations/normalized/PXD065042/experimental_design.json
PXD065168	shard_2	complete_3_raw_3_normalized	flags_present	3			not_in_retained_input_manifest	annotations/raw/PXD065168/biological.json	annotations/raw/PXD065168/technical.json	annotations/raw/PXD065168/experimental_design.json	annotations/normalized/PXD065168/biological.json	annotations/normalized/PXD065168/technical.json	annotations/normalized/PXD065168/experimental_design.json
PXD065200	shard_3	complete_3_raw_3_normalized	flags_present	2			not_in_retained_input_manifest	annotations/raw/PXD065200/biological.json	annotations/raw/PXD065200/technical.json	annotations/raw/PXD065200/experimental_design.json	annotations/normalized/PXD065200/biological.json	annotations/normalized/PXD065200/technical.json	annotations/normalized/PXD065200/experimental_design.json
PXD065292	shard_4	complete_3_raw_3_normalized	flags_present	1			not_in_retained_input_manifest	annotations/raw/PXD065292/biological.json	annotations/raw/PXD065292/technical.json	annotations/raw/PXD065292/experimental_design.json	annotations/normalized/PXD065292/biological.json	annotations/normalized/PXD065292/technical.json	annotations/normalized/PXD065292/experimental_design.json
PXD065332	shard_5	complete_3_raw_3_normalized	flags_present	1			not_in_retained_input_manifest	annotations/raw/PXD065332/biological.json	annotations/raw/PXD065332/technical.json	annotations/raw/PXD065332/experimental_design.json	annotations/normalized/PXD065332/biological.json	annotations/normalized/PXD065332/technical.json	annotations/normalized/PXD065332/experimental_design.json
PXD065335	shard_6	complete_3_raw_3_normalized	flags_present	1			not_in_retained_input_manifest	annotations/raw/PXD065335/biological.json	annotations/raw/PXD065335/technical.json	annotations/raw/PXD065335/experimental_design.json	annotations/normalized/PXD065335/biological.json	annotations/normalized/PXD065335/technical.json	annotations/normalized/PXD065335/experimental_design.json
PXD065357	shard_7	complete_3_raw_3_normalized	flags_present	1			not_in_retained_input_manifest	annotations/raw/PXD065357/biological.json	annotations/raw/PXD065357/technical.json	annotations/raw/PXD065357/experimental_design.json	annotations/normalized/PXD065357/biological.json	annotations/normalized/PXD065357/technical.json	annotations/normalized/PXD065357/experimental_design.json
PXD065424	shard_0	complete_3_raw_3_normalized	flags_present	2			not_in_retained_input_manifest	annotations/raw/PXD065424/biological.json	annotations/raw/PXD065424/technical.json	annotations/raw/PXD065424/experimental_design.json	annotations/normalized/PXD065424/biological.json	annotations/normalized/PXD065424/technical.json	annotations/normalized/PXD065424/experimental_design.json
PXD065453	shard_1	complete_3_raw_3_normalized	flags_present	2			not_in_retained_input_manifest	annotations/raw/PXD065453/biological.json	annotations/raw/PXD065453/technical.json	annotations/raw/PXD065453/experimental_design.json	annotations/normalized/PXD065453/biological.json	annotations/normalized/PXD065453/technical.json	annotations/normalized/PXD065453/experimental_design.json
PXD065461	shard_2	complete_3_raw_3_normalized	flags_present	1			not_in_retained_input_manifest	annotations/raw/PXD065461/biological.json	annotations/raw/PXD065461/technical.json	annotations/raw/PXD065461/experimental_design.json	annotations/normalized/PXD065461/biological.json	annotations/normalized/PXD065461/technical.json	annotations/normalized/PXD065461/experimental_design.json
PXD065493	shard_3	complete_3_raw_3_normalized	flags_present	3			not_in_retained_input_manifest	annotations/raw/PXD065493/biological.json	annotations/raw/PXD065493/technical.json	annotations/raw/PXD065493/experimental_design.json	annotations/normalized/PXD065493/biological.json	annotations/normalized/PXD065493/technical.json	annotations/normalized/PXD065493/experimental_design.json
PXD065497	shard_4	complete_3_raw_3_normalized	flags_present	1			not_in_retained_input_manifest	annotations/raw/PXD065497/biological.json	annotations/raw/PXD065497/technical.json	annotations/raw/PXD065497/experimental_design.json	annotations/normalized/PXD065497/biological.json	annotations/normalized/PXD065497/technical.json	annotations/normalized/PXD065497/experimental_design.json
PXD065517	shard_5	complete_3_raw_3_normalized	no_stored_flags	0			not_in_retained_input_manifest	annotations/raw/PXD065517/biological.json	annotations/raw/PXD065517/technical.json	annotations/raw/PXD065517/experimental_design.json	annotations/normalized/PXD065517/biological.json	annotations/normalized/PXD065517/technical.json	annotations/normalized/PXD065517/experimental_design.json
PXD065520	shard_6	complete_3_raw_3_normalized	no_stored_flags	0			not_in_retained_input_manifest	annotations/raw/PXD065520/biological.json	annotations/raw/PXD065520/technical.json	annotations/raw/PXD065520/experimental_design.json	annotations/normalized/PXD065520/biological.json	annotations/normalized/PXD065520/technical.json	annotations/normalized/PXD065520/experimental_design.json
PXD065566	shard_7	complete_3_raw_3_normalized	no_stored_flags	0			not_in_retained_input_manifest	annotations/raw/PXD065566/biological.json	annotations/raw/PXD065566/technical.json	annotations/raw/PXD065566/experimental_design.json	annotations/normalized/PXD065566/biological.json	annotations/normalized/PXD065566/technical.json	annotations/normalized/PXD065566/experimental_design.json
PXD065571	shard_0	complete_3_raw_3_normalized	flags_present	3			not_in_retained_input_manifest	annotations/raw/PXD065571/biological.json	annotations/raw/PXD065571/technical.json	annotations/raw/PXD065571/experimental_design.json	annotations/normalized/PXD065571/biological.json	annotations/normalized/PXD065571/technical.json	annotations/normalized/PXD065571/experimental_design.json
PXD065702	shard_1	complete_3_raw_3_normalized	flags_present	7			not_in_retained_input_manifest	annotations/raw/PXD065702/biological.json	annotations/raw/PXD065702/technical.json	annotations/raw/PXD065702/experimental_design.json	annotations/normalized/PXD065702/biological.json	annotations/normalized/PXD065702/technical.json	annotations/normalized/PXD065702/experimental_design.json
PXD065794	shard_2	complete_3_raw_3_normalized	no_stored_flags	0			not_in_retained_input_manifest	annotations/raw/PXD065794/biological.json	annotations/raw/PXD065794/technical.json	annotations/raw/PXD065794/experimental_design.json	annotations/normalized/PXD065794/biological.json	annotations/normalized/PXD065794/technical.json	annotations/normalized/PXD065794/experimental_design.json
PXD065854	shard_3	complete_3_raw_3_normalized	flags_present	2			not_in_retained_input_manifest	annotations/raw/PXD065854/biological.json	annotations/raw/PXD065854/technical.json	annotations/raw/PXD065854/experimental_design.json	annotations/normalized/PXD065854/biological.json	annotations/normalized/PXD065854/technical.json	annotations/normalized/PXD065854/experimental_design.json
PXD065898	shard_4	complete_3_raw_3_normalized	flags_present	1			not_in_retained_input_manifest	annotations/raw/PXD065898/biological.json	annotations/raw/PXD065898/technical.json	annotations/raw/PXD065898/experimental_design.json	annotations/normalized/PXD065898/biological.json	annotations/normalized/PXD065898/technical.json	annotations/normalized/PXD065898/experimental_design.json
PXD065914	shard_5	complete_3_raw_3_normalized	flags_present	1			not_in_retained_input_manifest	annotations/raw/PXD065914/biological.json	annotations/raw/PXD065914/technical.json	annotations/raw/PXD065914/experimental_design.json	annotations/normalized/PXD065914/biological.json	annotations/normalized/PXD065914/technical.json	annotations/normalized/PXD065914/experimental_design.json
PXD065922	shard_6	complete_3_raw_3_normalized	flags_present	3			not_in_retained_input_manifest	annotations/raw/PXD065922/biological.json	annotations/raw/PXD065922/technical.json	annotations/raw/PXD065922/experimental_design.json	annotations/normalized/PXD065922/biological.json	annotations/normalized/PXD065922/technical.json	annotations/normalized/PXD065922/experimental_design.json
PXD065965	shard_7	complete_3_raw_3_normalized	flags_present	4			not_in_retained_input_manifest	annotations/raw/PXD065965/biological.json	annotations/raw/PXD065965/technical.json	annotations/raw/PXD065965/experimental_design.json	annotations/normalized/PXD065965/biological.json	annotations/normalized/PXD065965/technical.json	annotations/normalized/PXD065965/experimental_design.json
PXD065993	shard_0	complete_3_raw_3_normalized	flags_present	7			not_in_retained_input_manifest	annotations/raw/PXD065993/biological.json	annotations/raw/PXD065993/technical.json	annotations/raw/PXD065993/experimental_design.json	annotations/normalized/PXD065993/biological.json	annotations/normalized/PXD065993/technical.json	annotations/normalized/PXD065993/experimental_design.json
PXD066010	shard_1	complete_3_raw_3_normalized	flags_present	6			not_in_retained_input_manifest	annotations/raw/PXD066010/biological.json	annotations/raw/PXD066010/technical.json	annotations/raw/PXD066010/experimental_design.json	annotations/normalized/PXD066010/biological.json	annotations/normalized/PXD066010/technical.json	annotations/normalized/PXD066010/experimental_design.json
PXD066017	shard_2	complete_3_raw_3_normalized	no_stored_flags	0			not_in_retained_input_manifest	annotations/raw/PXD066017/biological.json	annotations/raw/PXD066017/technical.json	annotations/raw/PXD066017/experimental_design.json	annotations/normalized/PXD066017/biological.json	annotations/normalized/PXD066017/technical.json	annotations/normalized/PXD066017/experimental_design.json
PXD066029	shard_3	complete_3_raw_3_normalized	no_stored_flags	0			not_in_retained_input_manifest	annotations/raw/PXD066029/biological.json	annotations/raw/PXD066029/technical.json	annotations/raw/PXD066029/experimental_design.json	annotations/normalized/PXD066029/biological.json	annotations/normalized/PXD066029/technical.json	annotations/normalized/PXD066029/experimental_design.json
PXD066033	shard_4	complete_3_raw_3_normalized	flags_present	1			not_in_retained_input_manifest	annotations/raw/PXD066033/biological.json	annotations/raw/PXD066033/technical.json	annotations/raw/PXD066033/experimental_design.json	annotations/normalized/PXD066033/biological.json	annotations/normalized/PXD066033/technical.json	annotations/normalized/PXD066033/experimental_design.json
PXD066083	shard_5	complete_3_raw_3_normalized	no_stored_flags	0			not_in_retained_input_manifest	annotations/raw/PXD066083/biological.json	annotations/raw/PXD066083/technical.json	annotations/raw/PXD066083/experimental_design.json	annotations/normalized/PXD066083/biological.json	annotations/normalized/PXD066083/technical.json	annotations/normalized/PXD066083/experimental_design.json
PXD066132	shard_6	complete_3_raw_3_normalized	flags_present	1			not_in_retained_input_manifest	annotations/raw/PXD066132/biological.json	annotations/raw/PXD066132/technical.json	annotations/raw/PXD066132/experimental_design.json	annotations/normalized/PXD066132/biological.json	annotations/normalized/PXD066132/technical.json	annotations/normalized/PXD066132/experimental_design.json
PXD066134	shard_7	complete_3_raw_3_normalized	flags_present	2			not_in_retained_input_manifest	annotations/raw/PXD066134/biological.json	annotations/raw/PXD066134/technical.json	annotations/raw/PXD066134/experimental_design.json	annotations/normalized/PXD066134/biological.json	annotations/normalized/PXD066134/technical.json	annotations/normalized/PXD066134/experimental_design.json
PXD066206	shard_0	complete_3_raw_3_normalized	flags_present	2			not_in_retained_input_manifest	annotations/raw/PXD066206/biological.json	annotations/raw/PXD066206/technical.json	annotations/raw/PXD066206/experimental_design.json	annotations/normalized/PXD066206/biological.json	annotations/normalized/PXD066206/technical.json	annotations/normalized/PXD066206/experimental_design.json
PXD066215	shard_1	complete_3_raw_3_normalized	flags_present	2			not_in_retained_input_manifest	annotations/raw/PXD066215/biological.json	annotations/raw/PXD066215/technical.json	annotations/raw/PXD066215/experimental_design.json	annotations/normalized/PXD066215/biological.json	annotations/normalized/PXD066215/technical.json	annotations/normalized/PXD066215/experimental_design.json
PXD066224	shard_2	complete_3_raw_3_normalized	flags_present	2			not_in_retained_input_manifest	annotations/raw/PXD066224/biological.json	annotations/raw/PXD066224/technical.json	annotations/raw/PXD066224/experimental_design.json	annotations/normalized/PXD066224/biological.json	annotations/normalized/PXD066224/technical.json	annotations/normalized/PXD066224/experimental_design.json
PXD066251	shard_3	complete_3_raw_3_normalized	flags_present	1			not_in_retained_input_manifest	annotations/raw/PXD066251/biological.json	annotations/raw/PXD066251/technical.json	annotations/raw/PXD066251/experimental_design.json	annotations/normalized/PXD066251/biological.json	annotations/normalized/PXD066251/technical.json	annotations/normalized/PXD066251/experimental_design.json
PXD066260	shard_4	complete_3_raw_3_normalized	flags_present	1			not_in_retained_input_manifest	annotations/raw/PXD066260/biological.json	annotations/raw/PXD066260/technical.json	annotations/raw/PXD066260/experimental_design.json	annotations/normalized/PXD066260/biological.json	annotations/normalized/PXD066260/technical.json	annotations/normalized/PXD066260/experimental_design.json
PXD066393	shard_5	complete_3_raw_3_normalized	flags_present	1			not_in_retained_input_manifest	annotations/raw/PXD066393/biological.json	annotations/raw/PXD066393/technical.json	annotations/raw/PXD066393/experimental_design.json	annotations/normalized/PXD066393/biological.json	annotations/normalized/PXD066393/technical.json	annotations/normalized/PXD066393/experimental_design.json
PXD066461	shard_6	complete_3_raw_3_normalized	flags_present	3			not_in_retained_input_manifest	annotations/raw/PXD066461/biological.json	annotations/raw/PXD066461/technical.json	annotations/raw/PXD066461/experimental_design.json	annotations/normalized/PXD066461/biological.json	annotations/normalized/PXD066461/technical.json	annotations/normalized/PXD066461/experimental_design.json
PXD066470	shard_7	complete_3_raw_3_normalized	flags_present	1			not_in_retained_input_manifest	annotations/raw/PXD066470/biological.json	annotations/raw/PXD066470/technical.json	annotations/raw/PXD066470/experimental_design.json	annotations/normalized/PXD066470/biological.json	annotations/normalized/PXD066470/technical.json	annotations/normalized/PXD066470/experimental_design.json
PXD066557	shard_0	complete_3_raw_3_normalized	flags_present	1			not_in_retained_input_manifest	annotations/raw/PXD066557/biological.json	annotations/raw/PXD066557/technical.json	annotations/raw/PXD066557/experimental_design.json	annotations/normalized/PXD066557/biological.json	annotations/normalized/PXD066557/technical.json	annotations/normalized/PXD066557/experimental_design.json
PXD066614	shard_1	complete_3_raw_3_normalized	flags_present	3			not_in_retained_input_manifest	annotations/raw/PXD066614/biological.json	annotations/raw/PXD066614/technical.json	annotations/raw/PXD066614/experimental_design.json	annotations/normalized/PXD066614/biological.json	annotations/normalized/PXD066614/technical.json	annotations/normalized/PXD066614/experimental_design.json
PXD066622	shard_2	complete_3_raw_3_normalized	no_stored_flags	0			not_in_retained_input_manifest	annotations/raw/PXD066622/biological.json	annotations/raw/PXD066622/technical.json	annotations/raw/PXD066622/experimental_design.json	annotations/normalized/PXD066622/biological.json	annotations/normalized/PXD066622/technical.json	annotations/normalized/PXD066622/experimental_design.json
PXD066679	shard_3	complete_3_raw_3_normalized	no_stored_flags	0			not_in_retained_input_manifest	annotations/raw/PXD066679/biological.json	annotations/raw/PXD066679/technical.json	annotations/raw/PXD066679/experimental_design.json	annotations/normalized/PXD066679/biological.json	annotations/normalized/PXD066679/technical.json	annotations/normalized/PXD066679/experimental_design.json
PXD066711	shard_4	complete_3_raw_3_normalized	flags_present	1			not_in_retained_input_manifest	annotations/raw/PXD066711/biological.json	annotations/raw/PXD066711/technical.json	annotations/raw/PXD066711/experimental_design.json	annotations/normalized/PXD066711/biological.json	annotations/normalized/PXD066711/technical.json	annotations/normalized/PXD066711/experimental_design.json
PXD066795	shard_5	complete_3_raw_3_normalized	flags_present	2			not_in_retained_input_manifest	annotations/raw/PXD066795/biological.json	annotations/raw/PXD066795/technical.json	annotations/raw/PXD066795/experimental_design.json	annotations/normalized/PXD066795/biological.json	annotations/normalized/PXD066795/technical.json	annotations/normalized/PXD066795/experimental_design.json
PXD066872	shard_6	complete_3_raw_3_normalized	flags_present	1			not_in_retained_input_manifest	annotations/raw/PXD066872/biological.json	annotations/raw/PXD066872/technical.json	annotations/raw/PXD066872/experimental_design.json	annotations/normalized/PXD066872/biological.json	annotations/normalized/PXD066872/technical.json	annotations/normalized/PXD066872/experimental_design.json
PXD066874	shard_7	complete_3_raw_3_normalized	no_stored_flags	0			not_in_retained_input_manifest	annotations/raw/PXD066874/biological.json	annotations/raw/PXD066874/technical.json	annotations/raw/PXD066874/experimental_design.json	annotations/normalized/PXD066874/biological.json	annotations/normalized/PXD066874/technical.json	annotations/normalized/PXD066874/experimental_design.json
PXD066888	shard_0	complete_3_raw_3_normalized	flags_present	2			not_in_retained_input_manifest	annotations/raw/PXD066888/biological.json	annotations/raw/PXD066888/technical.json	annotations/raw/PXD066888/experimental_design.json	annotations/normalized/PXD066888/biological.json	annotations/normalized/PXD066888/technical.json	annotations/normalized/PXD066888/experimental_design.json
PXD066952	shard_1	complete_3_raw_3_normalized	flags_present	4			not_in_retained_input_manifest	annotations/raw/PXD066952/biological.json	annotations/raw/PXD066952/technical.json	annotations/raw/PXD066952/experimental_design.json	annotations/normalized/PXD066952/biological.json	annotations/normalized/PXD066952/technical.json	annotations/normalized/PXD066952/experimental_design.json
PXD066998	shard_2	complete_3_raw_3_normalized	flags_present	1			not_in_retained_input_manifest	annotations/raw/PXD066998/biological.json	annotations/raw/PXD066998/technical.json	annotations/raw/PXD066998/experimental_design.json	annotations/normalized/PXD066998/biological.json	annotations/normalized/PXD066998/technical.json	annotations/normalized/PXD066998/experimental_design.json
PXD067064	shard_3	complete_3_raw_3_normalized	flags_present	1			not_in_retained_input_manifest	annotations/raw/PXD067064/biological.json	annotations/raw/PXD067064/technical.json	annotations/raw/PXD067064/experimental_design.json	annotations/normalized/PXD067064/biological.json	annotations/normalized/PXD067064/technical.json	annotations/normalized/PXD067064/experimental_design.json
PXD067088	shard_4	complete_3_raw_3_normalized	flags_present	6			not_in_retained_input_manifest	annotations/raw/PXD067088/biological.json	annotations/raw/PXD067088/technical.json	annotations/raw/PXD067088/experimental_design.json	annotations/normalized/PXD067088/biological.json	annotations/normalized/PXD067088/technical.json	annotations/normalized/PXD067088/experimental_design.json
PXD067102	shard_5	complete_3_raw_3_normalized	flags_present	1			not_in_retained_input_manifest	annotations/raw/PXD067102/biological.json	annotations/raw/PXD067102/technical.json	annotations/raw/PXD067102/experimental_design.json	annotations/normalized/PXD067102/biological.json	annotations/normalized/PXD067102/technical.json	annotations/normalized/PXD067102/experimental_design.json
PXD067122	shard_6	complete_3_raw_3_normalized	flags_present	3			not_in_retained_input_manifest	annotations/raw/PXD067122/biological.json	annotations/raw/PXD067122/technical.json	annotations/raw/PXD067122/experimental_design.json	annotations/normalized/PXD067122/biological.json	annotations/normalized/PXD067122/technical.json	annotations/normalized/PXD067122/experimental_design.json
PXD067153	shard_7	complete_3_raw_3_normalized	flags_present	1			not_in_retained_input_manifest	annotations/raw/PXD067153/biological.json	annotations/raw/PXD067153/technical.json	annotations/raw/PXD067153/experimental_design.json	annotations/normalized/PXD067153/biological.json	annotations/normalized/PXD067153/technical.json	annotations/normalized/PXD067153/experimental_design.json
PXD067193	shard_0	complete_3_raw_3_normalized	flags_present	3			not_in_retained_input_manifest	annotations/raw/PXD067193/biological.json	annotations/raw/PXD067193/technical.json	annotations/raw/PXD067193/experimental_design.json	annotations/normalized/PXD067193/biological.json	annotations/normalized/PXD067193/technical.json	annotations/normalized/PXD067193/experimental_design.json
PXD067200	shard_1	complete_3_raw_3_normalized	no_stored_flags	0			not_in_retained_input_manifest	annotations/raw/PXD067200/biological.json	annotations/raw/PXD067200/technical.json	annotations/raw/PXD067200/experimental_design.json	annotations/normalized/PXD067200/biological.json	annotations/normalized/PXD067200/technical.json	annotations/normalized/PXD067200/experimental_design.json
PXD067201	shard_2	complete_3_raw_3_normalized	no_stored_flags	0			not_in_retained_input_manifest	annotations/raw/PXD067201/biological.json	annotations/raw/PXD067201/technical.json	annotations/raw/PXD067201/experimental_design.json	annotations/normalized/PXD067201/biological.json	annotations/normalized/PXD067201/technical.json	annotations/normalized/PXD067201/experimental_design.json
PXD067213	shard_3	complete_3_raw_3_normalized	flags_present	1			not_in_retained_input_manifest	annotations/raw/PXD067213/biological.json	annotations/raw/PXD067213/technical.json	annotations/raw/PXD067213/experimental_design.json	annotations/normalized/PXD067213/biological.json	annotations/normalized/PXD067213/technical.json	annotations/normalized/PXD067213/experimental_design.json
PXD067220	shard_4	complete_3_raw_3_normalized	flags_present	1			not_in_retained_input_manifest	annotations/raw/PXD067220/biological.json	annotations/raw/PXD067220/technical.json	annotations/raw/PXD067220/experimental_design.json	annotations/normalized/PXD067220/biological.json	annotations/normalized/PXD067220/technical.json	annotations/normalized/PXD067220/experimental_design.json
PXD067229	shard_5	complete_3_raw_3_normalized	no_stored_flags	0	technical		not_in_retained_input_manifest	annotations/raw/PXD067229/biological.json	annotations/raw/PXD067229/technical.json	annotations/raw/PXD067229/experimental_design.json	annotations/normalized/PXD067229/biological.json	annotations/normalized/PXD067229/technical.json	annotations/normalized/PXD067229/experimental_design.json
PXD067234	shard_6	complete_3_raw_3_normalized	flags_present	1			not_in_retained_input_manifest	annotations/raw/PXD067234/biological.json	annotations/raw/PXD067234/technical.json	annotations/raw/PXD067234/experimental_design.json	annotations/normalized/PXD067234/biological.json	annotations/normalized/PXD067234/technical.json	annotations/normalized/PXD067234/experimental_design.json
PXD067299	shard_7	complete_3_raw_3_normalized	flags_present	3			not_in_retained_input_manifest	annotations/raw/PXD067299/biological.json	annotations/raw/PXD067299/technical.json	annotations/raw/PXD067299/experimental_design.json	annotations/normalized/PXD067299/biological.json	annotations/normalized/PXD067299/technical.json	annotations/normalized/PXD067299/experimental_design.json
PXD067324	shard_0	complete_3_raw_3_normalized	flags_present	1			not_in_retained_input_manifest	annotations/raw/PXD067324/biological.json	annotations/raw/PXD067324/technical.json	annotations/raw/PXD067324/experimental_design.json	annotations/normalized/PXD067324/biological.json	annotations/normalized/PXD067324/technical.json	annotations/normalized/PXD067324/experimental_design.json
PXD067414	shard_1	complete_3_raw_3_normalized	no_stored_flags	0			not_in_retained_input_manifest	annotations/raw/PXD067414/biological.json	annotations/raw/PXD067414/technical.json	annotations/raw/PXD067414/experimental_design.json	annotations/normalized/PXD067414/biological.json	annotations/normalized/PXD067414/technical.json	annotations/normalized/PXD067414/experimental_design.json
PXD067474	shard_2	complete_3_raw_3_normalized	flags_present	2			not_in_retained_input_manifest	annotations/raw/PXD067474/biological.json	annotations/raw/PXD067474/technical.json	annotations/raw/PXD067474/experimental_design.json	annotations/normalized/PXD067474/biological.json	annotations/normalized/PXD067474/technical.json	annotations/normalized/PXD067474/experimental_design.json
PXD067538	shard_3	complete_3_raw_3_normalized	no_stored_flags	0			not_in_retained_input_manifest	annotations/raw/PXD067538/biological.json	annotations/raw/PXD067538/technical.json	annotations/raw/PXD067538/experimental_design.json	annotations/normalized/PXD067538/biological.json	annotations/normalized/PXD067538/technical.json	annotations/normalized/PXD067538/experimental_design.json
PXD067583	shard_4	complete_3_raw_3_normalized	flags_present	1			not_in_retained_input_manifest	annotations/raw/PXD067583/biological.json	annotations/raw/PXD067583/technical.json	annotations/raw/PXD067583/experimental_design.json	annotations/normalized/PXD067583/biological.json	annotations/normalized/PXD067583/technical.json	annotations/normalized/PXD067583/experimental_design.json
PXD067589	shard_5	complete_3_raw_3_normalized	no_stored_flags	0			not_in_retained_input_manifest	annotations/raw/PXD067589/biological.json	annotations/raw/PXD067589/technical.json	annotations/raw/PXD067589/experimental_design.json	annotations/normalized/PXD067589/biological.json	annotations/normalized/PXD067589/technical.json	annotations/normalized/PXD067589/experimental_design.json
PXD067620	shard_6	complete_3_raw_3_normalized	flags_present	1			not_in_retained_input_manifest	annotations/raw/PXD067620/biological.json	annotations/raw/PXD067620/technical.json	annotations/raw/PXD067620/experimental_design.json	annotations/normalized/PXD067620/biological.json	annotations/normalized/PXD067620/technical.json	annotations/normalized/PXD067620/experimental_design.json
PXD067622	shard_7	complete_3_raw_3_normalized	flags_present	1			not_in_retained_input_manifest	annotations/raw/PXD067622/biological.json	annotations/raw/PXD067622/technical.json	annotations/raw/PXD067622/experimental_design.json	annotations/normalized/PXD067622/biological.json	annotations/normalized/PXD067622/technical.json	annotations/normalized/PXD067622/experimental_design.json
PXD067624	shard_0	complete_3_raw_3_normalized	flags_present	1			not_in_retained_input_manifest	annotations/raw/PXD067624/biological.json	annotations/raw/PXD067624/technical.json	annotations/raw/PXD067624/experimental_design.json	annotations/normalized/PXD067624/biological.json	annotations/normalized/PXD067624/technical.json	annotations/normalized/PXD067624/experimental_design.json
PXD067649	shard_1	complete_3_raw_3_normalized	flags_present	2			not_in_retained_input_manifest	annotations/raw/PXD067649/biological.json	annotations/raw/PXD067649/technical.json	annotations/raw/PXD067649/experimental_design.json	annotations/normalized/PXD067649/biological.json	annotations/normalized/PXD067649/technical.json	annotations/normalized/PXD067649/experimental_design.json
PXD067739	shard_2	complete_3_raw_3_normalized	flags_present	3			not_in_retained_input_manifest	annotations/raw/PXD067739/biological.json	annotations/raw/PXD067739/technical.json	annotations/raw/PXD067739/experimental_design.json	annotations/normalized/PXD067739/biological.json	annotations/normalized/PXD067739/technical.json	annotations/normalized/PXD067739/experimental_design.json
PXD067890	shard_3	complete_3_raw_3_normalized	no_stored_flags	0			not_in_retained_input_manifest	annotations/raw/PXD067890/biological.json	annotations/raw/PXD067890/technical.json	annotations/raw/PXD067890/experimental_design.json	annotations/normalized/PXD067890/biological.json	annotations/normalized/PXD067890/technical.json	annotations/normalized/PXD067890/experimental_design.json
PXD067905	shard_4	complete_3_raw_3_normalized	flags_present	1			not_in_retained_input_manifest	annotations/raw/PXD067905/biological.json	annotations/raw/PXD067905/technical.json	annotations/raw/PXD067905/experimental_design.json	annotations/normalized/PXD067905/biological.json	annotations/normalized/PXD067905/technical.json	annotations/normalized/PXD067905/experimental_design.json
PXD067947	shard_5	complete_3_raw_3_normalized	flags_present	6			not_in_retained_input_manifest	annotations/raw/PXD067947/biological.json	annotations/raw/PXD067947/technical.json	annotations/raw/PXD067947/experimental_design.json	annotations/normalized/PXD067947/biological.json	annotations/normalized/PXD067947/technical.json	annotations/normalized/PXD067947/experimental_design.json
PXD067949	shard_6	complete_3_raw_3_normalized	flags_present	2			not_in_retained_input_manifest	annotations/raw/PXD067949/biological.json	annotations/raw/PXD067949/technical.json	annotations/raw/PXD067949/experimental_design.json	annotations/normalized/PXD067949/biological.json	annotations/normalized/PXD067949/technical.json	annotations/normalized/PXD067949/experimental_design.json
PXD067955	shard_7	complete_3_raw_3_normalized	flags_present	3			not_in_retained_input_manifest	annotations/raw/PXD067955/biological.json	annotations/raw/PXD067955/technical.json	annotations/raw/PXD067955/experimental_design.json	annotations/normalized/PXD067955/biological.json	annotations/normalized/PXD067955/technical.json	annotations/normalized/PXD067955/experimental_design.json
PXD067974	shard_0	complete_3_raw_3_normalized	no_stored_flags	0			not_in_retained_input_manifest	annotations/raw/PXD067974/biological.json	annotations/raw/PXD067974/technical.json	annotations/raw/PXD067974/experimental_design.json	annotations/normalized/PXD067974/biological.json	annotations/normalized/PXD067974/technical.json	annotations/normalized/PXD067974/experimental_design.json
PXD068004	shard_1	complete_3_raw_3_normalized	flags_present	2			not_in_retained_input_manifest	annotations/raw/PXD068004/biological.json	annotations/raw/PXD068004/technical.json	annotations/raw/PXD068004/experimental_design.json	annotations/normalized/PXD068004/biological.json	annotations/normalized/PXD068004/technical.json	annotations/normalized/PXD068004/experimental_design.json
PXD068126	shard_2	complete_3_raw_3_normalized	flags_present	2			not_in_retained_input_manifest	annotations/raw/PXD068126/biological.json	annotations/raw/PXD068126/technical.json	annotations/raw/PXD068126/experimental_design.json	annotations/normalized/PXD068126/biological.json	annotations/normalized/PXD068126/technical.json	annotations/normalized/PXD068126/experimental_design.json
PXD068127	shard_3	complete_3_raw_3_normalized	flags_present	3			not_in_retained_input_manifest	annotations/raw/PXD068127/biological.json	annotations/raw/PXD068127/technical.json	annotations/raw/PXD068127/experimental_design.json	annotations/normalized/PXD068127/biological.json	annotations/normalized/PXD068127/technical.json	annotations/normalized/PXD068127/experimental_design.json
PXD068129	shard_4	complete_3_raw_3_normalized	flags_present	3			not_in_retained_input_manifest	annotations/raw/PXD068129/biological.json	annotations/raw/PXD068129/technical.json	annotations/raw/PXD068129/experimental_design.json	annotations/normalized/PXD068129/biological.json	annotations/normalized/PXD068129/technical.json	annotations/normalized/PXD068129/experimental_design.json
PXD068150	shard_5	complete_3_raw_3_normalized	no_stored_flags	0	experimental_design		not_in_retained_input_manifest	annotations/raw/PXD068150/biological.json	annotations/raw/PXD068150/technical.json	annotations/raw/PXD068150/experimental_design.json	annotations/normalized/PXD068150/biological.json	annotations/normalized/PXD068150/technical.json	annotations/normalized/PXD068150/experimental_design.json
PXD068189	shard_6	complete_3_raw_3_normalized	flags_present	2			not_in_retained_input_manifest	annotations/raw/PXD068189/biological.json	annotations/raw/PXD068189/technical.json	annotations/raw/PXD068189/experimental_design.json	annotations/normalized/PXD068189/biological.json	annotations/normalized/PXD068189/technical.json	annotations/normalized/PXD068189/experimental_design.json
PXD068296	shard_7	complete_3_raw_3_normalized	flags_present	3			not_in_retained_input_manifest	annotations/raw/PXD068296/biological.json	annotations/raw/PXD068296/technical.json	annotations/raw/PXD068296/experimental_design.json	annotations/normalized/PXD068296/biological.json	annotations/normalized/PXD068296/technical.json	annotations/normalized/PXD068296/experimental_design.json
PXD068388	shard_0	complete_3_raw_3_normalized	flags_present	1			not_in_retained_input_manifest	annotations/raw/PXD068388/biological.json	annotations/raw/PXD068388/technical.json	annotations/raw/PXD068388/experimental_design.json	annotations/normalized/PXD068388/biological.json	annotations/normalized/PXD068388/technical.json	annotations/normalized/PXD068388/experimental_design.json
PXD068392	shard_1	complete_3_raw_3_normalized	no_stored_flags	0			not_in_retained_input_manifest	annotations/raw/PXD068392/biological.json	annotations/raw/PXD068392/technical.json	annotations/raw/PXD068392/experimental_design.json	annotations/normalized/PXD068392/biological.json	annotations/normalized/PXD068392/technical.json	annotations/normalized/PXD068392/experimental_design.json
PXD068424	shard_2	complete_3_raw_3_normalized	no_stored_flags	0			not_in_retained_input_manifest	annotations/raw/PXD068424/biological.json	annotations/raw/PXD068424/technical.json	annotations/raw/PXD068424/experimental_design.json	annotations/normalized/PXD068424/biological.json	annotations/normalized/PXD068424/technical.json	annotations/normalized/PXD068424/experimental_design.json
PXD068442	shard_3	complete_3_raw_3_normalized	no_stored_flags	0			not_in_retained_input_manifest	annotations/raw/PXD068442/biological.json	annotations/raw/PXD068442/technical.json	annotations/raw/PXD068442/experimental_design.json	annotations/normalized/PXD068442/biological.json	annotations/normalized/PXD068442/technical.json	annotations/normalized/PXD068442/experimental_design.json
PXD068485	shard_4	complete_3_raw_3_normalized	no_stored_flags	0			not_in_retained_input_manifest	annotations/raw/PXD068485/biological.json	annotations/raw/PXD068485/technical.json	annotations/raw/PXD068485/experimental_design.json	annotations/normalized/PXD068485/biological.json	annotations/normalized/PXD068485/technical.json	annotations/normalized/PXD068485/experimental_design.json
PXD068527	shard_5	complete_3_raw_3_normalized	flags_present	1			not_in_retained_input_manifest	annotations/raw/PXD068527/biological.json	annotations/raw/PXD068527/technical.json	annotations/raw/PXD068527/experimental_design.json	annotations/normalized/PXD068527/biological.json	annotations/normalized/PXD068527/technical.json	annotations/normalized/PXD068527/experimental_design.json
PXD068551	shard_6	complete_3_raw_3_normalized	no_stored_flags	0			not_in_retained_input_manifest	annotations/raw/PXD068551/biological.json	annotations/raw/PXD068551/technical.json	annotations/raw/PXD068551/experimental_design.json	annotations/normalized/PXD068551/biological.json	annotations/normalized/PXD068551/technical.json	annotations/normalized/PXD068551/experimental_design.json
PXD068578	shard_7	complete_3_raw_3_normalized	flags_present	2			not_in_retained_input_manifest	annotations/raw/PXD068578/biological.json	annotations/raw/PXD068578/technical.json	annotations/raw/PXD068578/experimental_design.json	annotations/normalized/PXD068578/biological.json	annotations/normalized/PXD068578/technical.json	annotations/normalized/PXD068578/experimental_design.json
PXD068581	shard_0	complete_3_raw_3_normalized	no_stored_flags	0			not_in_retained_input_manifest	annotations/raw/PXD068581/biological.json	annotations/raw/PXD068581/technical.json	annotations/raw/PXD068581/experimental_design.json	annotations/normalized/PXD068581/biological.json	annotations/normalized/PXD068581/technical.json	annotations/normalized/PXD068581/experimental_design.json
PXD068664	shard_1	complete_3_raw_3_normalized	flags_present	3			not_in_retained_input_manifest	annotations/raw/PXD068664/biological.json	annotations/raw/PXD068664/technical.json	annotations/raw/PXD068664/experimental_design.json	annotations/normalized/PXD068664/biological.json	annotations/normalized/PXD068664/technical.json	annotations/normalized/PXD068664/experimental_design.json
PXD068665	shard_2	complete_3_raw_3_normalized	no_stored_flags	0			not_in_retained_input_manifest	annotations/raw/PXD068665/biological.json	annotations/raw/PXD068665/technical.json	annotations/raw/PXD068665/experimental_design.json	annotations/normalized/PXD068665/biological.json	annotations/normalized/PXD068665/technical.json	annotations/normalized/PXD068665/experimental_design.json
PXD068675	shard_3	complete_3_raw_3_normalized	flags_present	2			not_in_retained_input_manifest	annotations/raw/PXD068675/biological.json	annotations/raw/PXD068675/technical.json	annotations/raw/PXD068675/experimental_design.json	annotations/normalized/PXD068675/biological.json	annotations/normalized/PXD068675/technical.json	annotations/normalized/PXD068675/experimental_design.json
PXD068739	shard_4	complete_3_raw_3_normalized	no_stored_flags	0			not_in_retained_input_manifest	annotations/raw/PXD068739/biological.json	annotations/raw/PXD068739/technical.json	annotations/raw/PXD068739/experimental_design.json	annotations/normalized/PXD068739/biological.json	annotations/normalized/PXD068739/technical.json	annotations/normalized/PXD068739/experimental_design.json
PXD068775	shard_5	complete_3_raw_3_normalized	no_stored_flags	0			not_in_retained_input_manifest	annotations/raw/PXD068775/biological.json	annotations/raw/PXD068775/technical.json	annotations/raw/PXD068775/experimental_design.json	annotations/normalized/PXD068775/biological.json	annotations/normalized/PXD068775/technical.json	annotations/normalized/PXD068775/experimental_design.json
PXD068786	shard_6	complete_3_raw_3_normalized	flags_present	1			not_in_retained_input_manifest	annotations/raw/PXD068786/biological.json	annotations/raw/PXD068786/technical.json	annotations/raw/PXD068786/experimental_design.json	annotations/normalized/PXD068786/biological.json	annotations/normalized/PXD068786/technical.json	annotations/normalized/PXD068786/experimental_design.json
PXD068828	shard_7	complete_3_raw_3_normalized	flags_present	1			not_in_retained_input_manifest	annotations/raw/PXD068828/biological.json	annotations/raw/PXD068828/technical.json	annotations/raw/PXD068828/experimental_design.json	annotations/normalized/PXD068828/biological.json	annotations/normalized/PXD068828/technical.json	annotations/normalized/PXD068828/experimental_design.json
PXD068982	shard_0	complete_3_raw_3_normalized	flags_present	1			not_in_retained_input_manifest	annotations/raw/PXD068982/biological.json	annotations/raw/PXD068982/technical.json	annotations/raw/PXD068982/experimental_design.json	annotations/normalized/PXD068982/biological.json	annotations/normalized/PXD068982/technical.json	annotations/normalized/PXD068982/experimental_design.json
PXD069058	shard_1	complete_3_raw_3_normalized	flags_present	1			not_in_retained_input_manifest	annotations/raw/PXD069058/biological.json	annotations/raw/PXD069058/technical.json	annotations/raw/PXD069058/experimental_design.json	annotations/normalized/PXD069058/biological.json	annotations/normalized/PXD069058/technical.json	annotations/normalized/PXD069058/experimental_design.json
PXD069084	shard_2	complete_3_raw_3_normalized	flags_present	1			not_in_retained_input_manifest	annotations/raw/PXD069084/biological.json	annotations/raw/PXD069084/technical.json	annotations/raw/PXD069084/experimental_design.json	annotations/normalized/PXD069084/biological.json	annotations/normalized/PXD069084/technical.json	annotations/normalized/PXD069084/experimental_design.json
PXD069095	shard_3	complete_3_raw_3_normalized	flags_present	1			not_in_retained_input_manifest	annotations/raw/PXD069095/biological.json	annotations/raw/PXD069095/technical.json	annotations/raw/PXD069095/experimental_design.json	annotations/normalized/PXD069095/biological.json	annotations/normalized/PXD069095/technical.json	annotations/normalized/PXD069095/experimental_design.json
PXD069096	shard_4	complete_3_raw_3_normalized	flags_present	1			not_in_retained_input_manifest	annotations/raw/PXD069096/biological.json	annotations/raw/PXD069096/technical.json	annotations/raw/PXD069096/experimental_design.json	annotations/normalized/PXD069096/biological.json	annotations/normalized/PXD069096/technical.json	annotations/normalized/PXD069096/experimental_design.json
PXD069113	shard_5	complete_3_raw_3_normalized	flags_present	5			not_in_retained_input_manifest	annotations/raw/PXD069113/biological.json	annotations/raw/PXD069113/technical.json	annotations/raw/PXD069113/experimental_design.json	annotations/normalized/PXD069113/biological.json	annotations/normalized/PXD069113/technical.json	annotations/normalized/PXD069113/experimental_design.json
PXD069201	shard_6	complete_3_raw_3_normalized	no_stored_flags	0			not_in_retained_input_manifest	annotations/raw/PXD069201/biological.json	annotations/raw/PXD069201/technical.json	annotations/raw/PXD069201/experimental_design.json	annotations/normalized/PXD069201/biological.json	annotations/normalized/PXD069201/technical.json	annotations/normalized/PXD069201/experimental_design.json
PXD069257	shard_7	complete_3_raw_3_normalized	flags_present	4			not_in_retained_input_manifest	annotations/raw/PXD069257/biological.json	annotations/raw/PXD069257/technical.json	annotations/raw/PXD069257/experimental_design.json	annotations/normalized/PXD069257/biological.json	annotations/normalized/PXD069257/technical.json	annotations/normalized/PXD069257/experimental_design.json
PXD069399	shard_0	complete_3_raw_3_normalized	no_stored_flags	0			not_in_retained_input_manifest	annotations/raw/PXD069399/biological.json	annotations/raw/PXD069399/technical.json	annotations/raw/PXD069399/experimental_design.json	annotations/normalized/PXD069399/biological.json	annotations/normalized/PXD069399/technical.json	annotations/normalized/PXD069399/experimental_design.json
PXD069538	shard_1	complete_3_raw_3_normalized	flags_present	1			not_in_retained_input_manifest	annotations/raw/PXD069538/biological.json	annotations/raw/PXD069538/technical.json	annotations/raw/PXD069538/experimental_design.json	annotations/normalized/PXD069538/biological.json	annotations/normalized/PXD069538/technical.json	annotations/normalized/PXD069538/experimental_design.json
PXD069587	shard_2	complete_3_raw_3_normalized	flags_present	1			not_in_retained_input_manifest	annotations/raw/PXD069587/biological.json	annotations/raw/PXD069587/technical.json	annotations/raw/PXD069587/experimental_design.json	annotations/normalized/PXD069587/biological.json	annotations/normalized/PXD069587/technical.json	annotations/normalized/PXD069587/experimental_design.json
PXD069666	shard_3	complete_3_raw_3_normalized	flags_present	1			not_in_retained_input_manifest	annotations/raw/PXD069666/biological.json	annotations/raw/PXD069666/technical.json	annotations/raw/PXD069666/experimental_design.json	annotations/normalized/PXD069666/biological.json	annotations/normalized/PXD069666/technical.json	annotations/normalized/PXD069666/experimental_design.json
PXD069667	shard_4	complete_3_raw_3_normalized	flags_present	1			not_in_retained_input_manifest	annotations/raw/PXD069667/biological.json	annotations/raw/PXD069667/technical.json	annotations/raw/PXD069667/experimental_design.json	annotations/normalized/PXD069667/biological.json	annotations/normalized/PXD069667/technical.json	annotations/normalized/PXD069667/experimental_design.json
PXD069754	shard_5	complete_3_raw_3_normalized	flags_present	2	experimental_design		not_in_retained_input_manifest	annotations/raw/PXD069754/biological.json	annotations/raw/PXD069754/technical.json	annotations/raw/PXD069754/experimental_design.json	annotations/normalized/PXD069754/biological.json	annotations/normalized/PXD069754/technical.json	annotations/normalized/PXD069754/experimental_design.json
PXD069890	shard_6	complete_3_raw_3_normalized	no_stored_flags	0			not_in_retained_input_manifest	annotations/raw/PXD069890/biological.json	annotations/raw/PXD069890/technical.json	annotations/raw/PXD069890/experimental_design.json	annotations/normalized/PXD069890/biological.json	annotations/normalized/PXD069890/technical.json	annotations/normalized/PXD069890/experimental_design.json
PXD070195	shard_7	complete_3_raw_3_normalized	no_stored_flags	0			not_in_retained_input_manifest	annotations/raw/PXD070195/biological.json	annotations/raw/PXD070195/technical.json	annotations/raw/PXD070195/experimental_design.json	annotations/normalized/PXD070195/biological.json	annotations/normalized/PXD070195/technical.json	annotations/normalized/PXD070195/experimental_design.json
PXD070339	shard_0	complete_3_raw_3_normalized	flags_present	2			not_in_retained_input_manifest	annotations/raw/PXD070339/biological.json	annotations/raw/PXD070339/technical.json	annotations/raw/PXD070339/experimental_design.json	annotations/normalized/PXD070339/biological.json	annotations/normalized/PXD070339/technical.json	annotations/normalized/PXD070339/experimental_design.json
PXD070409	shard_1	complete_3_raw_3_normalized	no_stored_flags	0			not_in_retained_input_manifest	annotations/raw/PXD070409/biological.json	annotations/raw/PXD070409/technical.json	annotations/raw/PXD070409/experimental_design.json	annotations/normalized/PXD070409/biological.json	annotations/normalized/PXD070409/technical.json	annotations/normalized/PXD070409/experimental_design.json
PXD070477	shard_2	complete_3_raw_3_normalized	flags_present	1			not_in_retained_input_manifest	annotations/raw/PXD070477/biological.json	annotations/raw/PXD070477/technical.json	annotations/raw/PXD070477/experimental_design.json	annotations/normalized/PXD070477/biological.json	annotations/normalized/PXD070477/technical.json	annotations/normalized/PXD070477/experimental_design.json
PXD070491	shard_3	complete_3_raw_3_normalized	no_stored_flags	0			not_in_retained_input_manifest	annotations/raw/PXD070491/biological.json	annotations/raw/PXD070491/technical.json	annotations/raw/PXD070491/experimental_design.json	annotations/normalized/PXD070491/biological.json	annotations/normalized/PXD070491/technical.json	annotations/normalized/PXD070491/experimental_design.json
PXD071042	shard_4	complete_3_raw_3_normalized	no_stored_flags	0			not_in_retained_input_manifest	annotations/raw/PXD071042/biological.json	annotations/raw/PXD071042/technical.json	annotations/raw/PXD071042/experimental_design.json	annotations/normalized/PXD071042/biological.json	annotations/normalized/PXD071042/technical.json	annotations/normalized/PXD071042/experimental_design.json
PXD071075	shard_5	complete_3_raw_3_normalized	no_stored_flags	0			not_in_retained_input_manifest	annotations/raw/PXD071075/biological.json	annotations/raw/PXD071075/technical.json	annotations/raw/PXD071075/experimental_design.json	annotations/normalized/PXD071075/biological.json	annotations/normalized/PXD071075/technical.json	annotations/normalized/PXD071075/experimental_design.json
PXD071171	shard_6	complete_3_raw_3_normalized	flags_present	2			not_in_retained_input_manifest	annotations/raw/PXD071171/biological.json	annotations/raw/PXD071171/technical.json	annotations/raw/PXD071171/experimental_design.json	annotations/normalized/PXD071171/biological.json	annotations/normalized/PXD071171/technical.json	annotations/normalized/PXD071171/experimental_design.json
PXD071222	shard_7	complete_3_raw_3_normalized	no_stored_flags	0			not_in_retained_input_manifest	annotations/raw/PXD071222/biological.json	annotations/raw/PXD071222/technical.json	annotations/raw/PXD071222/experimental_design.json	annotations/normalized/PXD071222/biological.json	annotations/normalized/PXD071222/technical.json	annotations/normalized/PXD071222/experimental_design.json
PXD071367	shard_0	complete_3_raw_3_normalized	flags_present	2			not_in_retained_input_manifest	annotations/raw/PXD071367/biological.json	annotations/raw/PXD071367/technical.json	annotations/raw/PXD071367/experimental_design.json	annotations/normalized/PXD071367/biological.json	annotations/normalized/PXD071367/technical.json	annotations/normalized/PXD071367/experimental_design.json
