pxd	input_sha256	abstract_source_label	has_abstract	has_methods	has_pride_properties	has_pride_sample_processing	has_pride_data_processing	abstract_chars	methods_chars	pride_properties_chars	pride_sample_processing_chars	pride_data_processing_chars	source_url	manuscript_text_distributed
PXD000004	89824ca36d6a4ed8937c6f501ea711d78a13922c812c21cdabcfb93e84d67914	pubmed	True	False	True	False	False	1927	0	256	0	0	https://www.ebi.ac.uk/pride/archive/projects/PXD000004	False
PXD000013	2718b74232d25907ef3331aa8aa6a8b6a5fa1a587a153acc7bc7c2da60e9f270	pubmed	True	False	True	False	False	1383	0	524	0	0	https://www.ebi.ac.uk/pride/archive/projects/PXD000013	False
PXD000072	e209cdbca7042c58da84e51264f706f82504b222d0da36b11e8aea0456dd8760	pubmed	True	False	True	False	False	1489	0	360	0	0	https://www.ebi.ac.uk/pride/archive/projects/PXD000072	False
PXD000218	aabbaf0304bf3d0159ce034ef08773a3cb105415725ac1ad4a8de8936ce7b946	pubmed	True	False	True	False	False	1415	0	329	0	0	https://www.ebi.ac.uk/pride/archive/projects/PXD000218	False
PXD000228	efc8808cd7a3b492d180f19a75468968a0c4abeb033a541a17739ff14be29d45	pubmed	True	False	True	False	False	1839	0	357	0	0	https://www.ebi.ac.uk/pride/archive/projects/PXD000228	False
PXD000412	e061ecce2768fce7048ab9d4442f9210701009ce2a85b8203eee06786ac76698	pride	True	True	True	True	True	1951	26508	580	4781	1806	https://www.ebi.ac.uk/pride/archive/projects/PXD000412	False
PXD000426	84ec97f9a570cbe917d51e14e7ebc6cc0fe67982044c7da322268f4c982f30df	pubmed	True	False	True	False	False	686	0	287	0	0	https://www.ebi.ac.uk/pride/archive/projects/PXD000426	False
PXD000443	7264f048512b3304e3f003bb2eb3304201a27f0d05e21eff3fc198268a698ff5	pubmed	True	False	True	False	False	1416	0	305	0	0	https://www.ebi.ac.uk/pride/archive/projects/PXD000443	False
PXD000445	16d08b88a453bfac54b71325fbee5c61c1c8eba55b62d368f9248ab4344ffd0c	pubmed	True	False	True	True	True	2094	0	492	549	1460	https://www.ebi.ac.uk/pride/archive/projects/PXD000445	False
PXD000529	d5cb4cff2569074c3f6dc6b56f65194fa28da005bf7437e4c6e3d3cc30841a0b	pubmed	True	False	True	False	False	1388	0	281	0	0	https://www.ebi.ac.uk/pride/archive/projects/PXD000529	False
PXD000533	d5cb4cff2569074c3f6dc6b56f65194fa28da005bf7437e4c6e3d3cc30841a0b	pubmed	True	False	True	False	False	1388	0	281	0	0	https://www.ebi.ac.uk/pride/archive/projects/PXD000533	False
PXD000561	346f3df191c8d643b58edb7a3cf44b0842382bc77f452b27ef5031bfaafaec59	pride	True	True	True	True	True	1017	27779	589	1096	2102	https://www.ebi.ac.uk/pride/archive/projects/PXD000561	False
PXD000605	16441e33e099b78e2007ac0293195f68cd663c95968a1c43fba90a7985815c44	pride	True	True	True	False	False	573	8926	545	0	0	https://www.ebi.ac.uk/pride/archive/projects/PXD000605	False
PXD000674	4574085292bcbf43ed073ed0cad083ce0be6ba2e255f205b7e6dccf923e31f87	pride	True	False	True	True	True	187	0	418	3177	890	https://www.ebi.ac.uk/pride/archive/projects/PXD000674	False
PXD000685	c825c5cf4876c17e64cf21d029aa9a80e6a26c3bef460beb36cbd0bf1f144f7d	pride	True	False	True	True	True	1287	0	329	1846	817	https://www.ebi.ac.uk/pride/archive/projects/PXD000685	False
PXD000966	e27cfca7c0c00da72f247e3dee081c34fb6b8f9afda690a82c15fe9581da006d	pride	True	False	True	True	True	312	0	275	663	212	https://www.ebi.ac.uk/pride/archive/projects/PXD000966	False
PXD001000	958ef2b716923634decbbc2f99aa72b7de9e4ff7b9a9c30ced0cf8e661c51c81	pride	True	False	True	True	True	312	0	284	702	212	https://www.ebi.ac.uk/pride/archive/projects/PXD001000	False
PXD001017	e4471789f304cfc62acc3732e2e38fabd84c9154cbfaa767aee886cc4c450712	pubmed	True	False	True	True	True	1611	0	1488	256	608	https://www.ebi.ac.uk/pride/archive/projects/PXD001017	False
PXD001068	cfbd9e28f70b8e2821528d135e19d8892f0d4c9affee4ae4c3e9413639690a1d	pubmed	True	False	True	True	True	1409	0	369	590	71	https://www.ebi.ac.uk/pride/archive/projects/PXD001068	False
PXD001118	61d0e66d24cdf80b48efc230b222118a621f1abea367e659f08bd9a246618949	pride	True	True	True	True	True	415	4835	465	2157	3913	https://www.ebi.ac.uk/pride/archive/projects/PXD001118	False
PXD001249	65b7de10e5c869ff5678125371964841a61a562f58db83bbdcdc6b6fa00ebdf3	pubmed	True	False	True	True	True	1258	0	330	568	796	https://www.ebi.ac.uk/pride/archive/projects/PXD001249	False
PXD001279	fd333ad815e4a7a727a579ec961bc693148a4cb1275ba566d992daf427c82ba3	pride	True	True	True	True	True	1076	18634	360	829	438	https://www.ebi.ac.uk/pride/archive/projects/PXD001279	False
PXD001324	bc4f9b05fd2459534b33acacb332ea0e5cef8cfacc3839a81a529472b7110645	pubmed	True	False	True	True	True	1723	0	320	1012	603	https://www.ebi.ac.uk/pride/archive/projects/PXD001324	False
PXD001325	77d0f06c3fe278be160858b3e15a51c95e0c5ad0633bc8d53956c1e146d394df	pubmed	True	False	True	True	True	1723	0	320	1015	603	https://www.ebi.ac.uk/pride/archive/projects/PXD001325	False
PXD001326	7b0b1141467f8dcca2ce9fe12379bd0710d20373651257ff810f979e135ad54f	pubmed	True	False	True	True	True	1723	0	320	998	603	https://www.ebi.ac.uk/pride/archive/projects/PXD001326	False
PXD001327	6918b453b5da896fa3a89636755e36b23420aba01532654c7869a07bcf02659b	pubmed	True	False	True	True	True	1723	0	354	957	603	https://www.ebi.ac.uk/pride/archive/projects/PXD001327	False
PXD001357	1568f499a5c31d595b16b03f6c7bb1e577c41d794a72ca81d3559618a4dd048d	pride	True	True	True	True	True	839	11193	297	1648	1124	https://www.ebi.ac.uk/pride/archive/projects/PXD001357	False
PXD001359	84594bb87c3558fdd325a2095da54343bd7a7252a9cc62553e41e9337ebf6ef0	pride	True	True	True	True	True	839	11193	265	2209	1124	https://www.ebi.ac.uk/pride/archive/projects/PXD001359	False
PXD001415	ccd5d99d6f3edc4ea210eb31e05912e5751b1d7259b98e9593c5e404736f2b85	pubmed	True	False	True	True	True	1584	0	330	3624	594	https://www.ebi.ac.uk/pride/archive/projects/PXD001415	False
PXD001416	50b3b01d17514d4b692964bfa7358dcfa66b528c67079538e3082602f0607961	pubmed	True	False	True	True	True	1584	0	330	3385	594	https://www.ebi.ac.uk/pride/archive/projects/PXD001416	False
PXD001417	ad6dc874d292696e260a4bf2ba0704534c1fa573a0dd0aa0e437f320c24b1f4a	pubmed	True	False	True	True	True	1584	0	330	4367	593	https://www.ebi.ac.uk/pride/archive/projects/PXD001417	False
PXD001418	22260ac6b4d13fdb0823800170721871e65c45b9581e2b0c66751a3f3067e41d	pubmed	True	False	True	True	True	1584	0	330	3720	594	https://www.ebi.ac.uk/pride/archive/projects/PXD001418	False
PXD001419	8337b02d68a809e887e2cb5824bae93d30876c4fcdcd81d5a629b2acf9588c0a	pubmed	True	False	True	True	True	1584	0	330	3481	594	https://www.ebi.ac.uk/pride/archive/projects/PXD001419	False
PXD001420	c4fb31e6c962baaf177a1f47fb1802940cc8ecc176558e6c64a1546957bd626f	pubmed	True	False	True	True	True	1584	0	330	4463	594	https://www.ebi.ac.uk/pride/archive/projects/PXD001420	False
PXD001421	3fa82062bac326b58abc8e83c5967397f63b55f434498e6618fd2ae4ec26c1e0	pubmed	True	False	True	True	True	1584	0	330	3819	594	https://www.ebi.ac.uk/pride/archive/projects/PXD001421	False
PXD001422	b38b23e0c2f3743ccbc6cdd6fa2e0faebddf6f99593868537741b1813cf1123d	pubmed	True	False	True	True	True	1584	0	330	3580	594	https://www.ebi.ac.uk/pride/archive/projects/PXD001422	False
PXD001423	32202dd3e3c93a9d96ea15a4f417f37cd21dce30f88dbfdb242247a0e44b1a44	pubmed	True	False	True	True	True	1584	0	330	4562	594	https://www.ebi.ac.uk/pride/archive/projects/PXD001423	False
PXD001425	22a6c09277b3c3656cc750c4bd10b069119e1d33e5d6ca09fa97872e9c24bfe8	pride	True	True	True	True	True	119	9065	343	484	738	https://www.ebi.ac.uk/pride/archive/projects/PXD001425	False
PXD001460	b86da967f374c167ac567226705777d7c125db886751c75d26095f602ad378a9	pride	True	True	True	True	True	1382	9635	358	3946	1053	https://www.ebi.ac.uk/pride/archive/projects/PXD001460	False
PXD001468	c732680ef6ce6212cf687657218f8389280af0a30a19ada05316d5392f6e9ab1	pride	True	True	True	True	True	904	10651	736	4997	3887	https://www.ebi.ac.uk/pride/archive/projects/PXD001468	False
PXD001524	ad911dfc7db474257c3e98c2c007777eb88ccce0138ab6b7381254dc89812f09	pubmed	True	False	True	True	True	2715	0	241	1936	596	https://www.ebi.ac.uk/pride/archive/projects/PXD001524	False
PXD001574	738256616dce2b9a22901a04fb34b108a8824b08cf7281bc863a2559ec7755f3	pubmed	True	False	True	True	True	1551	0	545	2012	3534	https://www.ebi.ac.uk/pride/archive/projects/PXD001574	False
PXD001609	968dec35490049da3aa2b377bc44fa3069d041cae1a58ccd84a9278c98b49b44	pubmed	True	False	True	True	True	1344	0	401	915	1779	https://www.ebi.ac.uk/pride/archive/projects/PXD001609	False
PXD001674	fecabc4865d9e5dacccb1315125ccd0fa8309c17baad6aed3a92d2c9c3692f73	pubmed	True	False	True	True	True	1726	0	377	3195	1137	https://www.ebi.ac.uk/pride/archive/projects/PXD001674	False
PXD001725	0b1e98f79a23f2ffe4ab44678ca255bc3a937dc6ecda3b8f1b5c2c559679083f	pride	True	True	True	True	True	1716	8425	264	3970	530	https://www.ebi.ac.uk/pride/archive/projects/PXD001725	False
PXD001861	dd48e6a36d15c5f0a95ef86cf49b725d976533bedcff5349e3ce793391f8af64	pubmed	True	False	True	True	True	1564	0	364	1376	1883	https://www.ebi.ac.uk/pride/archive/projects/PXD001861	False
PXD001862	b148042f377cba5510fac3249b60adca08066bfa51fc64493febdf2da1819917	pubmed	True	False	True	True	True	1671	0	464	1356	1155	https://www.ebi.ac.uk/pride/archive/projects/PXD001862	False
PXD001873	eca7a065588de5840cf5e1d400687eec0c9aed33138e650bbdb65db6fc2c5613	pride	True	True	True	True	True	663	20908	278	1239	343	https://www.ebi.ac.uk/pride/archive/projects/PXD001873	False
PXD001985	236521cf70774fd145f96f09f30230b3ba7e7a61cd4e91bbc12180c51ce9380b	pubmed	True	False	True	True	True	1528	0	382	3491	1103	https://www.ebi.ac.uk/pride/archive/projects/PXD001985	False
PXD002014	5add560dd95a4e179b3558754bf9b2cefa50a05cdd57b5907b690d8bd8f3c822	pride	True	True	True	True	True	1055	6068	373	3223	1432	https://www.ebi.ac.uk/pride/archive/projects/PXD002014	False
PXD002057	074f897a6cecec5e334e622ef861996f6b9e8638c75074a183dc71d0f979756a	pride	True	True	True	True	True	1034	9762	314	1231	738	https://www.ebi.ac.uk/pride/archive/projects/PXD002057	False
PXD002088	3896687251bdc4e432fcf060a0691197b678c17c49651dbdccf2fe61a0ac1a81	pride	True	True	True	True	True	243	1489	348	519	212	https://www.ebi.ac.uk/pride/archive/projects/PXD002088	False
PXD002097	58b68ce4ddcc39f5acbc14dbb5cd4895517e8ec2000f10f7088e0bd3b6aed332	pride	True	True	True	True	True	755	9726	348	1650	1374	https://www.ebi.ac.uk/pride/archive/projects/PXD002097	False
PXD002145	52e17c27dcb17895f3c1b6d67f8e376697012522acc9260714c6a92201dc51b0	pubmed	True	False	True	True	True	1307	0	380	1611	1548	https://www.ebi.ac.uk/pride/archive/projects/PXD002145	False
PXD002211	366dd13592ae4dda1417a5868f4fd25e5e26655011dbbf44c7adf83dc18b2d84	pubmed	True	False	True	True	True	2054	0	323	4028	592	https://www.ebi.ac.uk/pride/archive/projects/PXD002211	False
PXD002212	09084a389be0dc36877a36103af20a822f48972f7fa29a7b383eb2aa18e8fcf0	pubmed	True	False	True	True	True	2054	0	323	3908	592	https://www.ebi.ac.uk/pride/archive/projects/PXD002212	False
PXD002354	90c624e9e46a0d3f809c263133bed3981dbdd9f5203937e83898610ae7b59377	pubmed	True	False	True	True	True	1919	0	399	137	69	https://www.ebi.ac.uk/pride/archive/projects/PXD002354	False
PXD002436	fdd22c56c84cfa4c77b71001184a8cdce14ccccde9c322d08521596b730aa4f9	pubmed	True	False	True	True	True	2017	0	280	575	761	https://www.ebi.ac.uk/pride/archive/projects/PXD002436	False
PXD002437	e0fca6ed7d0d30750312878062965e5e93da4d921b89cbb996c9d0583a104371	pride	True	True	True	True	True	368	12106	358	2119	2405	https://www.ebi.ac.uk/pride/archive/projects/PXD002437	False
PXD002565	087298a27b0cf6a08b4a9b6061c6ccb19f07fb71c0c87540083461b2a7f1c9c5	pubmed	True	False	True	True	True	1391	0	406	3170	1575	https://www.ebi.ac.uk/pride/archive/projects/PXD002565	False
PXD002591	d6e53ebe779516d2082252d937a1d6158196fd826bb367147e3d4c147567c903	pubmed	True	False	True	True	True	1983	0	353	1861	2051	https://www.ebi.ac.uk/pride/archive/projects/PXD002591	False
PXD002598	a4333d3b10623e05edcf38ba8153f1d5e9909250a43c9ca455c163c51d5a5408	pride	True	True	True	True	True	1535	18509	305	1836	765	https://www.ebi.ac.uk/pride/archive/projects/PXD002598	False
PXD002620	911c827d2528576bec4d6baf9da29e9f55ed8f36ba1eb225197209ce71eecb1f	pride	True	False	True	True	True	107	0	248	241	141	https://www.ebi.ac.uk/pride/archive/projects/PXD002620	False
PXD002672	7409600425c9e3da138de3c129597ee39500b4a97199fb32ca516e995a28284e	pride	True	True	True	True	True	275	9692	329	2548	1811	https://www.ebi.ac.uk/pride/archive/projects/PXD002672	False
PXD002687	6d512b9536bdf583317eb977499b5222406567e67d7a05085ec3ebeb3a2a13f2	pride	True	True	True	True	True	1159	29947	266	818	1867	https://www.ebi.ac.uk/pride/archive/projects/PXD002687	False
PXD002825	59cb9e99098762a8aa1b6330586252439d2d4e826438f4bc45017b54cf591540	pride	True	True	True	True	True	1716	6015	387	2362	1557	https://www.ebi.ac.uk/pride/archive/projects/PXD002825	False
PXD002842	671ae3ba2be915dbe240cae94255df2e2eb9b5a16b701ceb0276535d63bcfd08	pubmed	True	False	True	True	True	1341	0	350	2702	2230	https://www.ebi.ac.uk/pride/archive/projects/PXD002842	False
PXD002883	ffa874c3a43623df553a710dddf990fb7c34954ee3b006201530543c3b9dcd1f	pride	True	True	True	True	True	1701	28143	383	4563	4785	https://www.ebi.ac.uk/pride/archive/projects/PXD002883	False
PXD002960	0389c3d0b353aec16f335bed202b41976690fc0c92eff47d5633aba9e03d7f64	pride	True	True	True	True	True	80	2568	302	98	73	https://www.ebi.ac.uk/pride/archive/projects/PXD002960	False
PXD002966	f218178dcd74847c22281f8a31e664921aad5352c9f239ee1e5647888f1a7d2a	pubmed	True	False	True	True	True	1839	0	318	446	947	https://www.ebi.ac.uk/pride/archive/projects/PXD002966	False
PXD002990	b34e7babffc91118b42bbb52511b56cf1eeafa04c6b08f1f5081f686c61d1114	pride	True	True	True	True	True	1473	10054	301	4339	2631	https://www.ebi.ac.uk/pride/archive/projects/PXD002990	False
PXD003028	127d80de86616815533a13b6de069cd1e9d8b8223d29f21d9cd55c2da681e0c4	pride	True	True	True	True	True	1381	11926	333	1103	966	https://www.ebi.ac.uk/pride/archive/projects/PXD003028	False
PXD003053	a6bbb31e2cbfa76893db0a9d6425bbb3d4699ad0eb6d51ce8eefac6a61f7c707	pubmed	True	False	True	True	True	1454	0	170	934	753	https://www.ebi.ac.uk/pride/archive/projects/PXD003053	False
PXD003086	098240e8a09a3ea39325fdd50d00ad387f1e2854689903ed44d4230514cc76ee	pubmed	True	False	True	True	True	2055	0	370	1073	975	https://www.ebi.ac.uk/pride/archive/projects/PXD003086	False
PXD003120	90fbc926405c05265912cbe5d04f1a1f53c250549b531dc201f2ddfe29d4110d	pride	True	True	True	True	True	677	1238	380	498	538	https://www.ebi.ac.uk/pride/archive/projects/PXD003120	False
PXD003132	0e9af26292635ca4d1f3a009347c642ea0df6bc55aba304a4e0060f5f6805e5b	pubmed	True	False	True	True	True	1673	0	172	1519	1151	https://www.ebi.ac.uk/pride/archive/projects/PXD003132	False
PXD003215	1a3dfd12bd5e40c2de275f9c725c96404b0e8793cb1fe198a6fafc00236e2e22	pride	True	True	True	True	True	1290	7824	457	3801	1522	https://www.ebi.ac.uk/pride/archive/projects/PXD003215	False
PXD003226	22d7fea2598d4aadfbd58768c7163f8bb49272a3b9a2be6db4599ac944738cee	pride	True	True	True	True	True	108	17999	185	254	657	https://www.ebi.ac.uk/pride/archive/projects/PXD003226	False
PXD003252	762da2ecf803903960c604f8976d51ea9dc675c126c3e46cc6849113496af884	pride	True	True	True	True	True	666	12378	329	1538	1114	https://www.ebi.ac.uk/pride/archive/projects/PXD003252	False
PXD003276	7d9237601d46d5ce077b803c2475f191de8ec16a87d519975016fa7562477004	pubmed	True	False	True	True	True	1796	0	345	3850	2138	https://www.ebi.ac.uk/pride/archive/projects/PXD003276	False
PXD003293	7b193076b18a8bb4b75c16b726eeef2dca0663f84f564dc25cdbfad1c9e8130e	pride	True	True	True	True	True	171	16749	261	137	87	https://www.ebi.ac.uk/pride/archive/projects/PXD003293	False
PXD003295	3b43c0a50070226e570cb1812cf9ad50b78679f7b1b54a5b5e4e853255490925	pride	True	True	True	True	True	171	16749	239	137	87	https://www.ebi.ac.uk/pride/archive/projects/PXD003295	False
PXD003296	f091c6757a67439090fe41f629e2db8f1ac939a41e253adaee7b6b197e35ae15	pride	True	True	True	True	True	172	16749	260	174	91	https://www.ebi.ac.uk/pride/archive/projects/PXD003296	False
PXD003323	7b193076b18a8bb4b75c16b726eeef2dca0663f84f564dc25cdbfad1c9e8130e	pride	True	True	True	True	True	171	16749	261	137	87	https://www.ebi.ac.uk/pride/archive/projects/PXD003323	False
PXD003346	1acdd7a4794939834fdb061280fdf14d9113b942b1ff3ad35bb1a18ebe105013	pubmed	True	False	True	True	True	1471	0	336	1865	2663	https://www.ebi.ac.uk/pride/archive/projects/PXD003346	False
PXD003362	95ef73c7b4d584642b6bc97134a275a08d3b5a3f91df02228f805207ba6d7e10	pride	True	True	True	True	True	1302	8140	254	495	722	https://www.ebi.ac.uk/pride/archive/projects/PXD003362	False
PXD003406	a9c17111877feaedbda9e7855515784145496dae78c8156bff538066b4643807	pubmed	True	False	True	True	True	1843	0	378	4984	564	https://www.ebi.ac.uk/pride/archive/projects/PXD003406	False
PXD003407	f99c9b3e0cee672327e3adb5b4e2886ba69fa77e19c22e275e7bfe778c9fa156	pubmed	True	False	True	True	True	1843	0	414	4904	564	https://www.ebi.ac.uk/pride/archive/projects/PXD003407	False
PXD003408	8437db8b850f40491810a141b73d99d8e9344225d6cf3db1fbd639a7708ceacc	pubmed	True	False	True	True	True	1843	0	455	4975	564	https://www.ebi.ac.uk/pride/archive/projects/PXD003408	False
PXD003409	887e01f10c6ce1852b4385118820424dbfac861568e3cb3e84f7b273df0d4dd3	pubmed	True	False	True	True	True	1843	0	414	4999	564	https://www.ebi.ac.uk/pride/archive/projects/PXD003409	False
PXD003410	4167db6a481ef6c9c16dfaca6bd2a9970e2708a022a964775dff96fe39701e86	pubmed	True	False	True	True	True	1843	0	378	4187	564	https://www.ebi.ac.uk/pride/archive/projects/PXD003410	False
PXD003411	77f800f31676d701eeb111f3c1d584913a6192d67b27fdd3aa5b4292228b5d7c	pubmed	True	False	True	True	True	1843	0	378	4253	564	https://www.ebi.ac.uk/pride/archive/projects/PXD003411	False
PXD003412	ab193f13599d439bbaf9d2bc73b482e52a1c2b915efd643e582d28531c6bca55	pubmed	True	False	True	True	True	1843	0	380	4922	564	https://www.ebi.ac.uk/pride/archive/projects/PXD003412	False
PXD003413	35d26b6f43a069575b16aa48c0407a62b447075acf521e9ccf2433c1f383196b	pubmed	True	False	True	True	True	1843	0	344	4987	564	https://www.ebi.ac.uk/pride/archive/projects/PXD003413	False
PXD003414	ee3a92f8bf541ad24c471e944a71a9c7ca4bfcb52252c7e329ef940a0949c04f	pubmed	True	False	True	True	True	1843	0	380	4968	564	https://www.ebi.ac.uk/pride/archive/projects/PXD003414	False
PXD003415	565349fd1c6e685cdc7fa3ef5fb19f82c125e3fcb3c3775550d16ccd01cbcfdc	pubmed	True	False	True	True	True	1843	0	344	4996	564	https://www.ebi.ac.uk/pride/archive/projects/PXD003415	False
PXD003416	12ed820e6ac109f39035968b91fe83e16ca0f262bc0523ada6f71510595450f5	pubmed	True	False	True	True	True	1843	0	344	4132	564	https://www.ebi.ac.uk/pride/archive/projects/PXD003416	False
PXD003417	8376d8b94bd67e05605c850b71c9a8c864f0990d88a8792c258d3e20ffe9d97c	pubmed	True	False	True	True	True	1843	0	344	4198	564	https://www.ebi.ac.uk/pride/archive/projects/PXD003417	False
PXD003498	c58860563318945f76eb9f6c1602f43f50f97ce2198f35c1c81ed39ece3cd6e3	pride	True	True	True	True	True	532	21056	231	302	205	https://www.ebi.ac.uk/pride/archive/projects/PXD003498	False
PXD003531	1b61b247f1600e30d4507e47e4b5c43003d5439c0f5787510e45e2a7b192d4c0	pride	True	True	True	True	True	237	3763	342	192	86	https://www.ebi.ac.uk/pride/archive/projects/PXD003531	False
PXD003533	5cb603416322845220b5ac05d4e1bd9e3f8ab99d3a4e796aa62dee0bb629f390	pride	True	True	True	True	True	345	10210	237	2403	1705	https://www.ebi.ac.uk/pride/archive/projects/PXD003533	False
PXD003534	f4707766830af4ac0fda9f90c2f97e4fc7d2c81591f750cfed4051378321c011	pride	True	True	True	True	True	104	17004	312	1323	652	https://www.ebi.ac.uk/pride/archive/projects/PXD003534	False
PXD003544	8c16b6c8fc28e8696e0c3aac2c5e1dd257059c5e489c693a3dfcb3578cc41840	pride	True	True	True	True	True	1687	10337	402	783	360	https://www.ebi.ac.uk/pride/archive/projects/PXD003544	False
PXD003587	e0dfade37608b37b436c5c329f5de46a957585e26c7423d566128169b8124413	pride	True	True	True	True	True	307	14618	464	2165	1622	https://www.ebi.ac.uk/pride/archive/projects/PXD003587	False
PXD003594	d2d7c78bb6d48e483cbd812214f679ad084b9fe9841b7e420692bc86fe7df272	pride	True	True	True	True	True	924	6418	405	2566	1198	https://www.ebi.ac.uk/pride/archive/projects/PXD003594	False
PXD003657	ffeab3046e0ad9b963e6fa2741ebaf0d844a7f0dec93394a0d9168397b8ad456	pride	True	True	True	True	True	1273	8087	266	765	579	https://www.ebi.ac.uk/pride/archive/projects/PXD003657	False
PXD003660	ff5a4cdea1eeade43356b9479078b5ee42bccddb03f5d0494a6525347d33dd4f	pubmed	True	False	True	True	True	1718	0	390	619	461	https://www.ebi.ac.uk/pride/archive/projects/PXD003660	False
PXD003668	0cbda6f3ca652156fa45ad860c427cc138ac6449a729f611afd429fdf6a4ba12	pride	True	True	True	True	True	1051	13982	332	1127	2467	https://www.ebi.ac.uk/pride/archive/projects/PXD003668	False
PXD003963	9e3241320f6e0fe08417def7e30ee3152f1fba6cb566075fe32e55660490b168	pubmed	True	False	True	True	True	1941	0	323	4134	594	https://www.ebi.ac.uk/pride/archive/projects/PXD003963	False
PXD003965	727499d2634d027a4ecd48b86f4e01870bcdff8f60f020f8658c5c2091e93355	pubmed	True	False	True	True	True	1941	0	323	4199	594	https://www.ebi.ac.uk/pride/archive/projects/PXD003965	False
PXD003966	6b84310b4238d43bf72a37b11ce46f6ff041d684bf5caa440d99a747ebd64372	pubmed	True	False	True	True	True	1941	0	323	4701	594	https://www.ebi.ac.uk/pride/archive/projects/PXD003966	False
PXD003967	c8aa74a2e7298e7876fbd2f1d4072bb3ac13907b2aaff720258b9f34925c3a42	pubmed	True	False	True	True	True	1941	0	323	4963	594	https://www.ebi.ac.uk/pride/archive/projects/PXD003967	False
PXD003971	d573e0398a350a0a5796f13898ed988d95159762ead5d4b7356cec6e6e2ea2af	pubmed	True	False	True	True	True	1941	0	323	4332	594	https://www.ebi.ac.uk/pride/archive/projects/PXD003971	False
PXD003977	14ec5deb4ff43f025f96c4f1d51a58dd8da0a247e5f29f1b5754a4784c1c49df	pride	True	True	True	True	True	1310	10099	291	272	169	https://www.ebi.ac.uk/pride/archive/projects/PXD003977	False
PXD004001	966d294fdf42846199bcfecf68b2c6d4ec02ed5dc96d134ac587691558f3b2e0	pubmed	True	False	True	True	True	1758	0	281	3965	626	https://www.ebi.ac.uk/pride/archive/projects/PXD004001	False
PXD004059	ad0fb8876f2026b7ee6ea6db81f5e8dfe4ea19304c8802c99fcbafc51c8ddf2c	pubmed	True	False	True	True	True	1450	0	229	1222	1326	https://www.ebi.ac.uk/pride/archive/projects/PXD004059	False
PXD004143	78ffe7c6f05f7c3639c062a11a03022387758a829217edaeea2fabe50ba1d899	pride	True	True	True	True	True	455	13803	264	3512	1790	https://www.ebi.ac.uk/pride/archive/projects/PXD004143	False
PXD004154	126608da067edae98f3ac2ad2062a0ddd7d4eaf0322f4df0b88c5a33367882f8	pride	True	True	True	True	True	1079	2548	245	1296	1695	https://www.ebi.ac.uk/pride/archive/projects/PXD004154	False
PXD004280	16dfc3b366f8edd8510fdcfaa9695c46994d56d8b8f48c558dc42deb68371736	pubmed	True	False	True	True	True	1436	0	359	3585	1424	https://www.ebi.ac.uk/pride/archive/projects/PXD004280	False
PXD004320	c38d1713302528bf5bb6f654a1280b60f8b29de4ee7b553ed16021f2c72b6102	pride	True	True	True	True	True	140	19133	144	213	669	https://www.ebi.ac.uk/pride/archive/projects/PXD004320	False
PXD004334	b97a42128f52f5b06210c58e435756f1de808db6ca88e45b0ce82881034007af	pride	True	True	True	True	True	1249	12093	402	173	112	https://www.ebi.ac.uk/pride/archive/projects/PXD004334	False
PXD004355	439a95919f7d24683e49be8f41c7f57f7c35d260c248d162ffe681211dcaea45	pride	True	False	True	True	True	288	0	254	1803	643	https://www.ebi.ac.uk/pride/archive/projects/PXD004355	False
PXD004363	13120c78cfdd5bfa241b20ddecfc3e8096835611da6a5445df7bad35f736a2b8	pubmed	True	False	True	True	True	1325	0	179	4758	787	https://www.ebi.ac.uk/pride/archive/projects/PXD004363	False
PXD004415	0862bdd60b67f9a1065dcbc2e22ed7339254c9b1a2037bd26fc4779a648b8100	pubmed	True	False	True	True	True	1469	0	293	619	3324	https://www.ebi.ac.uk/pride/archive/projects/PXD004415	False
PXD004443	71d8597d848f1f66fe3082b7c8dfa7a1ee3e38707c02d85e2c46883eda3a991e	pride	True	True	True	True	True	322	22928	333	223	107	https://www.ebi.ac.uk/pride/archive/projects/PXD004443	False
PXD004540	d82f3cb5f8da7d611abb39bb75072b57b82d62e0faa48169d0f5a6cc9675f433	pubmed	True	False	True	True	True	1251	0	367	428	212	https://www.ebi.ac.uk/pride/archive/projects/PXD004540	False
PXD004624	b841f2e57fcda0d48b11cad6ca4c1ae5a32ca1b6f51b54773314c518c8dcecc2	pubmed	True	False	True	True	True	1817	0	381	2351	564	https://www.ebi.ac.uk/pride/archive/projects/PXD004624	False
PXD004625	8f406871354dc49984678d1d689fc397afe6c2ca4a9d7bdf2ca202fc6fa4f782	pubmed	True	False	True	True	True	1817	0	381	2350	564	https://www.ebi.ac.uk/pride/archive/projects/PXD004625	False
PXD004626	df3c070a5fa1488549e71c0e178cfd2c5211bd11582701114afa6405d2224ec9	pubmed	True	False	True	True	True	1817	0	362	2245	564	https://www.ebi.ac.uk/pride/archive/projects/PXD004626	False
PXD004682	ed4fd5514d4ee9d6ee84e65660ceba41c4c1484dce68942f79b0354de2efe84a	pride	True	True	True	True	True	234	11660	323	4846	3399	https://www.ebi.ac.uk/pride/archive/projects/PXD004682	False
PXD004683	080b5d1b45637009429ebbda7ed8b645457448019d92c329f4791a781d195d74	pride	True	True	True	True	True	234	11660	313	4846	3399	https://www.ebi.ac.uk/pride/archive/projects/PXD004683	False
PXD004713	85210687c6cc69932b27362358f9a12a4af43ebd76ff8547f88977a8d3580314	pride	True	True	True	True	True	406	7773	280	350	487	https://www.ebi.ac.uk/pride/archive/projects/PXD004713	False
PXD004764	b71470e77708449e70d783e2a00643fa84a7716e7ec58e10c9d033db3ab1670b	pubmed	True	False	True	True	True	1248	0	334	2129	564	https://www.ebi.ac.uk/pride/archive/projects/PXD004764	False
PXD004778	4199f7282529323edac45039814c6609a34f8186341fe8aaf3d467180debeba3	pubmed	True	False	True	True	True	1248	0	333	2140	564	https://www.ebi.ac.uk/pride/archive/projects/PXD004778	False
PXD004788	beba29955160abc40b72f8693e68f1748d4b4912d562f8820d0289dd3b750d11	pubmed	True	False	True	True	True	1248	0	333	2124	564	https://www.ebi.ac.uk/pride/archive/projects/PXD004788	False
PXD004796	aea960a4e1d7a9fa14cd473eb1d3225dbaf3d4a36df192a711f7fc8fa0862b0a	pubmed	True	False	True	True	True	1248	0	333	2122	564	https://www.ebi.ac.uk/pride/archive/projects/PXD004796	False
PXD005045	c6f3e6d0f5da1374a046b46606192f3ab99ca705b23628f13eead4b09f299b03	pubmed	True	False	True	True	True	1338	0	257	1383	495	https://www.ebi.ac.uk/pride/archive/projects/PXD005045	False
PXD005055	1f01f1e3acbc94bf86e7e098a3cf249d0e52cf54b30183ff8fe9b23505860ce0	pride	True	True	True	True	True	176	2358	231	87	65	https://www.ebi.ac.uk/pride/archive/projects/PXD005055	False
PXD005154	ca31075d31adaff22cff5bd5b9452299de64d76e6a1a75704d0d4f2fb001a90c	pride	True	True	True	True	True	504	15899	292	1043	1344	https://www.ebi.ac.uk/pride/archive/projects/PXD005154	False
PXD005187	052d6361c0c9dc8e1254049f5ea86e908b4ff693239228e168c7b210ed6da5bf	pride	True	True	True	True	True	102	17072	328	126	249	https://www.ebi.ac.uk/pride/archive/projects/PXD005187	False
PXD005190	58dbfdc74c61b17098b513feee37ce1cdbf9151484f56041219cd6d5b43faada	pride	True	True	True	True	True	1342	16320	210	732	571	https://www.ebi.ac.uk/pride/archive/projects/PXD005190	False
PXD005200	3f73a9edf0ddb04a5173942d21c5802a90422f210aeec7b0adba3d2659646e3a	pubmed	True	False	True	True	True	1689	0	234	679	174	https://www.ebi.ac.uk/pride/archive/projects/PXD005200	False
PXD005220	023515e8e48d272061f31c9f4ea818ab361126db45bc7065bf5ee41c27e4d4fd	pride	True	True	True	True	True	1211	7233	298	2310	495	https://www.ebi.ac.uk/pride/archive/projects/PXD005220	False
PXD005252	7bf57391c5eb9e476b5b4d1bfd0283deb4ebe555ec7dd9f9971770377e778aa5	pride	True	True	True	True	True	1230	20664	261	440	841	https://www.ebi.ac.uk/pride/archive/projects/PXD005252	False
PXD005301	70c5050454b3e3108778bcb05cd68662c23c9649b2f0616cc8e2e5716acc5629	pubmed	True	False	True	True	True	1796	0	442	2193	1500	https://www.ebi.ac.uk/pride/archive/projects/PXD005301	False
PXD005323	b2752d2b6de3cf4dac886a9202c9a3eadc574eafabd8172397cce47fb08dcf3c	pride	True	True	True	True	True	1423	11646	280	3033	1077	https://www.ebi.ac.uk/pride/archive/projects/PXD005323	False
PXD005354	eb8bf73fa02c537f7b37f90acdc0eaf62378cb73851676432ff3504bc0d02e9f	pride	True	True	True	True	True	989	22710	600	423	2262	https://www.ebi.ac.uk/pride/archive/projects/PXD005354	False
PXD005389	da4873affbf3aa4730141657eb120a639d89f3b54a760ed9ce6076ad2ce6c932	pubmed	True	False	True	True	True	789	0	323	2654	564	https://www.ebi.ac.uk/pride/archive/projects/PXD005389	False
PXD005436	3f719a7c9c08397e9243c129aac9aaf00c851c9e8831158c0c99018ac94da71a	pubmed	True	False	True	True	True	1161	0	353	2256	1048	https://www.ebi.ac.uk/pride/archive/projects/PXD005436	False
PXD005465	36b91d206baf4a36903bf6bac28bf897bd62b98e3a5ae455279d1628acabad3b	pubmed	True	False	True	True	True	1800	0	249	357	496	https://www.ebi.ac.uk/pride/archive/projects/PXD005465	False
PXD005508	f9993dc49fb8997f6c976ba14f51eb5755cadd27bc462afed4a620e01b44917a	pride	True	True	True	True	True	115	9218	206	3599	364	https://www.ebi.ac.uk/pride/archive/projects/PXD005508	False
PXD005521	8bfb581301d6b3133a746a68c444a7c47a0194fb4877170374d1257ccf1435e6	pride	True	False	True	True	True	737	0	241	1313	1287	https://www.ebi.ac.uk/pride/archive/projects/PXD005521	False
PXD005544	638d329f3221aeea90f750508b24b4a5609ddf2495845dbca0273ef2f1eab71a	pubmed	True	False	True	True	True	1822	0	449	4581	3474	https://www.ebi.ac.uk/pride/archive/projects/PXD005544	False
PXD005554	698029b0465aedd9d8c5d026cd083b374f454fecf34cfd2d8eb1497f07d3c3c7	pride	True	True	True	True	True	555	7367	371	528	1149	https://www.ebi.ac.uk/pride/archive/projects/PXD005554	False
PXD005590	34599b86714122345731d730061a55a43f1d0be37d7ef25f6345fafeb0c7e225	pride	True	True	True	True	True	394	5730	253	532	259	https://www.ebi.ac.uk/pride/archive/projects/PXD005590	False
PXD005650	730ec5959d022e66d52e92c6fff45f9f7eed5ab20384dbf984dcd15e079b3349	pride	True	False	True	True	True	1488	0	336	1206	1674	https://www.ebi.ac.uk/pride/archive/projects/PXD005650	False
PXD005693	5402ad31ad01a1f1c1711f30f2833402feb32def0618db1d51077d84f0c3d555	pride	True	True	True	True	True	1068	19084	293	2629	680	https://www.ebi.ac.uk/pride/archive/projects/PXD005693	False
PXD005709	dc6003c471ca62e0a9e03678dfa65f948ed2beef58d5e1135f619bde84fa7746	pride	True	True	True	True	True	1068	19084	310	2694	680	https://www.ebi.ac.uk/pride/archive/projects/PXD005709	False
PXD005733	6946d93269076ee62377ab6fbe85df25e806bab0a035577aa865b803738e4609	pride	True	True	True	True	True	526	11660	303	4877	3399	https://www.ebi.ac.uk/pride/archive/projects/PXD005733	False
PXD005739	40e9a47799c1e64ae455a6b3590ea78b77b5d963afc23e1d9e0dcd922291d9a6	pubmed	True	False	True	True	True	1534	0	275	91	64	https://www.ebi.ac.uk/pride/archive/projects/PXD005739	False
PXD005753	0c028a9c3cce99fda60cbd62138b76a82eab805a42baf2892d47fa251a01b5b0	pride	True	True	True	True	True	866	12403	1549	1564	741	https://www.ebi.ac.uk/pride/archive/projects/PXD005753	False
PXD005755	ac7755c4d14482de12717854dc1e739181367905ec3a636036ff76dd988f0487	pride	True	True	True	True	True	445	13698	294	670	1002	https://www.ebi.ac.uk/pride/archive/projects/PXD005755	False
PXD005914	8a2cc0908f0d4883dc37cca01010895dde15d622f8edf830229bec20b7dde42d	pride	True	False	True	True	True	63	0	292	2718	1195	https://www.ebi.ac.uk/pride/archive/projects/PXD005914	False
PXD005944	aa2aceb0687669e9251ab3c6aea5bbf0fb56798cf70971b673ed29f2a49b3778	pride	True	False	True	True	True	286	0	291	3096	670	https://www.ebi.ac.uk/pride/archive/projects/PXD005944	False
PXD005945	23ffb739134fd5b8f6e5573d87c088a4635af16e7a19b397ca0d751914d727f9	pride	True	False	True	True	True	1439	0	321	3128	671	https://www.ebi.ac.uk/pride/archive/projects/PXD005945	False
PXD005981	87e646e98c0742c967dc47435aa4b75efd062c56e6ecbf501c6964efc6fc8911	pride	True	True	True	True	True	439	9907	173	325	372	https://www.ebi.ac.uk/pride/archive/projects/PXD005981	False
PXD006035	34e7d33c00072cc9f577f9197fbb3db647cbcc52fb129dfff9d48bd070cfd427	pubmed	True	False	True	True	True	1248	0	338	547	924	https://www.ebi.ac.uk/pride/archive/projects/PXD006035	False
PXD006095	ae38dabdfa67d5349b9be8a92c7dfaabd591fc05b304f540162b1a8927e2ed05	pride	True	True	True	True	True	902	12641	355	4663	3473	https://www.ebi.ac.uk/pride/archive/projects/PXD006095	False
PXD006114	f30c1c0005bd8ca5717524bfe38bd1e4186ceb69433f9ebba0a02c9e4653ccfa	pride	True	True	True	True	True	206	14569	409	374	148	https://www.ebi.ac.uk/pride/archive/projects/PXD006114	False
PXD006178	b5929b44b1cc84929fd81a53ed1393a8d2f1d9c0b1546c09275010eba618c58c	pubmed	True	False	True	True	True	1382	0	438	2108	859	https://www.ebi.ac.uk/pride/archive/projects/PXD006178	False
PXD006179	4f37ac968431d5e3356f5d00fbaaaaed6d7875b19f21c7d2821bab2542a382fa	pride	True	False	True	True	True	355	0	271	310	224	https://www.ebi.ac.uk/pride/archive/projects/PXD006179	False
PXD006201	cc8c1cbbab8d40c4b0afae79b1a63b11e8ed68d6425747e647539b204d0c7a5f	pride	True	False	True	True	True	341	0	447	1896	1626	https://www.ebi.ac.uk/pride/archive/projects/PXD006201	False
PXD006233	b033e24e0cf84924542dd3a5cbd4011a7708bcb6cd034c877f7888b2006da799	pride	True	True	True	True	True	309	11412	340	216	51	https://www.ebi.ac.uk/pride/archive/projects/PXD006233	False
PXD006265	01bf5861c0d8c637de72ef4a34bfced08b90e6ad29b7c24276b7bf3cd185b395	pride	True	True	True	True	True	138	11322	258	88	65	https://www.ebi.ac.uk/pride/archive/projects/PXD006265	False
PXD006268	85dd61844ab3b6043dbddae76d81af67fd0d10dbcef967218f5d5318e563c30d	pride	True	True	True	True	True	898	17466	354	937	584	https://www.ebi.ac.uk/pride/archive/projects/PXD006268	False
PXD006269	ec88cc195c969ad17d61f48a0300bb2747ef8ed52e4398c5e6e98569ba8c7715	pride	True	False	True	True	True	53	0	335	84	62	https://www.ebi.ac.uk/pride/archive/projects/PXD006269	False
PXD006299	2458e46404db9215850a1346904a8073c503e24f7da3033f476533d600ea1d97	pride	True	False	True	True	True	341	0	404	1918	1626	https://www.ebi.ac.uk/pride/archive/projects/PXD006299	False
PXD006335	b755d4805acf2cda10aee7a1e54abe7404cb5de2f51d2269de7f2e2ec0edc2e6	pride	True	True	True	True	True	1010	23516	321	2587	202	https://www.ebi.ac.uk/pride/archive/projects/PXD006335	False
PXD006371	3af3e83eca0a430fc96c24e9dfd2f146cfff6cb9b8cce75c3338536e3be87d89	pride	True	True	True	True	True	1135	8557	209	1281	1155	https://www.ebi.ac.uk/pride/archive/projects/PXD006371	False
PXD006386	50591fca2b0526af5ea34c81fd2e085ede5f01e516cbc69e33f5c025589d95bb	pride	True	True	True	True	True	491	13769	219	1196	557	https://www.ebi.ac.uk/pride/archive/projects/PXD006386	False
PXD006401	93e3b97e8163784a165c6b6488bedb8aa42c61e77161e95167faba79e91b7903	pride	True	True	True	True	True	614	9195	336	737	1132	https://www.ebi.ac.uk/pride/archive/projects/PXD006401	False
PXD006404	940396943761f71e9c5bb67dff60df682c561690073398e9bc0c8de8832c8cd2	pubmed	True	False	True	True	True	1578	0	260	1680	102	https://www.ebi.ac.uk/pride/archive/projects/PXD006404	False
PXD006419	1deb83ad9039073fbe85375956eb643019599ea9b79d7d2a2340b87834fce238	pride	True	True	True	True	True	1346	13050	218	3313	924	https://www.ebi.ac.uk/pride/archive/projects/PXD006419	False
PXD006421	72e694a45445eed0b438df3271cf5458fcf6d189d3bbb8e492ab3b02dc58a27b	pubmed	True	False	True	True	True	1314	0	287	1755	560	https://www.ebi.ac.uk/pride/archive/projects/PXD006421	False
PXD006447	94371905ab0353311dc43f32f2d95201e36a6d9a9c6ae75a4907660ed46bfe45	pride	True	True	True	True	True	406	17718	261	1286	621	https://www.ebi.ac.uk/pride/archive/projects/PXD006447	False
PXD006465	0a21142282bac8bd1c2012ae08188da9f2f1813273ba2fd2d0897514b871172f	pubmed	True	False	True	True	True	1684	0	257	977	636	https://www.ebi.ac.uk/pride/archive/projects/PXD006465	False
PXD006476	00f0caaa01f153d1635cc3b03256eebe093d07046055dc93cb131bb0d51c0385	pubmed	True	False	True	True	True	1028	0	420	1117	361	https://www.ebi.ac.uk/pride/archive/projects/PXD006476	False
PXD006497	2e954e4ffa5dfc0faa28d4f04be6e91e1d9a8ed467f3f128cbeda75840843be1	pride	True	True	True	True	True	169	9090	274	1064	531	https://www.ebi.ac.uk/pride/archive/projects/PXD006497	False
PXD006517	70f7aab1ae3d06764be8c22c0c286c5db66ed195051e2da0bc768a556f91fa8f	pubmed	True	False	True	True	True	1701	0	230	76	112	https://www.ebi.ac.uk/pride/archive/projects/PXD006517	False
PXD006522	70f7aab1ae3d06764be8c22c0c286c5db66ed195051e2da0bc768a556f91fa8f	pubmed	True	False	True	True	True	1701	0	230	76	112	https://www.ebi.ac.uk/pride/archive/projects/PXD006522	False
PXD006561	41640f7e293a3e83c6cde5ced1f01c4e4d8d16771cbce7a6e21aa82587332b5b	pride	True	True	True	True	True	728	9816	287	1829	1156	https://www.ebi.ac.uk/pride/archive/projects/PXD006561	False
PXD006570	9ac304c20be1af21cc1fefa50470e45ee235030486a699106ee002e3ce0c56bc	pubmed	True	False	True	True	True	2126	0	367	4660	591	https://www.ebi.ac.uk/pride/archive/projects/PXD006570	False
PXD006571	5f6cacdce5f93804c8038a784a395dce5620f59e3e64b219e662c02bc6b19873	pubmed	True	False	True	True	True	2126	0	367	4730	591	https://www.ebi.ac.uk/pride/archive/projects/PXD006571	False
PXD006572	9ac304c20be1af21cc1fefa50470e45ee235030486a699106ee002e3ce0c56bc	pubmed	True	False	True	True	True	2126	0	367	4660	591	https://www.ebi.ac.uk/pride/archive/projects/PXD006572	False
PXD006576	5f6cacdce5f93804c8038a784a395dce5620f59e3e64b219e662c02bc6b19873	pubmed	True	False	True	True	True	2126	0	367	4730	591	https://www.ebi.ac.uk/pride/archive/projects/PXD006576	False
PXD006578	7cfcbcf026fb6d51ca6368bfd0d3d0c65071913dab78fb6f4dce4e4a17aa3189	pubmed	True	False	True	True	True	2126	0	386	4618	591	https://www.ebi.ac.uk/pride/archive/projects/PXD006578	False
PXD006581	1c509eaec373499f7634268407cd340da043658ba713612d17f5ab9cffd63de7	pride	True	True	True	True	True	1519	5172	413	606	299	https://www.ebi.ac.uk/pride/archive/projects/PXD006581	False
PXD006589	29b77c2727d6b560d6969d9d410ac7c22c9ef5cb620eee92ffc2b95477510d9b	pubmed	True	False	True	True	True	2126	0	407	4688	591	https://www.ebi.ac.uk/pride/archive/projects/PXD006589	False
PXD006590	7e7e4e998628ff589b03bf19d9b532186142f0f714c77a816ff3ba964392cb62	pubmed	True	False	True	True	True	2126	0	389	3509	591	https://www.ebi.ac.uk/pride/archive/projects/PXD006590	False
PXD006591	fa6b71f33dca3b4f7c50600446cd23fc334ad4a8975a9901eb81296c4c539182	pubmed	True	False	True	True	True	2126	0	372	3439	591	https://www.ebi.ac.uk/pride/archive/projects/PXD006591	False
PXD006607	0616d7190b85b35bdfdb14771fa580fab09636b7734b946a6159b31adfc03a24	pubmed	True	False	True	True	True	964	0	326	3067	1287	https://www.ebi.ac.uk/pride/archive/projects/PXD006607	False
PXD006672	cc69e79a8c4abb8f1d7929d3871dae6c95b819780afc8f88de4ec4a51deb9b44	pubmed	True	False	True	True	True	1640	0	370	1208	1031	https://www.ebi.ac.uk/pride/archive/projects/PXD006672	False
PXD006675	38847f616efae6605ab5f9619e378667f3eb8214c29cfb7903344dc48c14e775	pride	True	True	True	True	True	958	17906	212	297	369	https://www.ebi.ac.uk/pride/archive/projects/PXD006675	False
PXD006697	84a49d2275113c708882bd0ca749145ba239b2dfa3683ba862f6c8f65ed21f00	pride	True	True	True	True	True	255	13865	313	348	102	https://www.ebi.ac.uk/pride/archive/projects/PXD006697	False
PXD006723	d28f2c048cfbc6016b304297387bd45ec78e3ef5ff89dc7ffcd7ce86277d5f8d	pride	True	False	True	True	True	241	0	423	527	283	https://www.ebi.ac.uk/pride/archive/projects/PXD006723	False
PXD006738	c25bda956cba93312d5d7178797cbdafe4618e7bc5fd9e9b7782d2dcdacd59bc	pride	True	True	True	True	True	2099	14745	212	2129	586	https://www.ebi.ac.uk/pride/archive/projects/PXD006738	False
PXD006743	b8aabb1c8fc8a398254a4b755456962e09f1ae49b7e11b117b436727b6b4c3fa	pubmed	True	False	True	True	True	1877	0	399	1743	971	https://www.ebi.ac.uk/pride/archive/projects/PXD006743	False
PXD006769	a1023ccc0940d912e2fd756aa19d7ee7a0d32ddc955d4ee8d5d99d7e56a967d4	pride	True	True	True	True	True	180	21647	433	368	174	https://www.ebi.ac.uk/pride/archive/projects/PXD006769	False
PXD006770	219b049d48648d3a2ae25f7a6614e81de7c461e356da0f55aaa3c8532945889f	pubmed	True	False	True	True	True	1209	0	444	2886	1362	https://www.ebi.ac.uk/pride/archive/projects/PXD006770	False
PXD006776	601b30304474ac56639175a0cb4581bfb06633ae3f2dc929a34837b003cb2a68	pride	True	True	True	True	True	1547	9383	355	2016	591	https://www.ebi.ac.uk/pride/archive/projects/PXD006776	False
PXD006788	41bab626cb3927a4e56fb7454dd108c79e12a84d6ede8970e2ff44387ff66acc	pride	True	True	True	True	True	424	24939	307	1844	1084	https://www.ebi.ac.uk/pride/archive/projects/PXD006788	False
PXD006805	f1bbaeb24daec0abb11e4638a059c90e3541764fddce03676b585fc8c4a3578c	pubmed	True	False	True	True	True	1638	0	400	508	804	https://www.ebi.ac.uk/pride/archive/projects/PXD006805	False
PXD006833	9d8d918bc006ef3fc2b8dc2304e828070a2f5b1d92cb8927c8f855c5732df130	pubmed	True	False	True	True	True	1139	0	264	1154	679	https://www.ebi.ac.uk/pride/archive/projects/PXD006833	False
PXD006847	0e4b4214c2bd6e2518b956dd2417ef92e121a0bdeb20a6938a707d41ace7e19c	pride	True	True	True	True	True	97	17672	225	61	109	https://www.ebi.ac.uk/pride/archive/projects/PXD006847	False
PXD006856	4ad5caff37d904ae3d0f633fc89f2fdde0a37648280de12837dcfe6ee2278936	pride	True	True	True	True	True	1363	298	363	4056	2505	https://www.ebi.ac.uk/pride/archive/projects/PXD006856	False
PXD006863	4950b8e2e4980a677dbec2a69bc02ee8ab26f75303bc75407ec606caf9181034	pride	True	True	True	True	True	847	15476	294	4934	3565	https://www.ebi.ac.uk/pride/archive/projects/PXD006863	False
PXD006897	33dd1fef0777abda5a2be91c54f8e5e14abedf0a1e24abdbdc10f1765c53f72e	pubmed	True	False	True	True	True	1701	0	207	168	94	https://www.ebi.ac.uk/pride/archive/projects/PXD006897	False
PXD006911	e3801b4406518c358f78caf52c183d5fc580f6345b1f6f5c0afdd810e1271c16	pride	True	True	True	True	True	1035	11765	193	1756	1471	https://www.ebi.ac.uk/pride/archive/projects/PXD006911	False
PXD007049	efffabd650d02d1b6d033943149143578d7cd147a159a1da082bd1f795cd0933	pride	True	False	True	True	True	998	0	274	3333	1182	https://www.ebi.ac.uk/pride/archive/projects/PXD007049	False
PXD007080	077cf5a7011ec5d5a6fed2f1c7e680245ffcd26932adf3702ef6c7228bfa5e72	pride	True	True	True	True	True	98	9154	218	125	96	https://www.ebi.ac.uk/pride/archive/projects/PXD007080	False
PXD007081	f29e351c5f80aaf8942075f2b2e88da0556079207b0fbcd7ccdde2428ba16157	pride	True	True	True	True	True	143	9154	204	143	93	https://www.ebi.ac.uk/pride/archive/projects/PXD007081	False
PXD007122	100ec8589e6c0aed6dcaa858a594c2ffc71fe303790bbaf285891ded51632f4f	pubmed	True	False	True	True	True	1939	0	180	836	1577	https://www.ebi.ac.uk/pride/archive/projects/PXD007122	False
PXD007123	100ec8589e6c0aed6dcaa858a594c2ffc71fe303790bbaf285891ded51632f4f	pubmed	True	False	True	True	True	1939	0	180	836	1577	https://www.ebi.ac.uk/pride/archive/projects/PXD007123	False
PXD007137	7c9562b16ea5039cd1eb58b8ca1afc5c45b24715364c3a0bc6dbb8e596dc452e	pride	True	True	True	True	True	300	19666	421	3895	1036	https://www.ebi.ac.uk/pride/archive/projects/PXD007137	False
PXD007149	dc96c262d9882ebe54c79224487b572e9f87f33f0aa9e147b3fb8374100f4c56	pubmed	True	False	True	True	True	1014	0	192	2538	1040	https://www.ebi.ac.uk/pride/archive/projects/PXD007149	False
PXD007153	e6948582345ad37639bbdb0b599491acabeb03acf8f13dddc820402448dc4c57	pubmed	True	False	True	True	True	1227	0	223	3706	3574	https://www.ebi.ac.uk/pride/archive/projects/PXD007153	False
PXD007160	59e097f16d749cd93c96c47bee68f4b35dfd406301e5c540b58aacfc9eedc97f	pride	True	True	True	True	True	1181	23787	354	4612	1551	https://www.ebi.ac.uk/pride/archive/projects/PXD007160	False
PXD007165	b03e827d99925dd1e5b864de0eb618f622fd255734e3f92a10b0b2fae83fd313	pubmed	True	False	True	True	True	566	0	311	3389	890	https://www.ebi.ac.uk/pride/archive/projects/PXD007165	False
PXD007231	99a61d8d5315bda4c571acf9d38bce79fa825e1d5cb66e7b46eed41f59d4ab06	pride	True	True	True	True	True	652	11161	330	2102	2207	https://www.ebi.ac.uk/pride/archive/projects/PXD007231	False
PXD007234	7e5471a4e4a1e9fd3495e12cb800b4e1b8e00d9fe25b17d13316c578ec73eb50	pubmed	True	False	True	True	True	1504	0	341	4360	2415	https://www.ebi.ac.uk/pride/archive/projects/PXD007234	False
PXD007258	dd87940072917d4edf3c4e82987cd4aa5aeaed13b6977f23935683dbf3db4dbc	pride	True	True	True	True	True	457	1986	349	715	690	https://www.ebi.ac.uk/pride/archive/projects/PXD007258	False
PXD007262	65f6aad88b9b06eb57ee3e273fd27ae4054493247f2497d62f14f8b8a6f1bf1c	pride	True	True	True	True	True	1545	17926	319	1337	110	https://www.ebi.ac.uk/pride/archive/projects/PXD007262	False
PXD007270	0c096f37d371a0df19f9bd22bb6a9e8aed34a89921ef7b4d45f249b0634bea55	pride	True	True	True	True	True	1099	27569	207	2050	289	https://www.ebi.ac.uk/pride/archive/projects/PXD007270	False
PXD007271	42da21318f98ca3ab760eba2737b78ae7fbb0cf3ae3b01b59c560aecfe371705	pride	True	True	True	True	True	1212	27569	217	2699	124	https://www.ebi.ac.uk/pride/archive/projects/PXD007271	False
PXD007515	62a2b31ac7c475e0e93ecd1cdc514d89e23077929188ef761988c9056f48c2c4	pubmed	True	False	True	True	True	1066	0	506	1065	1777	https://www.ebi.ac.uk/pride/archive/projects/PXD007515	False
PXD007543	543751b9a517d028761f94f72710dae3d10b4bc0c738eafb20f71f55683d9889	pride	True	True	True	True	True	1059	22317	303	4310	1849	https://www.ebi.ac.uk/pride/archive/projects/PXD007543	False
PXD007580	8163db974e3a401e22032bb124c988675affa9502bacf508c5ac16c99dc5473d	pride	True	False	True	True	True	524	0	300	605	768	https://www.ebi.ac.uk/pride/archive/projects/PXD007580	False
PXD007592	fb7ad0e5bae374e105c29cedff0b68cb648bdaf303b63a8c51a919047ea873ed	pride	True	True	True	True	True	1955	15577	355	3596	591	https://www.ebi.ac.uk/pride/archive/projects/PXD007592	False
PXD007594	fb41287a7d2c9bdef2114170c9f3dee17e6d563e4807d07b0f4ea5696d230ff2	pride	True	True	True	True	True	1106	28840	336	3333	617	https://www.ebi.ac.uk/pride/archive/projects/PXD007594	False
PXD007624	7e28253a5f3f4ffd2c8e3ab076049a9524bb3ba5809a0bffc3d0c65351a98377	pubmed	True	False	True	True	True	1331	0	279	1028	1220	https://www.ebi.ac.uk/pride/archive/projects/PXD007624	False
PXD007643	96c64b83d8ea2da9c3af202583a4c4dc68718ee4f59f070c7060bba5a1120ccd	pubmed	True	False	True	True	True	2514	0	313	1274	902	https://www.ebi.ac.uk/pride/archive/projects/PXD007643	False
PXD007662	76124170c3c272cbb334d2f702caf3e8793dcd91ef4009ef92c966807ab42ab2	pubmed	True	False	True	True	True	1456	0	256	1036	2648	https://www.ebi.ac.uk/pride/archive/projects/PXD007662	False
PXD007671	b35289a68d8b3bd080d4c56e4141bb0de1ea91a4ebd6750b04904538ef031805	pride	True	True	True	True	True	84	23095	279	3090	928	https://www.ebi.ac.uk/pride/archive/projects/PXD007671	False
PXD007675	70e14bd54756f8e20233bb2506d37b922e2db77d82d838c80f6b4bc58dec3a0d	pride	True	True	True	True	True	1302	21056	191	403	304	https://www.ebi.ac.uk/pride/archive/projects/PXD007675	False
PXD007679	8d274d666567d012ed93f4b61f175a5efa7e117901d1325ac29a52f93d45ec38	pubmed	True	False	True	True	True	1722	0	420	2410	865	https://www.ebi.ac.uk/pride/archive/projects/PXD007679	False
PXD007705	8dab4bdbfbcf42e980515a57fad761d0aadbb7bd52361f60cf6271e01b03e8b5	pride	True	True	True	True	True	522	14384	380	749	1013	https://www.ebi.ac.uk/pride/archive/projects/PXD007705	False
PXD007726	cb00268f155d09236863ae7e180065408881feca25e8760894bf7b1e8d2d8249	pride	True	True	True	True	True	1118	10412	352	1990	532	https://www.ebi.ac.uk/pride/archive/projects/PXD007726	False
PXD007732	bd1d90c73b7f987f193625907e3720a3a5f8c9a69e13468b26fc04e2136ab6b4	pubmed	True	False	True	True	True	1476	0	324	777	1557	https://www.ebi.ac.uk/pride/archive/projects/PXD007732	False
PXD007738	752b577b949b29ce49dfd6b34944abddcced3f1d93a82d451ad3380146a71506	pride	True	True	True	True	True	1233	27569	275	548	810	https://www.ebi.ac.uk/pride/archive/projects/PXD007738	False
PXD007740	a63f1c5f27227fee7d862051d7fcb56617782630d530fe58262dd693c1cebc5a	pubmed	True	False	True	True	True	1325	0	325	2370	1773	https://www.ebi.ac.uk/pride/archive/projects/PXD007740	False
PXD007744	ea100d06b477d4a6816403bdf792f71ca03cb8acd969faf6daa6dc4853604b58	pubmed	True	False	True	True	True	1117	0	311	3763	1261	https://www.ebi.ac.uk/pride/archive/projects/PXD007744	False
PXD007745	266bfe401927f82fc2c4942594f4f7c92d366d5f55c3ed77c0447e0e5db2a7b5	pubmed	True	False	True	True	True	1117	0	312	3721	1257	https://www.ebi.ac.uk/pride/archive/projects/PXD007745	False
PXD007750	4bb6224683ff3ee94811b112d8372f93df984425e033e46e307161bbf59e2ea7	pride	True	True	True	True	True	198	14887	233	2042	945	https://www.ebi.ac.uk/pride/archive/projects/PXD007750	False
PXD007759	2f68a02e8c693873245472ff1c8431e4b454e906b6292f5899d6077128e3c029	pride	True	True	True	True	True	355	6740	337	3219	1057	https://www.ebi.ac.uk/pride/archive/projects/PXD007759	False
PXD007761	00ad79c43764f99f104a642105cbbf32639399cb59c9ef65620b95919d681875	pubmed	True	False	True	True	True	989	0	311	404	470	https://www.ebi.ac.uk/pride/archive/projects/PXD007761	False
PXD007762	8d9ed8b522d412b4cb09bcbfe7155937ddab9ebd7d42e663c995e6c7515b7e50	pride	True	False	True	True	True	1099	0	419	4625	961	https://www.ebi.ac.uk/pride/archive/projects/PXD007762	False
PXD007842	e97fb46fcf552f00084d80edbc4bc89904f811cf1e613506565d706b6a10917a	pubmed	True	False	True	True	True	3526	0	391	1007	2379	https://www.ebi.ac.uk/pride/archive/projects/PXD007842	False
PXD007846	f00a82ae4bd2510f88a2428afd2d3e9bfe665f35c9d53fac42491737c425b7b8	pubmed	True	False	True	True	True	1641	0	336	3292	1108	https://www.ebi.ac.uk/pride/archive/projects/PXD007846	False
PXD007873	2a0894f958a13189ce58561919dfe1bb1faa335954740f7fc1f79870ce203fc4	pubmed	True	False	True	True	True	1195	0	267	1732	720	https://www.ebi.ac.uk/pride/archive/projects/PXD007873	False
PXD007890	542cc9caa3f0ca9a8775e489d62f5a59aa832b55e2f9343cd97deaef65115d4c	pride	True	True	True	True	True	2316	19330	357	3930	2221	https://www.ebi.ac.uk/pride/archive/projects/PXD007890	False
PXD007896	92b37597b6c0d6d1f4389d1c415a5a53b548cc2afb611c74f3372aeb5d5b8972	pubmed	True	False	True	True	True	2085	0	322	1103	1363	https://www.ebi.ac.uk/pride/archive/projects/PXD007896	False
PXD007898	b6f33ffe4a63eefb959c74061487f1b87baa209fa5e9e0e91fa0e4ce50c57770	pubmed	True	False	True	True	True	1193	0	434	375	258	https://www.ebi.ac.uk/pride/archive/projects/PXD007898	False
PXD007906	cd92571e88e1a7a628166eac3b2ba4fb68067b9dfdb692d50fccb9bac5781028	pride	True	True	True	True	True	1175	13501	220	4632	4267	https://www.ebi.ac.uk/pride/archive/projects/PXD007906	False
PXD007921	62e89b8af5329ea4c0f63e8721cf1ba9a9a6bed3bc00b7ad6887524b16d7f6ef	pride	True	False	True	True	True	1545	0	368	693	597	https://www.ebi.ac.uk/pride/archive/projects/PXD007921	False
PXD007959	6bc4971b7a256cf2eabe47a104f864096cd25934df5bb6f7143fe5124101e89e	pride	True	True	True	True	True	176	13772	257	774	128	https://www.ebi.ac.uk/pride/archive/projects/PXD007959	False
PXD007975	27a8e087c2aa7c57977781c30eb63fca65503f5634ac373ab198eefb5610f4a4	pride	True	True	True	True	True	1455	8602	281	622	926	https://www.ebi.ac.uk/pride/archive/projects/PXD007975	False
PXD007990	6d7eaf9396edd01c46c3c19c97392f94f6c5e6480ce11aed9636166a6f3f49dc	pride	True	False	True	True	True	82	0	337	172	2043	https://www.ebi.ac.uk/pride/archive/projects/PXD007990	False
PXD008003	ac461874ec9f33d50ef07bf762ba621c0ae43408cb6bb0cce6999aab951d830c	pride	True	True	True	True	True	1154	33328	410	3114	3921	https://www.ebi.ac.uk/pride/archive/projects/PXD008003	False
PXD008012	58a02268623f8c03288289b7d93b3fbdf70552244015a05bf812afd6f28056cf	pride	True	True	True	True	True	1210	28763	343	161	72	https://www.ebi.ac.uk/pride/archive/projects/PXD008012	False
PXD008029	4e21113415aa8ce2b4c3200b3cbf52195c8befd25e2ec5bc25d53e9706e22dbb	pubmed	True	False	True	True	True	1491	0	427	302	547	https://www.ebi.ac.uk/pride/archive/projects/PXD008029	False
PXD008033	e9a34145c4fd5b8bb4dc9a9125b7ce7d55f8a8cd197c53e644a44e877b329f4d	pride	True	True	True	True	True	1246	17807	385	1433	3383	https://www.ebi.ac.uk/pride/archive/projects/PXD008033	False
PXD008035	9591bfe6bbc10ee94bb40256695b652487c196a2c81383b88742846c69f43877	pride	True	True	True	True	True	1401	6712	349	1640	1250	https://www.ebi.ac.uk/pride/archive/projects/PXD008035	False
PXD008076	32458ba4187c96e456834f754f69d93af6a37a32f9860c4dd80d7390036c3f43	pubmed	True	False	True	True	True	1501	0	247	583	1236	https://www.ebi.ac.uk/pride/archive/projects/PXD008076	False
PXD008079	e6936b003f6e5d6fc5aab56807d7a7e38915803f4ca855d2d51888006e30cf3b	pubmed	True	False	True	True	True	1380	0	403	4122	2685	https://www.ebi.ac.uk/pride/archive/projects/PXD008079	False
PXD008115	63de7fd07bbeb5cba6730559e33c7a6afea9ecb4d8bc172c90f87ab06f5dd02d	pride	True	True	True	True	True	98	21287	240	68	92	https://www.ebi.ac.uk/pride/archive/projects/PXD008115	False
PXD008127	92907266794e5674217f75179a99568df6d1509a2f3e72161d5b4dc75274637e	pubmed	True	False	True	True	True	1804	0	421	3499	1729	https://www.ebi.ac.uk/pride/archive/projects/PXD008127	False
PXD008130	8e8a210b6dd752a469cebd0d32bfa5d9d87391cedddcd28da4fe46b1da68b960	pubmed	True	False	True	True	True	1268	0	335	2498	1909	https://www.ebi.ac.uk/pride/archive/projects/PXD008130	False
PXD008131	69603c2292edb6c3fb9a5087aafe3b78c7e77732603220e4f204582fcea4406f	pride	True	True	True	True	True	67	21287	231	263	127	https://www.ebi.ac.uk/pride/archive/projects/PXD008131	False
PXD008147	6dcfdd22c97d6bfb4094fced27634f0ada0a03e92dd0a80babb2e4d8e5237870	pride	True	True	True	True	True	1038	18037	319	2875	1138	https://www.ebi.ac.uk/pride/archive/projects/PXD008147	False
PXD008150	9ee328a0d52985a337848f9251750ac018aa6c5ae178800985ef48d6c22ec1d6	pride	True	True	True	True	True	1133	20435	242	220	270	https://www.ebi.ac.uk/pride/archive/projects/PXD008150	False
PXD008178	6381da53ad3f15c357686488420a95fd6648343b0397eda970a240d6a5102027	pride	True	True	True	True	True	571	13420	216	2844	1418	https://www.ebi.ac.uk/pride/archive/projects/PXD008178	False
PXD008197	f64c9352b61debfa6a5cc94da205484fcc4bab296388fd0223e09f9de6115555	pride	True	False	True	True	True	1007	0	358	1853	469	https://www.ebi.ac.uk/pride/archive/projects/PXD008197	False
PXD008205	de3780c62008bdb5ff90115e69af874042f9c668863bdc95d42c87db198d6b59	pride	True	True	True	True	True	1288	3832	232	2483	1965	https://www.ebi.ac.uk/pride/archive/projects/PXD008205	False
PXD008217	ce0d39cc34cde13299629bcfca305daca68db6be514e47c5e84507b7ed043caa	pride	True	False	True	True	True	1474	0	256	501	1253	https://www.ebi.ac.uk/pride/archive/projects/PXD008217	False
PXD008252	aa9301e5dc67b249efb1c3b81944b54f039306bef6fdcc0bfe8f95696ce870f7	pride	True	True	True	True	True	855	21843	259	2052	878	https://www.ebi.ac.uk/pride/archive/projects/PXD008252	False
PXD008260	cf24cd2446122f7a25a54ee9b4fa16007cc46fa37b182ca2720e199507411d02	pubmed	True	False	True	True	True	1708	0	348	2612	4539	https://www.ebi.ac.uk/pride/archive/projects/PXD008260	False
PXD008272	237bcf9f7451adb7e5cad5e8c87f2e1edef3561e0bad3fca1454e228e0ac08e4	pride	True	True	True	True	True	114	14382	270	1247	1198	https://www.ebi.ac.uk/pride/archive/projects/PXD008272	False
PXD008311	f86c6c605fb66c15ae5054bc4631c86be94df5a9923eda4b3f4c1b3f22401bf5	pubmed	True	False	True	True	True	2097	0	395	1096	908	https://www.ebi.ac.uk/pride/archive/projects/PXD008311	False
PXD008333	7c2f37a1f367c0b8f83db22bf0513fd6b5db0cac0e201cb9d0f2e4298201d0a8	pride	True	False	True	True	True	1379	0	521	1114	1107	https://www.ebi.ac.uk/pride/archive/projects/PXD008333	False
PXD008338	808134852bed8d77ba88bab9563b1e4b46a01cd1c98026ab7bea3e39bbaffa40	pubmed	True	False	True	True	True	1196	0	287	1482	1232	https://www.ebi.ac.uk/pride/archive/projects/PXD008338	False
PXD008381	64e7b3ebc3118170678f37856c4343aea42232983e921ed6cb5c3a52a66b9188	pride	True	True	True	True	True	796	10296	304	494	322	https://www.ebi.ac.uk/pride/archive/projects/PXD008381	False
PXD008440	997c930bbbbb93f6183a83b68e77826e692b18e8056215a1b68bfabe928baae4	pride	True	True	True	True	True	2112	9236	436	4111	1135	https://www.ebi.ac.uk/pride/archive/projects/PXD008440	False
PXD008443	9ba26b31e4fff43aa4853f0d90f02934b24f256ea91eca35e9e853cffdd829c1	pride	True	False	True	True	True	98	0	236	406	62	https://www.ebi.ac.uk/pride/archive/projects/PXD008443	False
PXD008454	5ff8e9d8f4fcf100c452c72ea334877a6f6f02b949e06df15b88246b559d1dcf	pubmed	True	False	True	True	True	1850	0	359	814	236	https://www.ebi.ac.uk/pride/archive/projects/PXD008454	False
PXD008463	944c495a6c1a33375b53d2e7aca764a58a0ffed9de18851688fefe99a764c157	pride	True	False	True	True	True	350	0	311	511	546	https://www.ebi.ac.uk/pride/archive/projects/PXD008463	False
PXD008467	163f399e34f6c08ade154584924680b479f54bd06851e7ae901140e986a64805	pubmed	True	False	True	True	True	1832	0	439	2231	1676	https://www.ebi.ac.uk/pride/archive/projects/PXD008467	False
PXD008468	a331e1ed9b9399434d8b4fd50a3cef7e66a6648c40b3426fd3c1fd8c1e52412f	pubmed	True	False	True	True	True	1832	0	439	2231	1676	https://www.ebi.ac.uk/pride/archive/projects/PXD008468	False
PXD008493	996f1115b76f528900745d640a904dc188ba816b0c95da28f70804ecdadfeb6f	pride	True	True	True	True	True	1098	10230	333	1941	4221	https://www.ebi.ac.uk/pride/archive/projects/PXD008493	False
PXD008497	ae49714fd770ec389182ea9a8d128c8232cefa6bf11a4d0b7b00368a5c7fe9d1	pride	True	False	True	True	True	101	0	305	52	221	https://www.ebi.ac.uk/pride/archive/projects/PXD008497	False
PXD008518	48e00401e97766b6785ed26adc3960ec20146dc357512747eb1a8de147dda647	pride	True	False	True	True	True	71	0	167	81	240	https://www.ebi.ac.uk/pride/archive/projects/PXD008518	False
PXD008525	de321aa927fc2796b1d7be75ff1078141a387fe1457174feca42e7177d7f0865	pride	True	False	True	True	True	144	0	203	551	1452	https://www.ebi.ac.uk/pride/archive/projects/PXD008525	False
PXD008536	8084ad02be91063237e854eb5940b2ed29d90d82425e591498256828c71829f4	pride	True	True	True	True	True	712	15608	238	1003	928	https://www.ebi.ac.uk/pride/archive/projects/PXD008536	False
PXD008568	a0bfc6a5743bb8be171a678ffbdd3a0397e51dbcd06fd728ad15218a0ac55dc3	pubmed	True	False	True	True	True	1707	0	265	4084	907	https://www.ebi.ac.uk/pride/archive/projects/PXD008568	False
PXD008575	eb6fe5ee9b5dc158ba92a1f11cf4ce7f5285e3d50bf45894fdb0b409cea10b97	pride	True	True	True	True	True	507	23851	273	4965	1025	https://www.ebi.ac.uk/pride/archive/projects/PXD008575	False
PXD008581	8b58ca2ace3837f2ad5efad4b63479d1225b9cd774140f11057dbaa88fd5fe05	pubmed	True	False	True	True	True	1610	0	290	896	1713	https://www.ebi.ac.uk/pride/archive/projects/PXD008581	False
PXD008584	52bc134f58e60774734fce156c4563ad3250f381efdb741aaeadbeb2d09eba03	pride	True	True	True	True	True	1769	12145	442	4511	1540	https://www.ebi.ac.uk/pride/archive/projects/PXD008584	False
PXD008601	44f967ac580a13186bbfbcb8c7265388a267f40f60860d5b65fd53300ab3b365	pride	True	True	True	True	True	1006	14598	208	1969	1683	https://www.ebi.ac.uk/pride/archive/projects/PXD008601	False
PXD008682	9a52795598a11976a5022800bd0d7add10339a339efced40c7d4ace4c463852e	pubmed	True	False	True	True	True	2647	0	316	894	552	https://www.ebi.ac.uk/pride/archive/projects/PXD008682	False
PXD008691	f920c91b113f9a73c0e72914bcc31bf491eeb88dd146b0d5b2c2f33a0bcabab8	pride	True	False	True	True	True	1409	0	610	2227	3159	https://www.ebi.ac.uk/pride/archive/projects/PXD008691	False
PXD008693	fd3383683557be2a13615e22d51b338d06e34b883effbbb94d474afd2423fa34	pride	True	True	True	True	True	1485	18967	306	3245	4494	https://www.ebi.ac.uk/pride/archive/projects/PXD008693	False
PXD008713	e8c63f84dbb35e19f229a2cd77f6e681c658d44ccecbafd46147850d22ab7648	pride	True	False	True	True	True	1004	0	193	398	332	https://www.ebi.ac.uk/pride/archive/projects/PXD008713	False
PXD008715	487cdf672a87eaa906374f64e9ba30a82063c3579739181d24585a9e8324af58	pubmed	True	False	True	True	True	976	0	338	198	280	https://www.ebi.ac.uk/pride/archive/projects/PXD008715	False
PXD008719	7fcbb3e3ddaa2ad3c15f8b936fc4cc4b025638e57591da261e565efa43d2fea5	pubmed	True	False	True	True	True	1882	0	421	3243	561	https://www.ebi.ac.uk/pride/archive/projects/PXD008719	False
PXD008722	3d16450817b5f43996f18da3e049bfcde53e3ef298216782a5196214252fa2d9	pride	True	True	True	True	True	871	5877	271	1470	1255	https://www.ebi.ac.uk/pride/archive/projects/PXD008722	False
PXD008723	7a4768f6d97635d8687bdc0de18a473413d2f3dcc5e4252b18b516ec480aaee7	pride	True	True	True	True	True	612	13654	201	797	541	https://www.ebi.ac.uk/pride/archive/projects/PXD008723	False
PXD008832	7a570755ec46e80ca546bf51de064fb1f5114702aead1032b1397b68a07ccf6e	pride	True	True	True	True	True	172	10754	237	61	65	https://www.ebi.ac.uk/pride/archive/projects/PXD008832	False
PXD008855	529b3aede62d54aebee14f2ac2340ac2c4ce3b63c2f6fecfd38e55f24a06c3f1	pubmed	True	False	True	True	True	1748	0	251	2254	2775	https://www.ebi.ac.uk/pride/archive/projects/PXD008855	False
PXD008863	c9e5e79460e1fa2d4dab651bda0e84847ddfda7424d71f665ecaf834c207e912	pride	True	True	True	True	True	71	15016	263	234	90	https://www.ebi.ac.uk/pride/archive/projects/PXD008863	False
PXD008870	761095c438b28cd24eb2790c295aca6f96e3c54ee5871ba6bd162456bcb45e44	pubmed	True	False	True	True	True	1910	0	276	2687	1360	https://www.ebi.ac.uk/pride/archive/projects/PXD008870	False
PXD008896	ff300721d31cfea171680a9b755ebeac465a8a1782c8281782b52596dea4c5d0	pride	True	True	True	True	True	1197	12453	497	3896	1698	https://www.ebi.ac.uk/pride/archive/projects/PXD008896	False
PXD008918	a749a5e6a37250c8cf7820643434a2ee0745ec9d9508181bfb1fd0920f5c5836	pride	True	True	True	True	True	1428	5976	264	760	514	https://www.ebi.ac.uk/pride/archive/projects/PXD008918	False
PXD008925	f9b427724508e8425f6f8ed729fb5a82c21394de23d23895446b1f5c1e57ae6a	pride	True	True	True	True	True	843	20427	454	4842	1250	https://www.ebi.ac.uk/pride/archive/projects/PXD008925	False
PXD008933	896b56bd2a11219e704cbc13313069482dddfbb18632024e47758239eb91d3a4	pubmed	True	False	True	True	True	976	0	318	198	280	https://www.ebi.ac.uk/pride/archive/projects/PXD008933	False
PXD008934	2e0ac79613a6af5614e9f0ae1dccafd05c56dc6b6943352095472a6394aa920b	pride	True	True	True	True	True	972	24767	355	2498	757	https://www.ebi.ac.uk/pride/archive/projects/PXD008934	False
PXD008939	5fff9fb1c8732cd23a114c89e756a467c93315db9876b9996655d8e885fe2f70	pride	True	False	True	True	True	93	0	366	102	70	https://www.ebi.ac.uk/pride/archive/projects/PXD008939	False
PXD008940	ba65fe12085a0cf233e9c533fa3e36eea02521e6a3606d2ddd0d161398155c8a	pride	True	False	True	True	True	87	0	314	104	100	https://www.ebi.ac.uk/pride/archive/projects/PXD008940	False
PXD008952	d5a7289dcd63e1639ccfe35dc7d096f88301f7084ba059d7e4cd6198481c45ee	pride	True	True	True	True	True	1328	10922	304	1352	1082	https://www.ebi.ac.uk/pride/archive/projects/PXD008952	False
PXD008966	51f1e6788da6d92bd64a693b9a8ddbefe2c56267b1d483194d946fbbeee025ba	pride	True	True	True	True	True	1360	2120	251	1118	853	https://www.ebi.ac.uk/pride/archive/projects/PXD008966	False
PXD008980	a8c63029a3b22a7c59527f8e08eef4c62f040d3ee8caf1f9c96b3b48fafb8bee	pride	True	True	True	True	True	1841	6339	487	2520	1218	https://www.ebi.ac.uk/pride/archive/projects/PXD008980	False
PXD008992	d8ae863ce18ee0bf58ce9ec7a7e30a53313623ac427619a69c5e4f4358da3ba0	pubmed	True	False	True	True	True	1446	0	459	779	1289	https://www.ebi.ac.uk/pride/archive/projects/PXD008992	False
PXD008996	a12aed8f79081a6ab9cdd185f02243b356fb2f016275f1dd5bdbfcabc433d49a	pride	True	True	True	True	True	1354	13721	343	3881	531	https://www.ebi.ac.uk/pride/archive/projects/PXD008996	False
PXD009021	13a7029b73ffd217962fd56dccba1bbcde9c07e2ee197782c4c4208b31e78369	pride	True	True	True	True	True	2389	22975	208	1894	792	https://www.ebi.ac.uk/pride/archive/projects/PXD009021	False
PXD009029	d9a44ece0f24eb2f49448c4672b3af38096c6c7b4a476daddeaeb159a64c23c1	pride	True	True	True	True	True	274	7720	257	61	65	https://www.ebi.ac.uk/pride/archive/projects/PXD009029	False
PXD009035	4468cfc02417961b87b383d229fa02a45c226609a1fea7caae9baf545ac49a8d	pride	True	True	True	True	True	1060	16582	231	2999	761	https://www.ebi.ac.uk/pride/archive/projects/PXD009035	False
PXD009041	f4485a8699999e35628cafe6e6ecf36cd8c5d81f830d328ae2f3cc3a0df10210	pubmed	True	False	True	True	True	1894	0	332	1947	1061	https://www.ebi.ac.uk/pride/archive/projects/PXD009041	False
PXD009084	51e955000034e2c9f25e9ab000b8a0a90a436f57a8a1f9c63c32e02ba8f67aff	pride	True	False	True	True	True	795	0	204	4796	1279	https://www.ebi.ac.uk/pride/archive/projects/PXD009084	False
PXD009095	9fea67f572662e0aea2787105124e45199d0707ec1e6e6dff0928459cf245d88	pride	True	True	True	True	True	995	21056	278	407	356	https://www.ebi.ac.uk/pride/archive/projects/PXD009095	False
PXD009110	521b86f34642122e54e7b98aa929b3d9e6e53fd91d0a8bb05b314baa53206363	pubmed	True	False	True	True	True	1524	0	500	1344	906	https://www.ebi.ac.uk/pride/archive/projects/PXD009110	False
PXD009112	28bc9b01902710f166eea220c0129cc1794802c5294fedad30c0717ace71f1ba	pride	True	True	True	True	True	120	11082	362	68	152	https://www.ebi.ac.uk/pride/archive/projects/PXD009112	False
PXD009118	509c4dbe6f1d1ade5aafdd5e8dc72b3fae0d4d748907c6d60e47e72b0fada31c	pride	True	True	True	True	True	195	20090	269	1313	682	https://www.ebi.ac.uk/pride/archive/projects/PXD009118	False
PXD009142	ae11096c722ba44e6502e5eea11987195a3a30953079e97102904fb58d1d392b	pride	True	True	True	True	True	2100	16181	345	3535	1401	https://www.ebi.ac.uk/pride/archive/projects/PXD009142	False
PXD009144	eefd552313187bfcf3aa50b411af65a18a8f226658cca0d63e4212bad5ba947e	pubmed	True	False	True	True	True	1299	0	323	2705	901	https://www.ebi.ac.uk/pride/archive/projects/PXD009144	False
PXD009149	b1e6da60fbbbac8b42951b5b0dc2eac3ae5af2058eef28c63bb54881bf051831	pride	True	True	True	True	True	179	15375	252	4533	618	https://www.ebi.ac.uk/pride/archive/projects/PXD009149	False
PXD009158	a5f3090b70f894ba464e587f189592d2de5bf641dca9689b58252c8dbadb950c	pride	True	False	True	True	True	341	0	253	1689	161	https://www.ebi.ac.uk/pride/archive/projects/PXD009158	False
PXD009161	9886da13609c5785333da56fddcd36a771d07ea5fa2be95d0c27fd02e33fcd9b	pubmed	True	False	True	True	True	1974	0	166	1142	384	https://www.ebi.ac.uk/pride/archive/projects/PXD009161	False
PXD009174	ef5914103437e73a45cb34133ef9d18a2d95cd13422173f02dfe5f8319503f5d	pubmed	True	False	True	True	True	2554	0	350	4638	2717	https://www.ebi.ac.uk/pride/archive/projects/PXD009174	False
PXD009181	8eb8da612f88f9100ddaaf1d74fc4defcb40556d8cb657100079c5a372cd8c0f	pride	True	True	True	True	True	69	11082	311	68	152	https://www.ebi.ac.uk/pride/archive/projects/PXD009181	False
PXD009196	e911bebfa2384586b076dd61075168313c20ce0241681d2fe308f2c5dd857130	pride	True	True	True	True	True	1080	7646	242	4634	2003	https://www.ebi.ac.uk/pride/archive/projects/PXD009196	False
PXD009197	968bcbce2ee2bfceb2e70657d1d52d3e56176b9da514f8f209b1765d6ea0eb4e	pubmed	True	False	True	True	True	1805	0	415	4321	1215	https://www.ebi.ac.uk/pride/archive/projects/PXD009197	False
PXD009206	0d775388af052c24f0e9ef180c4e145168f0977dc10dc9e2267ab52edd53c3b4	pride	True	True	True	True	True	1197	10323	240	1991	915	https://www.ebi.ac.uk/pride/archive/projects/PXD009206	False
PXD009216	9b63e91cf2cdb6585bf41766cdbc73554396ada885f043c712f2fceb1247f5c2	pride	True	True	True	True	True	543	21112	364	4983	1811	https://www.ebi.ac.uk/pride/archive/projects/PXD009216	False
PXD009234	6f1b559e840e31a3a250415a684842a643f2dd7360495121512a2f2d5888649d	pride	True	True	True	True	True	1669	10202	302	2066	2777	https://www.ebi.ac.uk/pride/archive/projects/PXD009234	False
PXD009241	7208ec21d67fb3f7e76323764cf4747b7dfced6f7eaa88e2cd3d344026b73ef2	pride	True	True	True	True	True	1229	8644	427	3568	1046	https://www.ebi.ac.uk/pride/archive/projects/PXD009241	False
PXD009254	2d8addaa46e6cd8e8a4ae82f6243376a49799c35e4e29824a66488e2ceb5b398	pride	True	True	True	True	True	642	18751	276	1972	981	https://www.ebi.ac.uk/pride/archive/projects/PXD009254	False
PXD009265	d9dcb2ef255f44198cba466395b8323f1840a3eab409dc0de0fe3163b3da0710	pride	True	True	True	True	True	1437	24219	358	96	173	https://www.ebi.ac.uk/pride/archive/projects/PXD009265	False
PXD009266	2996995c681e11fe82109246ab8ff974f2f6301466a68f3909d7f544d38650b4	pride	True	True	True	True	True	710	26799	326	1420	701	https://www.ebi.ac.uk/pride/archive/projects/PXD009266	False
PXD009267	199b5292b2fe8bf7fdc3ff3f084fb0831cfb2621df3c4f06a1ef5bb9d4f2b73a	pubmed	True	False	True	True	True	1159	0	279	844	1172	https://www.ebi.ac.uk/pride/archive/projects/PXD009267	False
PXD009276	0931663fb8f3544ec20fe34810c57a3c7ab734bc3e8e5edb6015de2c09a026fa	pubmed	True	False	True	True	True	1159	0	255	844	1172	https://www.ebi.ac.uk/pride/archive/projects/PXD009276	False
PXD009292	4811f6906cbcb439667f2ca721d053ceb3319c998cff0775a03d5afaf08b2008	pubmed	True	False	True	True	True	1159	0	231	844	1172	https://www.ebi.ac.uk/pride/archive/projects/PXD009292	False
PXD009295	405a4af99785b8e76f0397933e92fdb8b121914522d4b4a5e8f6d18ede9844a4	pride	True	False	True	True	True	486	0	287	2141	632	https://www.ebi.ac.uk/pride/archive/projects/PXD009295	False
PXD009300	de7a32b7e9873fad85a2a460108ddc51f0e7f76fb51d786a084dfeb6ede5eab5	pride	True	True	True	True	True	1598	3854	264	624	683	https://www.ebi.ac.uk/pride/archive/projects/PXD009300	False
PXD009302	55dbbd2074431fc5da4cdeaca4e85bb1baa3e01d1945afa715de36c9a427f3df	pubmed	True	False	True	True	True	1418	0	361	2141	873	https://www.ebi.ac.uk/pride/archive/projects/PXD009302	False
PXD009310	59c62123ad6ae0cdf782fc841f3b67c2f7bfd32286a3fbeb5dfca42157cf4bbb	pubmed	True	False	True	True	True	1506	0	279	1579	1449	https://www.ebi.ac.uk/pride/archive/projects/PXD009310	False
PXD009317	8261f2134d1ddab426a6c60bf7576ab813db3424d5f0d6aff49c12ffaffc1379	pride	True	True	True	True	True	1893	25575	421	2128	1775	https://www.ebi.ac.uk/pride/archive/projects/PXD009317	False
PXD009321	63f0506ba4623c8e85f860338203ec36e265e9cc996ea83f428708ff0530740c	pride	True	True	True	True	True	916	24582	316	1380	530	https://www.ebi.ac.uk/pride/archive/projects/PXD009321	False
PXD009327	02ff8a46af4b4228574b057c0448e0c1c180e9ea46a477c66f1946b1ee330d90	pride	True	True	True	True	True	109	22498	358	205	78	https://www.ebi.ac.uk/pride/archive/projects/PXD009327	False
PXD009343	700ba17da18b8a7523a4fcec7ed729910b884536e0c10d06d1829f71c304fae8	pride	True	True	True	True	True	229	11981	203	1084	1020	https://www.ebi.ac.uk/pride/archive/projects/PXD009343	False
PXD009348	368d67cd6e77df4a3db1f4e8822d4a97467281230d227f6ea751e074a6fe06cc	pubmed	True	False	True	True	True	1149	0	325	984	1284	https://www.ebi.ac.uk/pride/archive/projects/PXD009348	False
PXD009350	135e24430b165a7777fe4f1643b0bae32a496f7e2f0e02a9408c6390d698706c	pride	True	True	True	True	True	1002	14856	356	3039	1104	https://www.ebi.ac.uk/pride/archive/projects/PXD009350	False
PXD009360	8eb8da612f88f9100ddaaf1d74fc4defcb40556d8cb657100079c5a372cd8c0f	pride	True	True	True	True	True	69	11082	311	68	152	https://www.ebi.ac.uk/pride/archive/projects/PXD009360	False
PXD009366	a029604acd6851db0ec192f219c678f31446a69d4a40c2cf3ba3ddbbef628a0a	pride	True	False	True	True	True	1207	0	251	2138	3407	https://www.ebi.ac.uk/pride/archive/projects/PXD009366	False
PXD009367	51bbe71f8d1e43e7503a065c96cf0798bd94482cbf77960b67a5e9408d7772ba	pride	True	True	True	True	True	335	15375	238	1728	1256	https://www.ebi.ac.uk/pride/archive/projects/PXD009367	False
PXD009374	e6d29ef78d69e19d83a318497e24e14d97b13123ff420c1b336b56c8d81a0fb9	pride	True	True	True	True	True	408	22498	391	2946	951	https://www.ebi.ac.uk/pride/archive/projects/PXD009374	False
PXD009380	5e475f6a1c03c0ab57596908a6ce5d29d0b00f57f577cabc9eef32ba0a8f28cc	pubmed	True	False	True	True	True	1334	0	233	434	370	https://www.ebi.ac.uk/pride/archive/projects/PXD009380	False
PXD009389	b9221cc3a03db42517e96516bc9a346cc95dce6c487a24b91cfb2b7781d7e811	pubmed	True	False	True	True	True	1038	0	456	4512	710	https://www.ebi.ac.uk/pride/archive/projects/PXD009389	False
PXD009393	9b722ef769ce302ef9cf9564f3cc32b270be644d054b01103248a2a3faf83499	pubmed	True	False	True	True	True	1893	0	363	1737	842	https://www.ebi.ac.uk/pride/archive/projects/PXD009393	False
PXD009426	16920e858ccfbfc929f7cbda7b348a1b64b79de2837a3d918ebaa90b7a7cb824	pubmed	True	False	True	True	True	921	0	307	2880	880	https://www.ebi.ac.uk/pride/archive/projects/PXD009426	False
PXD009442	739425488015b06df873498be87ee1eb6e8f6d6db26514f5cee9160306133fe6	pubmed	True	False	True	True	True	1079	0	339	3109	1690	https://www.ebi.ac.uk/pride/archive/projects/PXD009442	False
PXD009444	445f95630ff9e5cbe31496b74ec6e4cdb0b37838e2e292c5a637b3ddfd5d6e14	pubmed	True	False	True	True	True	953	0	299	4948	1418	https://www.ebi.ac.uk/pride/archive/projects/PXD009444	False
PXD009453	4e2c1763aa5286d063f251ca5b4c09b00246462c5ca3eaf7fbeff1e765bb5a58	pubmed	True	False	True	True	True	1879	0	360	2480	4527	https://www.ebi.ac.uk/pride/archive/projects/PXD009453	False
PXD009476	215d57808c9596f21771697bc6462204ceadce505d3c01c4815547c0c7b476f5	pride	True	True	True	True	True	1378	9507	296	3886	1709	https://www.ebi.ac.uk/pride/archive/projects/PXD009476	False
PXD009477	0215402448ed35e768e1a8eb9c9a16371422bf80254274557637c26b2cb4708b	pubmed	True	False	True	True	True	1578	0	270	1267	102	https://www.ebi.ac.uk/pride/archive/projects/PXD009477	False
PXD009487	739a6d364ddb2b3c630d19b2d6e0d2bd1d20b8c82f6f466d771ce57b9d292d10	pride	True	True	True	True	True	1088	16770	360	447	259	https://www.ebi.ac.uk/pride/archive/projects/PXD009487	False
PXD009495	a318d141428b43f320200edd220b14dfbab6d007834d7696c68897e2a214c692	pride	True	True	True	True	True	237	12381	359	327	528	https://www.ebi.ac.uk/pride/archive/projects/PXD009495	False
PXD009500	cc28fdfaaf34eac178a99900185de14233daf1d70b262958e5dcb42a232049be	pride	True	True	True	True	True	1182	27454	289	2649	1436	https://www.ebi.ac.uk/pride/archive/projects/PXD009500	False
PXD009515	e7dda9e2659882f4f07fd197d55c464b433cb77f13207631a7a44bc3b983d378	pubmed	True	False	True	True	True	1969	0	319	3579	1668	https://www.ebi.ac.uk/pride/archive/projects/PXD009515	False
PXD009553	67da70984fca6987774f7934ae14dd989259b46af151472e1497cabf9dacc86b	pride	True	True	True	True	True	213	12605	388	932	216	https://www.ebi.ac.uk/pride/archive/projects/PXD009553	False
PXD009557	2c24cea8e23620c0efec8cfc075c94cf8a716cd11bcbd8c292aa997a4fe471e3	pubmed	True	False	True	True	True	1361	0	383	2010	1329	https://www.ebi.ac.uk/pride/archive/projects/PXD009557	False
PXD009560	d839da594060a521580e4d16d0c12176f1d4ea4d017013e2e9d0663d536fdcf0	pubmed	True	False	True	True	True	1361	0	418	1202	1301	https://www.ebi.ac.uk/pride/archive/projects/PXD009560	False
PXD009561	6e380a393ba2a4ad2fd532bc48b72a442daf8faf227f74b61f299b3057b2cf93	pubmed	True	False	True	True	True	1361	0	444	1217	1115	https://www.ebi.ac.uk/pride/archive/projects/PXD009561	False
PXD009565	2b1c5138da632a017743acab19aa4223dd1884d07619265d882ac4e32b4dab06	pride	True	False	True	True	True	113	0	275	340	222	https://www.ebi.ac.uk/pride/archive/projects/PXD009565	False
PXD009570	117ac3e09ee9460a04bcd186b136131ff5f3b223b9e253451b14a55be32af3d1	pride	True	True	True	True	True	818	28904	422	2895	896	https://www.ebi.ac.uk/pride/archive/projects/PXD009570	False
PXD009578	d855f57504af6f4281ab037506823b2668f93181a13c71567d88a7afd254f3e6	pride	True	True	True	True	True	1555	5934	422	2235	1253	https://www.ebi.ac.uk/pride/archive/projects/PXD009578	False
PXD009592	cbf8c7e9f608207618a98862934d3313f52a8e1a80561a14d51ac9ef7bcb440a	pride	True	True	True	True	True	1882	91	287	4994	1335	https://www.ebi.ac.uk/pride/archive/projects/PXD009592	False
PXD009596	eef2700da6f33fd42cd9a0bdf236e38642f938844e3a7a7bd66ca0a8e8dc6bd6	pride	True	True	True	True	True	1473	7128	239	1020	3051	https://www.ebi.ac.uk/pride/archive/projects/PXD009596	False
PXD009600	a66c1e6309e271a05d16c018508a06463bef3154c6ec498d3fd466e87e5dec48	pride	True	True	True	True	True	1134	7011	354	4014	1094	https://www.ebi.ac.uk/pride/archive/projects/PXD009600	False
PXD009603	943aa3973013235a8b2434a1f68e35b9cd58cee4d878739cb886562ca8154ff9	pride	True	True	True	True	True	1381	2712	240	1396	1367	https://www.ebi.ac.uk/pride/archive/projects/PXD009603	False
PXD009606	f786c28904388fb87c790d74d067cc778ca28c38ae8f12505c282853f8ca67c6	pride	True	True	True	True	True	126	8079	325	61	78	https://www.ebi.ac.uk/pride/archive/projects/PXD009606	False
PXD009624	a0396e0d0f1ecac34ce17fd92a1c810aab43736a625b07913640bd108269c9ec	pubmed	True	False	True	True	True	2003	0	315	4328	2828	https://www.ebi.ac.uk/pride/archive/projects/PXD009624	False
PXD009645	782c4fa26b95304d5323534cf8f58056c1845e3aa68265ebd3de732f478f31fd	pride	True	True	True	True	True	972	15418	245	1925	546	https://www.ebi.ac.uk/pride/archive/projects/PXD009645	False
PXD009646	d0d35af0b89a75a9808358e722f65698452a992ce49cbe778533f4fd35ba9438	pubmed	True	False	True	True	True	1647	0	371	3211	762	https://www.ebi.ac.uk/pride/archive/projects/PXD009646	False
PXD009709	078329e9070887ba4daf086cddaf38b9eac209aec3df8e17d9d910d72b50612e	pride	True	True	True	True	True	772	13356	281	4671	756	https://www.ebi.ac.uk/pride/archive/projects/PXD009709	False
PXD009716	c8d82ff72d483ab96f1e14aa682d8a89f7f975d19a9f6fcded01ad761fb4034b	pubmed	True	False	True	True	True	2135	0	306	1803	960	https://www.ebi.ac.uk/pride/archive/projects/PXD009716	False
PXD009724	d8c406d159c33763a91b0b16bd2ccc9f9689e1e7d2e85094a028a51f7a608b37	pride	True	True	True	True	True	1011	8490	248	3249	1758	https://www.ebi.ac.uk/pride/archive/projects/PXD009724	False
PXD009737	5489d733dbd00130a67ef69531a5cd2e905f483099922ebb9056efdff8ae8c31	pubmed	True	False	True	True	True	1171	0	232	618	285	https://www.ebi.ac.uk/pride/archive/projects/PXD009737	False
PXD009741	58a0335dcbff67dfe36dc5f5c80d33edf42479dcfd948a0d1ab8ffa2cd19b2ec	pride	True	False	True	True	True	1073	0	248	482	1765	https://www.ebi.ac.uk/pride/archive/projects/PXD009741	False
PXD009747	825446e2834866ccac31a743658ea46178c35d87c8c97ac54aac531ff5fed058	pubmed	True	False	True	True	True	1272	0	218	1674	605	https://www.ebi.ac.uk/pride/archive/projects/PXD009747	False
PXD009759	5f96bd0c3f56c423b9899d836abb61158d4cfdb0e234a296f8e4cf6a7abbcf45	pride	True	False	True	True	True	1073	0	249	479	1765	https://www.ebi.ac.uk/pride/archive/projects/PXD009759	False
PXD009760	95a1d6727d415036ae3853c6bbade4404bc8a99c9613125837210e7834a6fdc7	pride	True	False	True	True	True	1073	0	270	799	1122	https://www.ebi.ac.uk/pride/archive/projects/PXD009760	False
PXD009781	5d4fb95435ec4e6c85775c32fa1c01215a6b7f6a43b264422412efbd7669e323	pride	True	False	True	True	True	467	0	340	3058	718	https://www.ebi.ac.uk/pride/archive/projects/PXD009781	False
PXD009784	3e914fdbd85b9834d02ae541844ea1d3d5a81724906163e4a3ae0f37e745dea6	pubmed	True	False	True	True	True	2108	0	352	3848	1070	https://www.ebi.ac.uk/pride/archive/projects/PXD009784	False
PXD009797	e0308d05650a151de9c02a8ab44972a9988aa7092d314867d1c2181f33db3a32	pubmed	True	False	True	True	True	1498	0	280	1943	3002	https://www.ebi.ac.uk/pride/archive/projects/PXD009797	False
PXD009801	840dd79e522b3f4783b2676c944547712acefd122e9087ae9b19556353296680	pubmed	True	False	True	True	True	1671	0	379	4687	1338	https://www.ebi.ac.uk/pride/archive/projects/PXD009801	False
PXD009803	49a8c2d5391f1d36ed3f6722bfba0c7bce5a260c40fbd393631e11a16a2e3ccf	pride	True	False	True	True	True	1694	0	222	2169	1243	https://www.ebi.ac.uk/pride/archive/projects/PXD009803	False
PXD009830	6925fe37d2572d627dbdce12353265ebd523cb75ddee55d1b552dfe635f5ba86	pride	True	True	True	True	True	1262	23240	297	1206	1440	https://www.ebi.ac.uk/pride/archive/projects/PXD009830	False
PXD009838	488cdf1065d65606059a8462ad0c7e0894fc2289f9538991597144b336541c6f	pride	True	True	True	True	True	1130	11161	290	1860	944	https://www.ebi.ac.uk/pride/archive/projects/PXD009838	False
PXD009839	91d42d1bc3bcffe7bdccb06648a68a5f7ccc7472d70e7f961c6d79321c7409f9	pride	True	False	True	True	True	703	0	344	167	92	https://www.ebi.ac.uk/pride/archive/projects/PXD009839	False
PXD009861	f74dd6c20b975efc624fd1a42aaef0d19c6d1a6225a0308cd01a6ca5f770b65f	pride	True	True	True	True	True	1480	19302	291	1141	3136	https://www.ebi.ac.uk/pride/archive/projects/PXD009861	False
PXD009868	284805df2455be91f5df15d5e6adb79f64afd6816b55870e2190802f4e6069cb	pubmed	True	False	True	True	True	1767	0	419	1391	518	https://www.ebi.ac.uk/pride/archive/projects/PXD009868	False
PXD009870	f3933e7c4f8e89226ef774ee8d502b05a6ef0b0d23ce414af7d7392e04bfa118	pride	True	False	True	True	True	1241	0	338	816	662	https://www.ebi.ac.uk/pride/archive/projects/PXD009870	False
PXD009880	7a18d2c419654de179b1e63e027ddbccd12005e168dd5bf007e492ac231ac1e6	pubmed	True	False	True	True	True	1709	0	338	1700	931	https://www.ebi.ac.uk/pride/archive/projects/PXD009880	False
PXD009891	f0d136bd507312a05f69bc48b363c9bb166b5c0009ad340b447e61a2fa049763	pride	True	True	True	True	True	437	10403	255	3825	947	https://www.ebi.ac.uk/pride/archive/projects/PXD009891	False
PXD009893	f9c239b3455f9b067c108b3b72bcebc044757d4e5a98f3e80a157e68ac656e7e	pubmed	True	False	True	True	True	687	0	305	865	326	https://www.ebi.ac.uk/pride/archive/projects/PXD009893	False
PXD009895	4335d30e032a8a9dcb0dd6bf5e3f1832962ed37a448553548da6b2ffa38e306c	pride	True	True	True	True	True	393	21287	274	58	81	https://www.ebi.ac.uk/pride/archive/projects/PXD009895	False
PXD009900	a06fe7fdb06eaecdc73facda166dcdaf9579cb62f0885158063649f065b94e5c	pride	True	True	True	True	True	449	7520	367	304	1814	https://www.ebi.ac.uk/pride/archive/projects/PXD009900	False
PXD009916	42434cdbf187ea3a53dfb141867bbb7a20277b4c48169b47a5f050b555da5030	pubmed	True	False	True	True	True	1939	0	235	1322	598	https://www.ebi.ac.uk/pride/archive/projects/PXD009916	False
PXD009917	df216913262ec23a7227a1c2542e5604ad1e2af456106912e2051e6a279dd67c	pubmed	True	False	True	True	True	1939	0	224	1931	635	https://www.ebi.ac.uk/pride/archive/projects/PXD009917	False
PXD009924	8645ce78903bff51ef58ca7388b8d9b1d6414ed0b507f225183ee91323c804b2	pride	True	True	True	True	True	475	13743	367	393	130	https://www.ebi.ac.uk/pride/archive/projects/PXD009924	False
PXD009931	db9dc673518c72b3702e8180a690f3d25a02ee28212ccf3a23d04063b5df9695	pubmed	True	False	True	True	True	1204	0	353	2075	1144	https://www.ebi.ac.uk/pride/archive/projects/PXD009931	False
PXD009933	486b35c5ab5b49f82dc0b0d01b823973b4bb349a8f65a56da6aa6d68e11a24b1	pride	True	True	True	True	True	61	7459	252	102	156	https://www.ebi.ac.uk/pride/archive/projects/PXD009933	False
PXD009936	f888e9f67e81feaa687419649f7fef67705fe447579e87f5ed777c7636846f7b	pride	True	False	True	True	True	75	0	300	68	112	https://www.ebi.ac.uk/pride/archive/projects/PXD009936	False
PXD009948	db089e9b76f38418226b696f591db1fe008576549c16bc71df145c462f122fe9	pubmed	True	False	True	True	True	807	0	294	2467	1310	https://www.ebi.ac.uk/pride/archive/projects/PXD009948	False
PXD009950	4d42f2ca2afe495e621364162a827de57c6930bafe58063d75fffba3e8600171	pubmed	True	False	True	True	True	1856	0	222	261	393	https://www.ebi.ac.uk/pride/archive/projects/PXD009950	False
PXD009996	650320db19905e30430a4ab2d05dabfb3b38014e18a13aae9b4b87ad9936036d	pubmed	True	False	True	True	True	1295	0	320	2334	2056	https://www.ebi.ac.uk/pride/archive/projects/PXD009996	False
PXD010005	90cf3f900ae0914b85b21837d1bd3dcce8a0d71a80b591d4a5d4f4796673c947	pubmed	True	False	True	True	True	1175	0	310	761	501	https://www.ebi.ac.uk/pride/archive/projects/PXD010005	False
PXD010027	2e9a304a5157c2761f0ddfb00b80349e3096fb33ac2e6630b399f59c8b6d0bab	pubmed	True	False	True	True	True	1175	0	316	2958	3468	https://www.ebi.ac.uk/pride/archive/projects/PXD010027	False
PXD010061	bbab0fa2bc7950ddf668f8441758df6775f4ae5f0d12fff60717ceb54f0e8a37	pubmed	True	False	True	True	True	1175	0	274	1237	876	https://www.ebi.ac.uk/pride/archive/projects/PXD010061	False
PXD010073	7a6cbef6f9d7bb0dbe5fc30273946f665f24f2c60b829a885686dd0608d68c71	pride	True	False	True	True	True	863	0	442	1467	1744	https://www.ebi.ac.uk/pride/archive/projects/PXD010073	False
PXD010075	767f3fed52525d2548d9021c27c7d88aff3f1525f10c9c18c26ff893b54e2400	pubmed	True	False	True	True	True	2283	0	359	2522	772	https://www.ebi.ac.uk/pride/archive/projects/PXD010075	False
PXD010088	dcdad4e2624d719743ac40f1824beae92226651ac00ce88a6b52d4fc5f24eb8c	pride	True	True	True	True	True	1152	17552	343	1681	1256	https://www.ebi.ac.uk/pride/archive/projects/PXD010088	False
PXD010093	a2bbb0f479c0880fda0c47b8e3b59a961b89a3713b70dd3f58f4169c7877aa5f	pubmed	True	False	True	True	True	1733	0	341	2770	455	https://www.ebi.ac.uk/pride/archive/projects/PXD010093	False
PXD010103	599a851462dd91905440bb4c80a0f6d58d05dfa365b14d6845cdfa5d3ba1122e	pride	True	True	True	True	True	1094	54473	241	2791	753	https://www.ebi.ac.uk/pride/archive/projects/PXD010103	False
PXD010122	8220a2a7786908a8c6bdd87a98286db819e2ef79d4098abe734f4bd90688bdb7	pride	True	False	True	True	True	975	0	228	2028	1158	https://www.ebi.ac.uk/pride/archive/projects/PXD010122	False
PXD010124	9c31ec1b0896963a68ddf7ab5526c2e9a3d3f02d60add4ea88aad1517346e9bc	pride	True	True	True	True	True	555	27677	247	2004	1154	https://www.ebi.ac.uk/pride/archive/projects/PXD010124	False
PXD010132	782ff955acd8aed4bf12c54c6a05e4f8ef76f6f881296481a41af196acf7c343	pubmed	True	False	True	True	True	1258	0	254	405	1225	https://www.ebi.ac.uk/pride/archive/projects/PXD010132	False
PXD010142	01515703a8843d7ac25b4a7c2222cd0af993e12c88d58fd844dd2f6ae5eb2c47	pubmed	True	False	True	True	True	1049	0	594	3918	370	https://www.ebi.ac.uk/pride/archive/projects/PXD010142	False
PXD010145	10f04d99ed52e266a9df981b2cfc66e5897ebc18419a2c1e762e8fd7c4d33a8c	pride	True	True	True	True	True	1284	8774	359	2199	821	https://www.ebi.ac.uk/pride/archive/projects/PXD010145	False
PXD010150	cfd14c5eee3cd352337268aadcb74c42c45668ba519f0d03d5c9f35e1ed386b4	pride	True	True	True	True	True	205	10525	248	60	65	https://www.ebi.ac.uk/pride/archive/projects/PXD010150	False
PXD010154	db577461f347bdf58c9efa041908f67a37f0ad9ae1e96e57f250faf4e2bca224	pride	True	True	True	True	True	177	19116	696	2755	4034	https://www.ebi.ac.uk/pride/archive/projects/PXD010154	False
PXD010155	62479299934d76d4c1a424892f396965a50cb17a15f246fc49cf40fd4f84083d	pubmed	True	False	True	True	True	1704	0	349	4277	1659	https://www.ebi.ac.uk/pride/archive/projects/PXD010155	False
PXD010202	4b104632368314e1926323d67e5bbc15771552a4ed5922253c735275f45a1bd6	pride	True	True	True	True	True	488	31066	380	615	824	https://www.ebi.ac.uk/pride/archive/projects/PXD010202	False
PXD010210	3bb377204a4e2ee4aaf01c8854d7e980db4dd5692a6da16cb3dc19550a102101	pubmed	True	False	True	True	True	675	0	188	535	247	https://www.ebi.ac.uk/pride/archive/projects/PXD010210	False
PXD010223	f4f3341b6450e375cc012a50af86cc47ffb8d86b4fa6f35692b53eca1ed70110	pride	True	True	True	True	True	90	9249	244	72	108	https://www.ebi.ac.uk/pride/archive/projects/PXD010223	False
PXD010260	28b97034a222819f2a8108100cd4041ff627fc865211b929f3238215ee316ee8	pride	True	True	True	True	True	713	9457	348	3621	1420	https://www.ebi.ac.uk/pride/archive/projects/PXD010260	False
PXD010271	16288027d45ff744546d7284f4fcfbc4d6128b80df98c0733111e37a11119d07	pubmed	True	False	True	True	True	1272	0	350	60	65	https://www.ebi.ac.uk/pride/archive/projects/PXD010271	False
PXD010284	94c3ac22eca4053d83d397c823da039655b2fba076f528e03e231101c3d03068	pride	True	False	True	True	True	79	0	215	582	1565	https://www.ebi.ac.uk/pride/archive/projects/PXD010284	False
PXD010286	55780db719af1b0e9e1d660e4de434cae2a51da696c6554d775fd1b554f1b2ab	pride	True	False	True	True	True	90	0	215	582	1565	https://www.ebi.ac.uk/pride/archive/projects/PXD010286	False
PXD010296	4857f37c1f96b579c564b87cdc1e385cab7794eb13af4d1eb8ae29de0a91105b	pubmed	True	False	True	True	True	1480	0	401	4744	1159	https://www.ebi.ac.uk/pride/archive/projects/PXD010296	False
PXD010361	7aa121397445c915854ed693bd27c53931a591fb19759dfb59301ff9b7805eeb	pride	True	True	True	True	True	923	16109	366	4043	916	https://www.ebi.ac.uk/pride/archive/projects/PXD010361	False
PXD010372	6b01396ba11dc76663f5d3ed6ee9c93d963aa71caa9f27159cfc3e54c796e5fa	pride	True	True	True	True	True	1056	32893	362	2417	719	https://www.ebi.ac.uk/pride/archive/projects/PXD010372	False
PXD010393	6eecd42ada0bc79ac3a96c5c5d655480635d9b1d5cc8a05e45d3ab89d38bdca9	pride	True	True	True	True	True	1445	14347	191	3019	1430	https://www.ebi.ac.uk/pride/archive/projects/PXD010393	False
PXD010406	164ea9245c189adc4314a0323c553cae07d69b71af3388015c52106d52bc84bd	pride	True	True	True	True	True	765	6866	283	301	124	https://www.ebi.ac.uk/pride/archive/projects/PXD010406	False
PXD010445	1928ecb15cebfc1dbf09ce4f720d91f4167da903beb3728453a1fdb65dafeae1	pride	True	True	True	True	True	1024	22312	296	979	80	https://www.ebi.ac.uk/pride/archive/projects/PXD010445	False
PXD010466	f2378d3e85a884cea91bf89d8063dd88fdc4be20c7df0af71809b2d7a85a8488	pride	True	False	True	True	True	794	0	261	4807	1713	https://www.ebi.ac.uk/pride/archive/projects/PXD010466	False
PXD010469	dc5b5e0cede43295d0d92326734a01c7846c27aff93d36bdf8d1e4fed0c32418	pubmed	True	False	True	True	True	1389	0	276	755	1163	https://www.ebi.ac.uk/pride/archive/projects/PXD010469	False
PXD010516	65f9f6db35677d99147b2c4e310ff6a4669d4b7ea8a078223811c10a1af1b962	pubmed	True	False	True	True	True	1249	0	218	441	354	https://www.ebi.ac.uk/pride/archive/projects/PXD010516	False
PXD010520	960d096e6d7edf1344f0caa074693037ca58d080300a439cabd99b224c9b4034	pubmed	True	False	True	True	True	1124	0	595	257	904	https://www.ebi.ac.uk/pride/archive/projects/PXD010520	False
PXD010527	0de0514b7fb96e6b897e5995a94d932f2b81b4186bdbdd66806796e39576dc0a	pride	True	True	True	True	True	721	6467	342	1663	377	https://www.ebi.ac.uk/pride/archive/projects/PXD010527	False
PXD010538	c67228e0ddec4b727354b204086d520270c644eab7d7d37d3f56eeb11f8dc4f8	pride	True	True	True	True	True	1776	13032	299	3087	712	https://www.ebi.ac.uk/pride/archive/projects/PXD010538	False
PXD010579	8137c96bb2f70f562031b82db3395bc2bba2fe604dd9895fe65b912aebfb43aa	pubmed	True	False	True	True	True	1844	0	299	4655	1069	https://www.ebi.ac.uk/pride/archive/projects/PXD010579	False
PXD010606	1ce850a820912b0e724a7b6e66909c77b835af4974e59c64871bccd9bf262f7f	pubmed	True	False	True	True	True	1292	0	388	2276	1331	https://www.ebi.ac.uk/pride/archive/projects/PXD010606	False
PXD010622	01e9851771bfba4a1b37035ba89e961c97e6519b79e0275c3a38a3a40ed2f425	pride	True	False	True	True	True	1703	0	311	720	602	https://www.ebi.ac.uk/pride/archive/projects/PXD010622	False
PXD010630	c1838c1e545cc2b888777c34222fcf455f8a47bd73b6d4799215f72c68222e6d	pubmed	True	False	True	True	True	1781	0	346	350	417	https://www.ebi.ac.uk/pride/archive/projects/PXD010630	False
PXD010634	f6848dda0e34ef24e5a1c5a7fde9d3fcb3dc66fc573a8e84f3344efbb6ed29d6	pride	True	True	True	True	True	1632	23754	268	994	2250	https://www.ebi.ac.uk/pride/archive/projects/PXD010634	False
PXD010690	dab5f47ca77092f491cb45ef3e9bf8ae36f1c835c14aca34afcb560558338a9f	pubmed	True	False	True	True	True	2003	0	296	3756	769	https://www.ebi.ac.uk/pride/archive/projects/PXD010690	False
PXD010698	e86fade7b50e824fa3c7803f27d8d2a541529232b862cd860e2ba3fc57dc12fb	pubmed	True	False	True	True	True	2003	0	334	2503	762	https://www.ebi.ac.uk/pride/archive/projects/PXD010698	False
PXD010708	2477230148a7e04129bbf3d6e35b559f89c7fefe835a1e193e88979a8c5e5030	pubmed	True	False	True	True	True	2003	0	298	3263	762	https://www.ebi.ac.uk/pride/archive/projects/PXD010708	False
PXD010786	047501132a61f8c0c45cfbd4cfc356a33195469017b2c7318607675c323d0048	pubmed	True	False	True	True	True	1894	0	315	1928	1178	https://www.ebi.ac.uk/pride/archive/projects/PXD010786	False
PXD010787	71edb1bd21e72883c0c3d7717be40a10043b67d515199b789fa7b83a0147efb6	pubmed	True	False	True	True	True	1894	0	313	2934	1209	https://www.ebi.ac.uk/pride/archive/projects/PXD010787	False
PXD010805	2cda618952eaa624ef5b5f65fdf4531cc96403d0f37ef475715b9aa3dc3bbc69	pride	True	False	True	True	True	875	0	318	4135	980	https://www.ebi.ac.uk/pride/archive/projects/PXD010805	False
PXD010821	59922b154e3b208fd12ddfcbbe0d06daf8b0f72e6b630d3fe0839f476000cce1	pride	True	True	True	True	True	1185	43434	292	1683	1888	https://www.ebi.ac.uk/pride/archive/projects/PXD010821	False
PXD010870	8dd80bc3b8c3fe7023521d4bc60bb81adb2c4b8c5bbb746466155bf3ca690a22	pride	True	True	True	True	True	285	21699	304	1233	229	https://www.ebi.ac.uk/pride/archive/projects/PXD010870	False
PXD010941	1dc07573999e8ce951748e4431a87f865181fa2493c7c7c5613d5f6f38e9a11b	pride	True	True	True	True	True	292	18559	409	3904	1568	https://www.ebi.ac.uk/pride/archive/projects/PXD010941	False
PXD010942	54974fb30dde9faee26d7c7f3421c2547c86e9a4e5760360ae52a53a716b9daf	pride	True	True	True	True	True	500	18559	481	3904	2039	https://www.ebi.ac.uk/pride/archive/projects/PXD010942	False
PXD011000	de2a836fa0dbc19bddf2e46b8e08a53dba7769eff1e48312a6e0efdff14744bb	pubmed	True	False	True	True	True	1502	0	331	1438	1422	https://www.ebi.ac.uk/pride/archive/projects/PXD011000	False
PXD011009	ed4bcfcd77c8a731d3577fa398bb8e611605a366d437f471da0d34cd1b4d66b1	pubmed	True	False	True	True	True	1436	0	307	1031	901	https://www.ebi.ac.uk/pride/archive/projects/PXD011009	False
PXD011033	7af52d942dfd1479419e8243593c2eaf4a1b63bd411c29d9661828832253b9d1	pride	True	True	True	True	True	1468	23757	470	2614	1717	https://www.ebi.ac.uk/pride/archive/projects/PXD011033	False
PXD011042	e2682a39b2d264cd6e09a256c2ca8d5722d18029c7caeef5c2290e85a38771e4	pride	True	True	True	True	True	1940	12456	360	637	787	https://www.ebi.ac.uk/pride/archive/projects/PXD011042	False
PXD011075	76099d0634afc6616d4b47ea49b95020b822f6cfab459727dea80b928616b9ec	pride	True	False	True	True	True	836	0	330	414	62	https://www.ebi.ac.uk/pride/archive/projects/PXD011075	False
PXD011124	5275542f8f7de15d65d5bd88a905cf0d4a878a12faf84080c7dc83232731093f	pride	True	False	True	True	True	1107	0	350	2263	301	https://www.ebi.ac.uk/pride/archive/projects/PXD011124	False
PXD011146	e10ab8c160fe96756f24d6488c742d6df3c7c304781a818450bb0426fe547d9e	pride	True	False	True	True	True	1203	0	296	1873	810	https://www.ebi.ac.uk/pride/archive/projects/PXD011146	False
PXD011152	cc02a6092cfdfc3451c4319845cef7854c389d434377ac4fb8b8dab162ee42e8	pubmed	True	False	True	True	True	2007	0	263	284	112	https://www.ebi.ac.uk/pride/archive/projects/PXD011152	False
PXD011175	500e36501edde5de0ffa3b0109c2a973f7da236bcca9796902a89dc83a627218	pride	True	True	True	True	True	1659	6593	321	4930	977	https://www.ebi.ac.uk/pride/archive/projects/PXD011175	False
PXD011183	970ce3604c2c33099188473b32ed377d0db459d1b2dad6492669e3515d5e76cf	pubmed	True	False	True	True	True	2519	0	258	2608	552	https://www.ebi.ac.uk/pride/archive/projects/PXD011183	False
PXD011204	c3d0232d7e1acd01ba90abc8836f8c785e45ff243fd03f565ef131f7ac171a43	pubmed	True	False	True	True	True	1756	0	374	241	458	https://www.ebi.ac.uk/pride/archive/projects/PXD011204	False
PXD011241	a495758eaee8b513eeeb194910575216eafc6548970acd1d49f411f8e46799c3	pride	True	True	True	True	True	149	12715	300	613	107	https://www.ebi.ac.uk/pride/archive/projects/PXD011241	False
PXD011242	09104531499ba8078f48601702fe5a98d8c83dc0282f85e0bb0bf18b4e30176b	pubmed	True	False	True	True	True	1637	0	266	1603	695	https://www.ebi.ac.uk/pride/archive/projects/PXD011242	False
PXD011256	504ef20b4794fc135fb264f9512748db7136b9539576ad47c803c94500bf7519	pride	True	True	True	True	True	77	11896	280	206	567	https://www.ebi.ac.uk/pride/archive/projects/PXD011256	False
PXD011301	d02c1d360378140958b8a592cfdce73d6d286d0f18e9a84ba71083ae825356d4	pride	True	True	True	True	True	745	13153	408	842	701	https://www.ebi.ac.uk/pride/archive/projects/PXD011301	False
PXD011309	80f4f37e2ffffe8997d0c0dcffbac075af700f4ea5b4af06c98bfeee78d932b8	pride	True	True	True	True	True	891	10262	357	2394	1783	https://www.ebi.ac.uk/pride/archive/projects/PXD011309	False
PXD011456	3188283465a4624313b1571a2b551da6cec50cef4f835894015ca32ebb36ce5a	pride	True	True	True	True	True	1718	430	357	4862	1542	https://www.ebi.ac.uk/pride/archive/projects/PXD011456	False
PXD011467	c148517535ab5cc2f463e8fccc266466cd0625ca20e369ca8aca1fb5a1f98822	pubmed	True	False	True	True	True	1400	0	287	546	959	https://www.ebi.ac.uk/pride/archive/projects/PXD011467	False
PXD011492	9b1c3476944771cacb03c9c4b9e032707ccbee5e21477037146042168d53b60f	pubmed	True	False	True	True	True	1211	0	436	1596	2363	https://www.ebi.ac.uk/pride/archive/projects/PXD011492	False
PXD011599	fd44cc915965833ab125532eb3efb325d2b111f0936566bb058d36a43ba02b87	pride	True	True	True	True	True	1360	12367	469	3208	3037	https://www.ebi.ac.uk/pride/archive/projects/PXD011599	False
PXD011609	22c87ac6af74d828a07475a2a57479c17fa63129f7da7ff3e266e5a96c881a96	pubmed	True	False	True	True	True	1894	0	420	2958	514	https://www.ebi.ac.uk/pride/archive/projects/PXD011609	False
PXD011618	2351599d11b0213fbca4db2c5e854675844a1219a522fc84664394ebf35ff9f4	pride	True	False	True	True	True	1348	0	251	3372	1154	https://www.ebi.ac.uk/pride/archive/projects/PXD011618	False
PXD011839	4a37f35bb428fe745c071b01c849550359c497d987fb9b8acbc33d75ee792345	pride	True	True	True	True	True	993	13044	261	401	942	https://www.ebi.ac.uk/pride/archive/projects/PXD011839	False
PXD011960	14ff67313b44a39465bcf17a0b34031861041d372695bbe24816fa8174355493	pubmed	True	False	True	True	True	1164	0	246	730	957	https://www.ebi.ac.uk/pride/archive/projects/PXD011960	False
PXD012755	36f37f5aa5f262c4b656f117f71d5385d66b78880223112ee34864ec5cbecca7	pride	True	True	True	True	True	1835	9049	352	430	1220	https://www.ebi.ac.uk/pride/archive/projects/PXD012755	False
PXD012792	cf391f91af77dcda79735e82f907825cbfb41994c0f78df6cb186b451651410d	pubmed	True	False	True	True	True	1225	0	266	427	111	https://www.ebi.ac.uk/pride/archive/projects/PXD012792	False
PXD013523	8152b6e9f649f7dad7dc4a15e67dec1a828956f4ec3833c19937e7a6cd47f3a6	pride	True	True	True	True	True	1277	14446	389	936	1023	https://www.ebi.ac.uk/pride/archive/projects/PXD013523	False
PXD013868	e1d49a4e171ba492c70343c6ef1cf55a343acaf2e456bd10b8ddc10ed809a26e	pubmed	True	False	True	True	True	1089	0	537	998	459	https://www.ebi.ac.uk/pride/archive/projects/PXD013868	False
PXD013923	52973783868d7cc985c3ac14871a4a5acce24d0d04e83650c1f66d5136d69ced	pride	True	True	True	True	True	1651	17568	339	4990	2393	https://www.ebi.ac.uk/pride/archive/projects/PXD013923	False
PXD015957	8a573f73d03f7f545929e464f5e9cb0157c0ed5bd10613e1faced0bd9bee2d7a	pride	True	True	True	True	True	1238	18385	324	1409	1801	https://www.ebi.ac.uk/pride/archive/projects/PXD015957	False
PXD016199	b0444612c1dc38684902ecca3f437becadab25358a066b3efcfe6f09207e8e1a	pride	True	True	True	True	True	1348	7906	268	3055	3938	https://www.ebi.ac.uk/pride/archive/projects/PXD016199	False
PXD016273	dd8182a515a3b2684fb70a4c54cb91006335ca6e64a9e9b11a716cc176e528b2	pubmed	True	False	True	True	True	1126	0	268	4915	947	https://www.ebi.ac.uk/pride/archive/projects/PXD016273	False
PXD017799	df0088f3815e68e8ea969b7b0d39cbf041110ae0656b29073ac7fb149ce6e51f	pride	True	True	True	True	True	1911	3285	371	959	404	https://www.ebi.ac.uk/pride/archive/projects/PXD017799	False
PXD018110	fec910f016feea7d64f3dce2e34123967ceee9637af208bbc83fe7a99dda2f4a	pride	True	True	True	True	True	1116	19896	422	4460	3879	https://www.ebi.ac.uk/pride/archive/projects/PXD018110	False
PXD019817	ba0ad9700c0b6e783cb4d1023837172d574713c17b81c2c28ebefa186f312563	pride	True	True	True	True	True	2736	25552	338	3192	590	https://www.ebi.ac.uk/pride/archive/projects/PXD019817	False
PXD020122	c7792fe27f64903c50a0c78305c3691eb343977f3ad53acdcf698ed898f090a1	pride	True	False	True	True	True	408	0	225	1903	565	https://www.ebi.ac.uk/pride/archive/projects/PXD020122	False
PXD020164	6f697076adc732ff305ccb4a2eac0d3be993feb1589e845c9f0c95426f24b871	pride	True	False	True	True	True	408	0	238	1837	565	https://www.ebi.ac.uk/pride/archive/projects/PXD020164	False
PXD020187	a17bde8070d3a7bd644e11ff68645fe60fdceb664e21d18b988e76a8ca850a16	pride	True	True	True	True	True	4793	15596	376	2680	614	https://www.ebi.ac.uk/pride/archive/projects/PXD020187	False
PXD020192	abae8ed026da26b935ad9113c4eb7f5c368daaaf1fc9c397fcab4c560dba4b1b	pubmed	True	False	True	True	True	1411	0	389	1716	648	https://www.ebi.ac.uk/pride/archive/projects/PXD020192	False
PXD020352	9f0852c7dadd6392d9757d7ae0f0c03cf932595922de7649cf32e8b5e3bc2219	pride	True	False	True	True	True	408	0	264	2136	818	https://www.ebi.ac.uk/pride/archive/projects/PXD020352	False
PXD021106	1208e6bf414fcfac64a9c557aaf3d5e81c22d19aa0ca8f3e010f367cfd6235b2	pride	True	True	True	True	True	219	9758	219	1420	1388	https://www.ebi.ac.uk/pride/archive/projects/PXD021106	False
PXD021401	3a94fe8e1bc6f261da9b9ade0c60864ea2a4e9f3ee12f2995e9b15c757ad4ff2	pride	True	True	True	True	True	1394	8966	265	1734	1518	https://www.ebi.ac.uk/pride/archive/projects/PXD021401	False
PXD022843	6bbc156a4463c69593e789d680cc7fcaf26c5f1d66797bb83768a39d895791e8	pride	True	False	True	True	True	230	0	240	2416	821	https://www.ebi.ac.uk/pride/archive/projects/PXD022843	False
PXD022983	905bca4136b18008fd82e038a8580024a5eb9b45de2bb2677b629e48b860d366	pride	True	True	True	True	True	1585	10140	343	1216	1216	https://www.ebi.ac.uk/pride/archive/projects/PXD022983	False
PXD025899	5e9ec1ecf4cd70d8a81b90a09eeb5054c4ce8076532f531446e6aee00207ba84	pride	True	True	True	True	True	1941	11402	325	4883	1645	https://www.ebi.ac.uk/pride/archive/projects/PXD025899	False
PXD028393	a9ec24f5ab3f6eb0f51f2cab2dbd71f68a0ef031cad51c8ec202f332da7aeb08	pride	True	True	True	True	True	2202	29115	365	4997	4063	https://www.ebi.ac.uk/pride/archive/projects/PXD028393	False
PXD029400	4cedc223078db6d57bad8bf73bbd2a6f1bab6eef88a4d9200ef4e928ad761335	pride	True	True	True	True	True	835	9699	361	4255	1681	https://www.ebi.ac.uk/pride/archive/projects/PXD029400	False
PXD030804	a7edd8fb65d72b7e9d8bba2bd6015d8e2643d16031442f13c8d5499a530f00a1	pride	True	False	True	True	True	506	0	286	263	1039	https://www.ebi.ac.uk/pride/archive/projects/PXD030804	False
PXD030990	70a5a9a74f4792311f8a7606c917e7e2805cfd5648813c550359ecb7947427a7	pride	True	True	True	True	True	464	6018	265	406	747	https://www.ebi.ac.uk/pride/archive/projects/PXD030990	False
PXD032918	7e55e7fca24c2ccfbab551007df1c554124921f38950914b2a910e05b6ed051c	pride	True	True	True	True	True	1251	57110	348	4891	738	https://www.ebi.ac.uk/pride/archive/projects/PXD032918	False
PXD035447	2e243de796a436f71abb49de106338b374220cc4be780e7d3e3f4a49fb59e3d9	pride	True	False	True	True	True	1694	0	304	897	1819	https://www.ebi.ac.uk/pride/archive/projects/PXD035447	False
PXD035780	292ba0d157abc6e637b1e460432b25506b2dcf82147bb8f659084fa9e6029471	pride	True	False	True	True	True	171	0	358	3276	1764	https://www.ebi.ac.uk/pride/archive/projects/PXD035780	False
PXD036023	9d9b6ef0b557df35077deca5ccf41a4e50b73694d533eaa64889096c54fd8214	pride	True	False	True	True	True	1770	0	261	1245	804	https://www.ebi.ac.uk/pride/archive/projects/PXD036023	False
PXD036633	04aedc712b48a1498e80dda575271d094740ea800aa16e186f284d33dc24800d	pride	True	False	True	True	True	128	0	222	330	102	https://www.ebi.ac.uk/pride/archive/projects/PXD036633	False
PXD037340	bd491c72cfd0c675c873cc97b7d333ec54356fdaba78e53ae2ae798d808f7260	pride	True	False	True	True	True	709	0	374	4927	1200	https://www.ebi.ac.uk/pride/archive/projects/PXD037340	False
PXD037654	bebe498e7c997df5855a49d81424b49a047d533df367c25d0745b2cc4e46b2e8	pride	True	True	True	True	True	1157	14110	417	1659	2509	https://www.ebi.ac.uk/pride/archive/projects/PXD037654	False
PXD046331	c9e3c65b3101b9f80436148d64e26d7b75d7c0e34c9c7f9ed202e03cf85e5d2c	pride	True	True	True	True	True	950	16596	404	1018	573	https://www.ebi.ac.uk/pride/archive/projects/PXD046331	False
PXD046357	44553c30d629b713de6592a500752bc28d6d73801846dca0ef1f2ff67974b735	pride	True	False	True	True	True	1108	0	241	1665	1624	https://www.ebi.ac.uk/pride/archive/projects/PXD046357	False
PXD046372	b3d4a18d294305614f4bcf3e4512bfa92711cd242a055bb410298aeaf2ee3226	pride	True	False	True	True	True	1108	0	214	1590	1624	https://www.ebi.ac.uk/pride/archive/projects/PXD046372	False
PXD046393	0db763bae969de75921b51b87594caf074f454da3c98479ca4156a7a8122b1e0	pride	True	False	True	True	True	130	0	371	288	283	https://www.ebi.ac.uk/pride/archive/projects/PXD046393	False
PXD046405	90b2adbf56609b14ebcf3fe55cef5d0121ea6aefbe7fff702ff2525166b99d22	pride	True	False	True	True	True	1954	0	355	2871	2213	https://www.ebi.ac.uk/pride/archive/projects/PXD046405	False
PXD046412	7379f94d0dcedba73708b4341ab0b4b91066c9a4be79f95fe77031eb10867b77	pride	True	False	True	True	True	1014	0	339	4185	1592	https://www.ebi.ac.uk/pride/archive/projects/PXD046412	False
PXD046413	8914a40ba460ec760260197755daea60aeb6d7c28e82371fca3d3f8cbf9016eb	pride	True	False	True	True	True	1109	0	334	4185	1592	https://www.ebi.ac.uk/pride/archive/projects/PXD046413	False
PXD046414	8914a40ba460ec760260197755daea60aeb6d7c28e82371fca3d3f8cbf9016eb	pride	True	False	True	True	True	1109	0	334	4185	1592	https://www.ebi.ac.uk/pride/archive/projects/PXD046414	False
PXD046417	c9c01e96d7e1029deee2f3e69f779a8410614c77202b0b208d0400f985feaca3	pride	True	False	True	True	True	1108	0	236	1590	1624	https://www.ebi.ac.uk/pride/archive/projects/PXD046417	False
PXD046438	26ab9acc9c5eaf6c774844c5ad0ad8679ad91629e2291595d5a294be167c34c4	pride	True	False	True	True	True	447	0	334	1151	1009	https://www.ebi.ac.uk/pride/archive/projects/PXD046438	False
PXD046451	d25b5e78f78462e046f49a3893f425ee145b1755123d75ba55c098071f0a0909	pride	True	True	True	True	True	224	14218	362	3805	1715	https://www.ebi.ac.uk/pride/archive/projects/PXD046451	False
PXD046457	387c10cbbf4591b055e6c90bf38c5704d64a4578049e95fd35790721bbe3825f	pride	True	False	True	True	True	1543	0	410	4626	2376	https://www.ebi.ac.uk/pride/archive/projects/PXD046457	False
PXD046462	5571e9959ef23157d9b8a16f43603fbee319459a65895fae5516a7a53a70d0fe	pride	True	False	True	True	True	1495	0	284	3205	1792	https://www.ebi.ac.uk/pride/archive/projects/PXD046462	False
PXD046463	a0943174132bab4846861cc3ee7d50b06108f5121ab08cfdda14e4526a9c9e03	pride	True	False	True	True	True	396	0	296	767	1121	https://www.ebi.ac.uk/pride/archive/projects/PXD046463	False
PXD046497	4ca10b833716b6263555cb8d750cdd4164a217a2310f4a20b518b163745efb64	pride	True	True	True	True	True	1225	27710	391	1127	884	https://www.ebi.ac.uk/pride/archive/projects/PXD046497	False
PXD046500	a5aa7b4855cbb70e44276a07db893ce59c6f66ac23740b11d880fbb1fd2785ef	pride	True	True	True	True	True	1347	27710	310	2360	1469	https://www.ebi.ac.uk/pride/archive/projects/PXD046500	False
PXD046508	ba1d1d6ebb61bf9f402fd09dff295f2e5a6b232ec2976fd5e13ebad58e0757bd	pubmed	True	False	True	True	True	1179	0	302	2664	1025	https://www.ebi.ac.uk/pride/archive/projects/PXD046508	False
PXD046525	b54b80501d2a35e7cb025f0434188c480d2cabe0c31795d3d27b4866f936dc19	pride	True	True	True	True	True	854	11018	287	2187	895	https://www.ebi.ac.uk/pride/archive/projects/PXD046525	False
PXD046534	394b4710b34f0c46c452f50818eb43deb156e21fc7867b7c9966475861892ebe	pride	True	False	True	True	True	1005	0	370	3830	1031	https://www.ebi.ac.uk/pride/archive/projects/PXD046534	False
PXD046544	49afc8f278b4fcbb006b2814f752ed5bb0181b0123e8420ead6107ab9e41c57f	pride	True	True	True	True	True	1310	2947	518	4469	1789	https://www.ebi.ac.uk/pride/archive/projects/PXD046544	False
PXD046550	f3bbb947ab599a87ef21447b258c2ae2f75325fa455c9a385968063bbc97c400	pride	True	True	True	True	True	2122	7669	352	4689	1577	https://www.ebi.ac.uk/pride/archive/projects/PXD046550	False
PXD046571	84efbff8076a9e1715b4c319b7b899532a3d3eb648d24c43e1dc07983f5e385d	pride	True	False	True	True	True	3365	0	383	2332	634	https://www.ebi.ac.uk/pride/archive/projects/PXD046571	False
PXD046582	b9fff73601dd620d4bee007e8510679df210feff4aaa01e2e78847b796b64169	pride	True	False	True	True	True	261	0	331	525	683	https://www.ebi.ac.uk/pride/archive/projects/PXD046582	False
PXD046587	e73882a0cc9f7dfc08092183f329c13f7d8bd06fcf0b1fc1fcc370636fe0888f	pride	True	False	True	True	True	1044	0	336	661	1745	https://www.ebi.ac.uk/pride/archive/projects/PXD046587	False
PXD046637	c15e2972bb474f82fb21cb2aa92fd5287a81ccdd34335259e75971bdca43325a	pride	True	False	True	True	True	974	0	237	1686	3866	https://www.ebi.ac.uk/pride/archive/projects/PXD046637	False
PXD046640	9a9de5ad13c737fb353c9f8fa31e18e9e9e0496e2343475a2dd8c9037612ee40	pubmed	True	False	True	True	True	1110	0	328	3287	1732	https://www.ebi.ac.uk/pride/archive/projects/PXD046640	False
PXD046656	fd6d3dca65f2f06dfa1a02350fedcaebf59bb1aeb30eb31f6db063b06486ca48	pride	True	False	True	True	True	178	0	315	792	388	https://www.ebi.ac.uk/pride/archive/projects/PXD046656	False
PXD046660	7bcb53543c36967794bb130531a6737ff8ce68469379e5395240c6fdf1080bf2	pubmed	True	False	True	True	True	1110	0	309	4174	1324	https://www.ebi.ac.uk/pride/archive/projects/PXD046660	False
PXD046676	c35c3b05aa6ffc62e1b783bd7926911a6dd9e811275ab184ccf915ea89b32dcb	pride	True	False	True	True	True	496	0	310	2683	3389	https://www.ebi.ac.uk/pride/archive/projects/PXD046676	False
PXD046709	aca56dff23e7899fb2c91c15d0019e9d0b6e7ba0548d4a84c06d7c897f8ac0a0	pride	True	False	True	True	True	1200	0	239	1216	653	https://www.ebi.ac.uk/pride/archive/projects/PXD046709	False
PXD046711	162aceff74bb9f2f7d20337ec9b23f26ad4e37e9c4e9237aedf021892ad2389f	pride	True	False	True	True	True	1336	0	443	1427	380	https://www.ebi.ac.uk/pride/archive/projects/PXD046711	False
PXD046731	b81c96a1de616c0149814cd81af41f9eaf95e52b843ec59ea6f88948b2e67dd4	pubmed	True	False	True	True	True	1476	0	314	2984	806	https://www.ebi.ac.uk/pride/archive/projects/PXD046731	False
PXD046734	b9a3212bc4eb0f6206ebe7512c0e63e821bc2036ad4cf1c65c29c06a7271a69b	pride	True	False	True	True	True	1556	0	518	4172	4647	https://www.ebi.ac.uk/pride/archive/projects/PXD046734	False
PXD046735	36e33b56778c39fd5a3ec6fc0d5c240e318240665b54a0f3c7fafbf4600531f0	pride	True	False	True	True	True	108	0	243	313	2033	https://www.ebi.ac.uk/pride/archive/projects/PXD046735	False
PXD046738	8e5aa3ef37d53c6b99a641b76ead88062e3528c51d60c8f3f81b34ff89174231	pride	True	False	True	True	True	496	0	337	2683	3389	https://www.ebi.ac.uk/pride/archive/projects/PXD046738	False
PXD046742	a884c33bbf7d8f2c5bf59c247d04a5e5f01969e9fe7ad5e2c578d6be166ed343	pubmed	True	False	True	True	True	1110	0	321	4131	412	https://www.ebi.ac.uk/pride/archive/projects/PXD046742	False
PXD046754	0f28ddc4b41f8131c756acd34eadaa8f1b3a770c9acde407797d07c28557c172	pride	True	False	True	True	True	235	0	342	585	428	https://www.ebi.ac.uk/pride/archive/projects/PXD046754	False
PXD046760	b6ccbdbcbcb0edb82597ab125c56309e02402d31b419fdee56de2923544eb427	pride	True	True	True	True	True	263	31200	339	957	3513	https://www.ebi.ac.uk/pride/archive/projects/PXD046760	False
PXD046786	c1bea29942c7d1f3219426b34cdefcd94a950e5d935894d36a97b8e8d06d1132	pride	True	True	True	True	True	2007	9349	389	1155	1397	https://www.ebi.ac.uk/pride/archive/projects/PXD046786	False
PXD046787	5cbee218c07bf008a6407af4d6c045df78ad4f41d0672170d14b1f61f74bb53d	pride	True	False	True	True	True	606	0	445	796	837	https://www.ebi.ac.uk/pride/archive/projects/PXD046787	False
PXD046793	e5605f6358bd2da99394e19ac8065c92566c8ada0249567f3c63c5ed57c08c2d	pride	True	False	True	True	True	207	0	353	442	273	https://www.ebi.ac.uk/pride/archive/projects/PXD046793	False
PXD046808	118804c727b3a02d3dd29effd383b99b403f279890abd1459d4c050b0436143c	pride	True	False	True	True	True	1917	0	234	4654	1604	https://www.ebi.ac.uk/pride/archive/projects/PXD046808	False
PXD046815	c351a2245437ee1e866a9b2972c0154733e67735cc00bbea92c0be98018c7687	pubmed	True	False	True	True	True	1544	0	250	2006	1792	https://www.ebi.ac.uk/pride/archive/projects/PXD046815	False
PXD046822	c5fd99fd373cb329d2db60bbb440e2c96951a96561c88880b2ab932024fbc10d	pride	True	True	True	True	True	468	18471	387	1023	918	https://www.ebi.ac.uk/pride/archive/projects/PXD046822	False
PXD046846	0d351fb785f5ef686ae7839d49a8e420e66544c19f386a40ae3e1e22ecb58ee4	pride	True	True	True	True	True	1372	8470	380	4229	2109	https://www.ebi.ac.uk/pride/archive/projects/PXD046846	False
PXD046852	bf9e40ed03463a6f318a49d5c67c58426bbc99d4c69a2e9209de18b337fedadf	pride	True	False	True	True	True	201	0	292	909	1137	https://www.ebi.ac.uk/pride/archive/projects/PXD046852	False
PXD046855	8e4b6820e791bd5c901e2fe2309de2df0117135f3ac4b786d640097c6776e29d	pride	True	False	True	True	True	1815	0	246	1874	1795	https://www.ebi.ac.uk/pride/archive/projects/PXD046855	False
PXD046856	c2f2ab9d48d69e23c70e8a0ec90734705d7dfd6571cd83254c1c4b2cbc941637	pride	True	False	True	True	True	136	0	325	1869	1137	https://www.ebi.ac.uk/pride/archive/projects/PXD046856	False
PXD046871	66f77197d5a9a58a3da6bedb5d7a5bd0545b81822033c831ba1c8a692258d1de	pride	True	True	True	True	True	801	7396	437	1200	908	https://www.ebi.ac.uk/pride/archive/projects/PXD046871	False
PXD046955	1386830ecccdb11f99f17fbc4734a5d6338a9b9bd080ced8ebd0a7582296754b	pride	True	False	True	True	True	1199	0	381	3038	829	https://www.ebi.ac.uk/pride/archive/projects/PXD046955	False
PXD046956	775d450eefb0b6c79084f8673fd83ec320cb16b91392507a89969c6fbc0d1e25	pride	True	False	True	True	True	141	0	211	2973	985	https://www.ebi.ac.uk/pride/archive/projects/PXD046956	False
PXD046976	a34ae97c19f740177dcf424f22da92c97031fa023dffd7469381478d69278b44	pride	True	False	True	True	True	1732	0	459	2730	2042	https://www.ebi.ac.uk/pride/archive/projects/PXD046976	False
PXD046988	452a93f2ad1cfba7b902ee39ff08ccdad62686b93087f4b5070ceb33bd55ff6f	pride	True	False	True	True	True	1206	0	255	1551	558	https://www.ebi.ac.uk/pride/archive/projects/PXD046988	False
PXD046995	24fff39812340ec8b754bca245a1b37c9a31c8b24ab216c644a8319e0416f237	pride	True	False	True	True	True	1753	0	362	4995	3073	https://www.ebi.ac.uk/pride/archive/projects/PXD046995	False
PXD046996	5bdc986c01b75851a31bb8a417bbb633f6a0e60e0414d3e8e3626cecc7785e0d	pride	True	True	True	True	True	707	12519	281	1567	459	https://www.ebi.ac.uk/pride/archive/projects/PXD046996	False
PXD047005	1084f7f5fa155ca79ea05abd926dda3b78f43808fcec49d70103358cf6a47dd1	pride	True	False	True	True	True	648	0	272	3973	2090	https://www.ebi.ac.uk/pride/archive/projects/PXD047005	False
PXD047009	34d6e19ee8327adefc8a6f346fdb3e39263ee534286241094550235ab2480013	pride	True	False	True	True	True	1425	0	390	2462	1503	https://www.ebi.ac.uk/pride/archive/projects/PXD047009	False
PXD047019	7118c2ff2fd2c99f7cdae9241caf19628bfadeb0774dacb54a8546bb06baf352	pride	True	False	True	True	True	1766	0	420	6046	1576	https://www.ebi.ac.uk/pride/archive/projects/PXD047019	False
PXD047020	18444cb4451bade120e27ce0c1c696dc1c37a2e435171e9d553cfa01557616e5	pride	True	False	True	True	True	1499	0	321	1800	812	https://www.ebi.ac.uk/pride/archive/projects/PXD047020	False
PXD047036	bce5bd80c9e6d295ea67280a3eaa35fc8e61503446130118cc8a4069c86cd6ac	pride	True	False	True	True	True	241	0	250	2792	576	https://www.ebi.ac.uk/pride/archive/projects/PXD047036	False
PXD047040	04e5806284b6e7364c3ab5bff4bd9b1e6021e3c88015efaad0777082a5fd8d9a	pride	True	True	True	True	True	254	9506	299	105	144	https://www.ebi.ac.uk/pride/archive/projects/PXD047040	False
PXD047043	ee970755a2658a119e047532219d81db117c68feb2847a3cfcefa4c173fb8d28	pubmed	True	False	True	True	True	1602	0	468	1714	268	https://www.ebi.ac.uk/pride/archive/projects/PXD047043	False
PXD047057	320464b483e30036c6fba060a9783ac24d29c7b3b39ec217ed5c7f9d6827f7ed	pride	True	False	True	True	True	1421	0	384	1109	312	https://www.ebi.ac.uk/pride/archive/projects/PXD047057	False
PXD047062	17ccfbce6f7bcc616ab4287a00e8d9e4f0a51ed2737186c8409302400e87153a	pride	True	True	True	True	True	123	18666	312	2405	665	https://www.ebi.ac.uk/pride/archive/projects/PXD047062	False
PXD047066	c3a39ad7eeb41a3af7419e3d876a49e410dce7f8f1d8de5cd98345922bb0e9f3	pride	True	True	True	True	True	76	18666	237	3049	1138	https://www.ebi.ac.uk/pride/archive/projects/PXD047066	False
PXD047071	9fd32983313b4374e134d47cedde30888c2b183452823300e552a7537aaa34fc	pride	True	False	True	True	True	953	0	266	1907	716	https://www.ebi.ac.uk/pride/archive/projects/PXD047071	False
PXD047102	f0be556cbf099fef5dd62bef358f595431d01e90f77c3d40483a91475453d020	pride	True	True	True	True	True	356	22096	218	1092	202	https://www.ebi.ac.uk/pride/archive/projects/PXD047102	False
PXD047108	936b659c10a89e0c56ff66d7beb42e27734d99a5094c6d334e3a9e58884249a1	pride	True	False	True	True	True	1301	0	332	3979	1321	https://www.ebi.ac.uk/pride/archive/projects/PXD047108	False
PXD047111	ef85e366af87667e8e1d57d42c9960ebbaa8a8d11528169800f3dbc21f6ffd57	pubmed	True	False	True	True	True	1682	0	382	4359	2948	https://www.ebi.ac.uk/pride/archive/projects/PXD047111	False
PXD047133	a5ddec5b97e9d140a59d913e6b76991c096b78c68b79f8a4a0e0a1a732699d1a	pride	True	False	True	True	True	1726	0	370	2223	1566	https://www.ebi.ac.uk/pride/archive/projects/PXD047133	False
PXD047134	c340f22ed646e939d9017f8ac49d69a75bd55949d79bf8b64b8f5e77c219e01b	pride	True	True	True	True	True	1037	9680	364	4104	2259	https://www.ebi.ac.uk/pride/archive/projects/PXD047134	False
PXD047157	675eb3bf69ef5382910912fd637e45096d39916425c12eef5e09e810a3994391	pride	True	True	True	True	True	114	34115	368	74	59	https://www.ebi.ac.uk/pride/archive/projects/PXD047157	False
PXD047169	220807d68cc625d028b2c680862090fd6e14a980c2f49a55bf88d21879d8cb9d	pride	True	True	True	True	True	1255	30580	255	2151	3085	https://www.ebi.ac.uk/pride/archive/projects/PXD047169	False
PXD047178	751c2f6080c47eb685838f5fbb27aec09e84c959529da48369741fa556879c5a	pride	True	False	True	True	True	536	0	332	265	78	https://www.ebi.ac.uk/pride/archive/projects/PXD047178	False
PXD047200	ff52bbfcd7bdcb4822a1c865fe3c47b3c1f3f5a81c5eb9002774c5c25df1ec62	pride	True	False	True	True	True	86	0	257	1464	338	https://www.ebi.ac.uk/pride/archive/projects/PXD047200	False
PXD047202	f5c86b4aac588104be91a54bf3983127c71cb5c1cdbf0c2ac6339747534fa549	pride	True	False	True	True	True	134	0	284	1571	870	https://www.ebi.ac.uk/pride/archive/projects/PXD047202	False
PXD047228	d119b468048b7fcc80f3ed79e4625e9679057e271b94c4386df100bf3c52cba3	pride	True	False	True	True	True	423	0	311	299	1097	https://www.ebi.ac.uk/pride/archive/projects/PXD047228	False
PXD047241	19835b5d379c071f6a32e4de2e6ec72a5562d1630ce3e9d299b035549c219233	pride	True	True	True	True	True	503	12541	322	344	632	https://www.ebi.ac.uk/pride/archive/projects/PXD047241	False
PXD047261	75d5bb51239d4b2e28e2b9f7f1dd985517667998b2f064c0281138e96bb5c8f0	pride	True	False	True	True	True	1246	0	475	3508	3471	https://www.ebi.ac.uk/pride/archive/projects/PXD047261	False
PXD047271	1a68254ebfa87a78a2e8c7a1c466f24878ade54f1435c81527507afdf8ffc093	pride	True	False	True	True	True	87	0	315	2565	584	https://www.ebi.ac.uk/pride/archive/projects/PXD047271	False
PXD047313	4117df0aba44ffec66207441e283a253a6fc03cdbd34484bf6cbb52d237fc88b	pride	True	True	True	True	True	120	14747	254	180	107	https://www.ebi.ac.uk/pride/archive/projects/PXD047313	False
PXD047324	1409198b34320c2ce904677623d4bb9b932e99056ce651e464df7bb019a3e317	pride	True	False	True	True	True	635	0	522	2064	2041	https://www.ebi.ac.uk/pride/archive/projects/PXD047324	False
PXD047331	83e5c141bf7d506049bdb1d4ef9c1ab85ac477919ed7dd7879e9c0b0afff0878	pride	True	False	True	True	True	1126	0	285	1704	930	https://www.ebi.ac.uk/pride/archive/projects/PXD047331	False
PXD047339	b679ade7a8bfd4d00ef9b79ad78394cae3e599b00a9c053203273fb5a0af1ec0	pride	True	False	True	True	True	1348	0	260	1832	1465	https://www.ebi.ac.uk/pride/archive/projects/PXD047339	False
PXD047367	1a8a405826bd892b65a29ecf958efc97a8de0129723179c1bcd8e839cfd2aeaa	pride	True	True	True	True	True	1901	12955	316	2251	663	https://www.ebi.ac.uk/pride/archive/projects/PXD047367	False
PXD047386	10c2b5d9b4eb27130de00caac1520811c0d9a132bc3da6fd045937ef71acb54a	pride	True	False	True	True	True	695	0	306	2186	711	https://www.ebi.ac.uk/pride/archive/projects/PXD047386	False
PXD047412	d9b26bc42f434f06b4fa9b416158eccd51096508690805ee55e005decad426ae	pride	True	False	True	True	True	1189	0	577	2241	1034	https://www.ebi.ac.uk/pride/archive/projects/PXD047412	False
PXD047413	8540ebef5b62614143b8311aa692ef0892be5a6d2a4237d163985e25b57f3d87	pride	True	True	True	True	True	1065	739	287	4898	2497	https://www.ebi.ac.uk/pride/archive/projects/PXD047413	False
PXD047435	15ce83e60e74ab4873d9aef82929e39e051451fd562b830077929ebd062f56ed	pubmed	True	False	True	True	True	1346	0	263	2223	183	https://www.ebi.ac.uk/pride/archive/projects/PXD047435	False
PXD047436	6f58b3fb5315b872a72f9807c415022a928be2165d1b437cd82e039ed0388f42	pubmed	True	False	True	True	True	1346	0	247	2223	183	https://www.ebi.ac.uk/pride/archive/projects/PXD047436	False
PXD047438	cf862eb4ac23855971440831baf14a254efc5fcf390039ac8231121807a3897d	pubmed	True	False	True	True	True	1346	0	240	2991	182	https://www.ebi.ac.uk/pride/archive/projects/PXD047438	False
PXD047450	4f75b191cfc82c5db42154a253446757cc7e749383f8e884285127f8134a1181	pride	True	False	True	True	True	1595	0	289	5149	2169	https://www.ebi.ac.uk/pride/archive/projects/PXD047450	False
PXD047507	80110bc099149959b273188ef08f876698c8570cc5ffc7697ce36611871820d0	pride	True	True	True	True	True	309	5962	325	4931	2332	https://www.ebi.ac.uk/pride/archive/projects/PXD047507	False
PXD047527	bde417d3308e5c6bda3324cc1beafb49eb4b10a25cd1a64c7c3d02f25a891c43	pride	True	True	True	True	True	1316	16447	222	796	965	https://www.ebi.ac.uk/pride/archive/projects/PXD047527	False
PXD047528	bb750d907be3c8b002411ead21c74647c56a19a41e191ef92125bbef52ae5fc7	pride	True	False	True	True	True	1717	0	204	1422	564	https://www.ebi.ac.uk/pride/archive/projects/PXD047528	False
PXD047566	6537bb1cd9e421b95a4664aa1ff2803a3e5ca7d00337f9ee238f649331fb9a13	pride	True	False	True	True	True	109	0	283	3052	290	https://www.ebi.ac.uk/pride/archive/projects/PXD047566	False
PXD047573	a46aa4c75d5addad09827ccbb40a02f2e5371717120f50dd4b4e602c2e165205	pride	True	False	True	True	True	1401	0	480	1600	1763	https://www.ebi.ac.uk/pride/archive/projects/PXD047573	False
PXD047574	907f8a16dbee974216bb9b83483c57a224fa87701cccd4862f41d89a664798c4	pride	True	True	True	True	True	1204	16442	417	787	2135	https://www.ebi.ac.uk/pride/archive/projects/PXD047574	False
PXD047577	19b503253f0c9b981fbdda61dba87583ee606d3cac3e4291aad291e52214e457	pride	True	True	True	True	True	1301	17901	262	4993	1708	https://www.ebi.ac.uk/pride/archive/projects/PXD047577	False
PXD047604	1fd2f60dc88cc1fb46f7c26d075960f549d44c4e04985176cc3bd34940e13a63	pride	True	True	True	True	True	2234	11500	326	2468	502	https://www.ebi.ac.uk/pride/archive/projects/PXD047604	False
PXD047613	7a2c1de33dcf1b4aa32ff2e92fde7dc9b868ea949ef4fada5aa87fcf053f0229	pride	True	False	True	True	True	1033	0	476	4916	2269	https://www.ebi.ac.uk/pride/archive/projects/PXD047613	False
PXD047674	6ccc71292b840b2a6aab72cbff4bb16abbafa5a911287b9ef593ff0b4655fa4f	pride	True	False	True	True	True	508	0	371	798	620	https://www.ebi.ac.uk/pride/archive/projects/PXD047674	False
PXD047716	054b50692c82a00573b19c70ae7ae721b26a294c4508baedf1979ca5515ee39f	pride	True	False	True	True	True	501	0	260	3212	1181	https://www.ebi.ac.uk/pride/archive/projects/PXD047716	False
PXD047725	a5872200082d651aae867bbcbb8e2ae734224bccf3bb9f82bb063cbb9d41c782	pride	True	False	True	True	True	1232	0	308	1277	226	https://www.ebi.ac.uk/pride/archive/projects/PXD047725	False
PXD047758	62d3770c2614b0c2af35d2e42080b8024226d4ed4be57560ee30298bdb0d41b4	pride	True	True	True	True	True	566	13016	261	663	886	https://www.ebi.ac.uk/pride/archive/projects/PXD047758	False
PXD047766	f73409fb8ef0fc1131a923dc662becbc7d053069bb622736dd86e88bdd6cb4da	pubmed	True	False	True	True	True	1624	0	269	2683	74	https://www.ebi.ac.uk/pride/archive/projects/PXD047766	False
PXD047774	f229a0aa8ea999f577d7363baa5da8174c4fa76d0576448d3d575cf3d81a5e4f	pride	True	True	True	True	True	1237	20668	369	2777	1187	https://www.ebi.ac.uk/pride/archive/projects/PXD047774	False
PXD047819	8b22d0d75a15c95d92a857392e725c83a57c7db07d52f767d662f343c01dad9a	pride	True	False	True	True	True	1116	0	225	2782	1272	https://www.ebi.ac.uk/pride/archive/projects/PXD047819	False
PXD047823	c57b30337372fab2540f2d57f9c0ba5171b0c1040d80dde647007d5f605663d6	pride	True	True	True	True	True	1319	8923	260	3513	1390	https://www.ebi.ac.uk/pride/archive/projects/PXD047823	False
PXD047828	3a27f3519a3b23bdc4836b46174b5190180c3ca8d30e3f17668ecacd70e449f7	pride	True	False	True	True	True	186	0	288	786	623	https://www.ebi.ac.uk/pride/archive/projects/PXD047828	False
PXD047844	1d511c05876b8057a693f7648ee12e02d788dfd193da9bf26ea8bd0f9d9f58da	pubmed	True	False	True	True	True	447	0	253	185	63	https://www.ebi.ac.uk/pride/archive/projects/PXD047844	False
PXD047864	14af3a3bc03fe0c0260e81719fe10e53483fbb28b6ca4e19480a563c4b4d4a90	pride	True	False	True	True	True	3051	0	425	3672	3953	https://www.ebi.ac.uk/pride/archive/projects/PXD047864	False
PXD047878	a110f77171862068babdc370f374dad4caf5a599ddacd23cbf82b60ed361fb17	pride	True	True	True	True	True	1306	26991	335	3381	1578	https://www.ebi.ac.uk/pride/archive/projects/PXD047878	False
PXD047901	96841a1839804f9640669b4f0bb67dd7e92d068482aefbbc6430aa5278a276bf	pride	True	True	True	True	True	1441	13361	454	4772	3329	https://www.ebi.ac.uk/pride/archive/projects/PXD047901	False
PXD047905	29e87d4831e80a3ba6686437c53bb2f36cd7d4899762f9ec9acce880b5a48fbb	pride	True	False	True	True	True	1126	0	319	3961	4543	https://www.ebi.ac.uk/pride/archive/projects/PXD047905	False
PXD047910	177b60e61638808915a81dae0f64cae7b3a355294d56ffa5cb668380a1fc0616	pride	True	True	True	True	True	297	8418	298	239	200	https://www.ebi.ac.uk/pride/archive/projects/PXD047910	False
PXD047914	22422fc24a675dd8e88262dbe9601386f4d2a4735b81aed6c60c639c6c6a492e	pride	True	False	True	True	True	87	0	180	113	65	https://www.ebi.ac.uk/pride/archive/projects/PXD047914	False
PXD047930	27bd131d10c099f35c797708a873d7a2eee444bf8c032d0ab97595d813cc9b3b	pride	True	False	True	True	True	1751	0	441	3447	1253	https://www.ebi.ac.uk/pride/archive/projects/PXD047930	False
PXD047936	dec41b655cfdc94f66166fd04b288caeb7a003758e64e3b4082f388163236a2d	pride	True	True	True	True	True	1284	29893	281	1500	1159	https://www.ebi.ac.uk/pride/archive/projects/PXD047936	False
PXD047958	ddd0d145b6b011823a0178290f83438f29d9baebee07daec8c54228d47dfefb6	pride	True	False	True	True	True	471	0	240	1340	1050	https://www.ebi.ac.uk/pride/archive/projects/PXD047958	False
PXD047979	a5b6291831a86dd3bf4b1393542333a2d7de2510d35ffa4827a4cc6ea5bac3fc	pride	True	True	True	True	True	1169	18830	390	197	811	https://www.ebi.ac.uk/pride/archive/projects/PXD047979	False
PXD047989	0cd0263beab6136a344c7a35125e1d40788144c808fcb79c52b0d4b5d98f828b	pubmed	True	False	True	True	True	975	0	316	366	647	https://www.ebi.ac.uk/pride/archive/projects/PXD047989	False
PXD048004	b9bf773cf52fb10ef1bf847f0298e613b4fb6eed136c383c696e058b6cc396a0	pride	True	False	True	True	True	2033	0	290	2578	1503	https://www.ebi.ac.uk/pride/archive/projects/PXD048004	False
PXD048009	04a1f9d73e72fef69f2a61a00ce0791be92dd32d61f9ad02631f1ee6378b68e9	pride	True	True	True	True	True	1424	16022	273	3454	4543	https://www.ebi.ac.uk/pride/archive/projects/PXD048009	False
PXD048018	43f50e7b85a6e85343a5a22527648bc9b5b7b8e0bbfcdc5efe8752cb2a6f38e2	pubmed	True	False	True	True	True	1110	0	397	4802	2020	https://www.ebi.ac.uk/pride/archive/projects/PXD048018	False
PXD048034	aa4f152bcf8373faeafc72d0497f771661a1bd919917ed7bf62532d55204430b	pride	True	False	True	True	True	2140	0	367	1500	363	https://www.ebi.ac.uk/pride/archive/projects/PXD048034	False
PXD048041	c33f80f253343a79be62b5cefc261d2f162370775ad43c0487171bb56a11229e	pubmed	True	False	True	True	True	1110	0	319	4802	2020	https://www.ebi.ac.uk/pride/archive/projects/PXD048041	False
PXD048054	d1eb3775924ddee38eb18670795b0a762729354cd7e7d83a61e75a7c6d8137cf	pride	True	False	True	True	True	1103	0	324	1658	605	https://www.ebi.ac.uk/pride/archive/projects/PXD048054	False
PXD048082	fbd1ba29ebc0bc20901e29439e06ddb9f219959c63ec85612369ba9989f717e1	pride	True	True	True	True	True	669	27966	337	2094	611	https://www.ebi.ac.uk/pride/archive/projects/PXD048082	False
PXD048091	db9566ed61c1c690c23a147ec497dc77674d7f67d356b0656401522272e35978	pride	True	False	True	True	True	1742	0	313	1794	1276	https://www.ebi.ac.uk/pride/archive/projects/PXD048091	False
PXD048098	378fbf4f754bcc89cb37f527fbbcb06139eddeade33e9aa7351720da172c0077	pride	True	False	True	True	True	378	0	311	2404	724	https://www.ebi.ac.uk/pride/archive/projects/PXD048098	False
PXD048101	ae2fa8fa74b5b3eaf26e254f4e2001781d5c0b45210cf03d5d5cd18abda87b3d	pride	True	False	True	True	True	52	0	186	130	64	https://www.ebi.ac.uk/pride/archive/projects/PXD048101	False
PXD048102	b19d64e83bf3d4aed13929ea84580f55c7c407f95694c5cdeddc1cc5ebbcc415	pride	True	False	True	True	True	54	0	186	130	64	https://www.ebi.ac.uk/pride/archive/projects/PXD048102	False
PXD048170	81de1b656c4ed2c053113a688f5f0d7acb89e7a147f6bab5c83bbff5f8320f17	pubmed	True	False	True	True	True	1507	0	358	313	342	https://www.ebi.ac.uk/pride/archive/projects/PXD048170	False
PXD048180	f1a7ad70675b721e6d48183c654d4fab5aabf2594cac1f0bd4f5f4842bd45517	pride	True	False	True	True	True	697	0	306	311	490	https://www.ebi.ac.uk/pride/archive/projects/PXD048180	False
PXD048186	23d6cd740313a908bef197a703a95f544ce6f6c080be615647153302e11ddc80	pride	True	True	True	True	True	1376	10857	304	1715	1785	https://www.ebi.ac.uk/pride/archive/projects/PXD048186	False
PXD048225	17a7451bbb09c7bc9a89d8a1d617496f2dea523757f08ee66f0fa8b7d661b8a1	pride	True	False	True	True	True	1044	0	291	1313	1012	https://www.ebi.ac.uk/pride/archive/projects/PXD048225	False
PXD048228	04881e40f04d1c50fa2b7b46fc3a40a3cb2268bb952d3694b94810df0b249d0d	pride	True	True	True	True	True	1401	11278	410	2441	2178	https://www.ebi.ac.uk/pride/archive/projects/PXD048228	False
PXD048312	67289673570a61dcb828ba6cea9b8cbca5ea09fa37263a8dcdd626c8368ec0b9	pride	True	False	True	True	True	54	0	194	130	64	https://www.ebi.ac.uk/pride/archive/projects/PXD048312	False
PXD048323	ba5186aa58f6ee5365c39ffed8d556e6b122a85f85e46ad231b08d1a70e4c958	pride	True	True	True	True	True	737	14436	329	2818	855	https://www.ebi.ac.uk/pride/archive/projects/PXD048323	False
PXD048361	4af19985ccf0fb8e9973422fca8ef9b2198fd58ed107fdc09b8a20f009c1835f	pride	True	True	True	True	True	1781	18868	294	1656	1404	https://www.ebi.ac.uk/pride/archive/projects/PXD048361	False
PXD048380	e123ca9fe8326d7c83164a84f083638ca68cf16b8447f06d1421b67815f2c08b	pride	True	True	True	True	True	306	11025	390	2692	915	https://www.ebi.ac.uk/pride/archive/projects/PXD048380	False
PXD048393	86cefe4d5bc79a2e107cf01b9461c89c1259e7257cb17a9d47219d7b2c77d503	pride	True	False	True	True	True	1103	0	396	1767	2347	https://www.ebi.ac.uk/pride/archive/projects/PXD048393	False
PXD048450	abd8ce520802e016b882f2b03b792a604f17aafcc171b5e2f3cc856e91adeaff	pride	True	True	True	True	True	1386	13376	369	881	1813	https://www.ebi.ac.uk/pride/archive/projects/PXD048450	False
PXD048460	b5a09fe69e08024eee373468ce1ae1faf8f7155c92121c2f901f079ae7d0225d	pride	True	False	True	True	True	1426	0	375	3327	376	https://www.ebi.ac.uk/pride/archive/projects/PXD048460	False
PXD048464	fcef83ce172f1508526be9755234ddc3ce9eb2d2feaa1fd47eac40d29420b21e	pride	True	True	True	True	True	1495	10061	491	4665	994	https://www.ebi.ac.uk/pride/archive/projects/PXD048464	False
PXD048479	438e4db322985475b42bfb19d6a275a6179b7fdf2763eb201658afb70cbf50c3	pride	True	False	True	True	True	1671	0	331	2578	2810	https://www.ebi.ac.uk/pride/archive/projects/PXD048479	False
PXD048503	0615cad11ed000e28ddebbaa4082060dff98c73a1c2aa5f70174e461f544ac0e	pride	True	False	True	True	True	1583	0	329	4196	1993	https://www.ebi.ac.uk/pride/archive/projects/PXD048503	False
PXD048511	6f923381578a02d9558791d48fb093c4c05800a73bb59d71686c528e450e190f	pride	True	False	True	True	True	1531	0	273	445	532	https://www.ebi.ac.uk/pride/archive/projects/PXD048511	False
PXD048529	27d16a94652634870534ea4fbc6d3432a2dfdbb0bcfc713e08e76397661ea7be	pride	True	False	True	True	True	1893	0	310	4965	2210	https://www.ebi.ac.uk/pride/archive/projects/PXD048529	False
PXD048532	81674694a1ae5a06a9f44113bdbc1db4459aea49a5d75bb4b13a80d0e2980df1	pride	True	False	True	True	True	1893	0	383	4940	2207	https://www.ebi.ac.uk/pride/archive/projects/PXD048532	False
PXD048534	3bdc2c97d5b5ebea8b05e4ebecea1919531f368172e40bf4735a3a941f223256	pride	True	False	True	True	True	1893	0	325	3735	1451	https://www.ebi.ac.uk/pride/archive/projects/PXD048534	False
PXD048538	98019de20f7dd558855282627960efbe4b84c1fdabf6c31da34ffe460a0f39a5	pride	True	True	True	True	True	364	24142	422	1803	2918	https://www.ebi.ac.uk/pride/archive/projects/PXD048538	False
PXD048553	e6a369ab1bf26bbe0f671641988a09e77a63ecd2588d02d0571965171d0f7840	pride	True	False	True	True	True	1237	0	357	3661	1337	https://www.ebi.ac.uk/pride/archive/projects/PXD048553	False
PXD048556	424e899af632b695cadf70f53f40ba8cdda0b0ae0aab89b072d57c7fd6bb8bb8	pride	True	False	True	True	True	98	0	279	931	307	https://www.ebi.ac.uk/pride/archive/projects/PXD048556	False
PXD048589	b288616cc094c3a6ae634c144a1575ffe891899f937e53abefe67818516e3bc7	pride	True	False	True	True	True	272	0	304	1383	524	https://www.ebi.ac.uk/pride/archive/projects/PXD048589	False
PXD048603	f9b3d65ff8edd8a48c916177077a46b9f317124adbbc3de3396cf0e8e2fa2b98	pride	True	True	True	True	True	1239	16912	347	2449	1099	https://www.ebi.ac.uk/pride/archive/projects/PXD048603	False
PXD048606	9ee0e233c7d493c89a55472cc8e36fa6b196d20bedb29f396d2d9e326884e07d	pride	True	False	True	True	True	1690	0	343	2107	761	https://www.ebi.ac.uk/pride/archive/projects/PXD048606	False
PXD048618	a2ed170b281e24843b44cd069fbbab67ab3868fcfe83c92a56bbe42763410bbb	pride	True	False	True	True	True	1142	0	352	4677	4023	https://www.ebi.ac.uk/pride/archive/projects/PXD048618	False
PXD048623	99010f32b7f342c490f04dc9f3b2c67b7b6afa554e1beb1c55bbc29a0ea4f51c	pride	True	False	True	True	True	1108	0	294	1320	562	https://www.ebi.ac.uk/pride/archive/projects/PXD048623	False
PXD048637	fa118271e01ddad99441d4d3c3b9464e67caffc03c4d553f2425e54360472c06	pride	True	False	True	True	True	1302	0	495	3353	2235	https://www.ebi.ac.uk/pride/archive/projects/PXD048637	False
PXD048645	db334d955ab814928147f44b5f0c7e00d0aece2dfb1730f60edaa7e4bc61b70d	pride	True	False	True	True	True	1147	0	316	1267	320	https://www.ebi.ac.uk/pride/archive/projects/PXD048645	False
PXD048647	80c35b23ded5060a391c541d55637e42efed80afcc8cd2e846b4707f5dee9eed	pride	True	True	True	True	True	1503	10281	313	2249	764	https://www.ebi.ac.uk/pride/archive/projects/PXD048647	False
PXD048675	82977f18b174a5656797186112148ff9dcfa3ceff06b7c3d48ce709b8e04a7a7	pride	True	False	True	True	True	1843	0	329	1923	843	https://www.ebi.ac.uk/pride/archive/projects/PXD048675	False
PXD048682	f946bed85d87de4ae62111b0ca476ce78650f7045c8ed289769657fc7377a1b3	pride	True	False	True	True	True	1724	0	282	3839	1022	https://www.ebi.ac.uk/pride/archive/projects/PXD048682	False
PXD048691	632d45a9b63e4d925c4e081adafb0cf937e94dd7f53ce49622700317f1d60047	pride	True	False	True	True	True	1242	0	268	4209	4436	https://www.ebi.ac.uk/pride/archive/projects/PXD048691	False
PXD048696	c97d4e93539fdbde1ad16f7ecd432d04a8d24ee080946910165baf058210e75e	pubmed	True	False	True	True	True	1513	0	450	3516	1058	https://www.ebi.ac.uk/pride/archive/projects/PXD048696	False
PXD048718	7ef3782b70467e38f906a769a541ee824693c9b6e8c2414e95f990d5e993ec1f	pride	True	False	True	True	True	1104	0	325	4521	2156	https://www.ebi.ac.uk/pride/archive/projects/PXD048718	False
PXD048734	1eecd2549a7530b84a719c2d7f2749883f945a82bad48c8f9f7f5cb6cb493e86	pride	True	False	True	True	True	116	0	208	152	123	https://www.ebi.ac.uk/pride/archive/projects/PXD048734	False
PXD048767	2176bc9975af8a1dabb69c74290ce5b0d37ca75c90c8c7345c67c48a721d8a98	pride	True	False	True	True	True	1270	0	326	1941	824	https://www.ebi.ac.uk/pride/archive/projects/PXD048767	False
PXD048830	a0608636bc5caa6196d6c5c2e7c37435c39f714570057e183a5a8d42522523d0	pride	True	True	True	True	True	1469	25081	323	4561	4458	https://www.ebi.ac.uk/pride/archive/projects/PXD048830	False
PXD048839	d12528239f6724c0dacacfa3a8605a35d5755c0357e3d1a29062f6dfbe5da303	pride	True	True	True	True	True	382	3912	345	4055	1590	https://www.ebi.ac.uk/pride/archive/projects/PXD048839	False
PXD048840	279e1b56819071633f4d3ddf9b753077332528ec5f0bedbc4af823c020b84d8a	pride	True	True	True	True	True	382	3912	353	3576	1589	https://www.ebi.ac.uk/pride/archive/projects/PXD048840	False
PXD048849	6eb5c0825b5d014b50d4905a65f98a110657ec1cd2d15a1b4eff39559991a73d	pride	True	False	True	True	True	1045	0	388	3482	3150	https://www.ebi.ac.uk/pride/archive/projects/PXD048849	False
PXD048853	8ecf7d9dd67d831f3560d2a322a35d92f63d439c81299a149ab18ea92bad70d4	pride	True	False	True	True	True	290	0	272	2412	2932	https://www.ebi.ac.uk/pride/archive/projects/PXD048853	False
PXD048866	92226cf2e1dcfd785cee261f88be79a14fff412b21af2539711308c6b2a85ac4	pride	True	False	True	True	True	249	0	325	3087	341	https://www.ebi.ac.uk/pride/archive/projects/PXD048866	False
PXD048880	13af6126705fbda925cd5a6f5b561f5556faee5b30a5a9090883f278c18a1833	pride	True	True	True	True	True	1894	27701	371	4407	530	https://www.ebi.ac.uk/pride/archive/projects/PXD048880	False
PXD048906	1ed03ef8b05820d4ba7112bcb9cabd756657e1a58fcb896141f2bc99a973bd4f	pride	True	False	True	True	True	1418	0	242	1500	643	https://www.ebi.ac.uk/pride/archive/projects/PXD048906	False
PXD048929	d8dd3b7f90ee285e878da98d4376389b0ce87c3d43a9d8979abcf07445e6b289	pride	True	False	True	True	True	299	0	254	3014	4442	https://www.ebi.ac.uk/pride/archive/projects/PXD048929	False
PXD048931	0a2daba435b1c08330fb960c048402b35f58eb5b422a17c585c8c493eb22b299	pride	True	False	True	True	True	1086	0	365	2450	919	https://www.ebi.ac.uk/pride/archive/projects/PXD048931	False
PXD048934	310e74f6f4b9c5b78cd23f70ac9f04ba6c1d04cc1fa876b71b837e93b7ca0e2f	pride	True	True	True	True	True	854	9933	419	1155	518	https://www.ebi.ac.uk/pride/archive/projects/PXD048934	False
PXD048938	52c544bf952765bbf3f6af9ac1c21a966da8f89bbd345697fb8093d7db7e3082	pride	True	True	True	True	True	1323	16340	285	2354	1168	https://www.ebi.ac.uk/pride/archive/projects/PXD048938	False
PXD048963	df34334c3fbc1d0fc28be26c08f5fa4bd3d260ee121f9ebd889373196c6956d2	pubmed	True	False	True	True	True	1025	0	392	2562	707	https://www.ebi.ac.uk/pride/archive/projects/PXD048963	False
PXD048968	15301d71c74b87e54ba21486f2b41231c2a0e4d7dbd582f569ea9d321638b65d	pride	True	True	True	True	True	831	12020	369	2206	759	https://www.ebi.ac.uk/pride/archive/projects/PXD048968	False
PXD048975	8c0ebd072d44fdb2bc76b34a6b7cbe74b0d6daba26ff9256c626cff6776cf843	pride	True	False	True	True	True	314	0	332	2585	2030	https://www.ebi.ac.uk/pride/archive/projects/PXD048975	False
PXD049018	74fd9e330cbf891f0b693059b8c16594936b302213545b7c38b531597330dae2	pride	True	False	True	True	True	456	0	374	1913	678	https://www.ebi.ac.uk/pride/archive/projects/PXD049018	False
PXD049019	15a55f649c6cb09a14634497a66ebecfce73f4a3f65196a6cdc85ed7037855cd	pride	True	True	True	True	True	1244	12986	325	3273	1652	https://www.ebi.ac.uk/pride/archive/projects/PXD049019	False
PXD049034	fe599998c22951233ae939682a1d3de1b59a7d21127255fdfc3c9fdb2b668ed1	pride	True	True	True	True	True	1360	19258	271	1009	3080	https://www.ebi.ac.uk/pride/archive/projects/PXD049034	False
PXD049067	ab9751d842f3a84421e723b78e23354490bd2b17513c05863e189a605ee17cdc	pride	True	True	True	True	True	429	10548	257	4645	2354	https://www.ebi.ac.uk/pride/archive/projects/PXD049067	False
PXD049082	7866fcc966cb863256c9931401f0cc07ee7accbf6f12bdf6977ecff43d146527	pride	True	False	True	True	True	155	0	293	161	699	https://www.ebi.ac.uk/pride/archive/projects/PXD049082	False
PXD049087	66d0222e2a16332716cc224700e71a7d9dc1ea3c914cb54088d8f8d01f69ed9f	pride	True	False	True	True	True	101	0	244	353	55	https://www.ebi.ac.uk/pride/archive/projects/PXD049087	False
PXD049091	6ccf65bef32df478b415075dbde31b384df852303a781f454de355f33bdc8e8a	pride	True	False	True	True	True	85	0	241	223	318	https://www.ebi.ac.uk/pride/archive/projects/PXD049091	False
PXD049116	b0fc15089527732e5e46ee9185765c203f4f76fa0debcb4871dfa7a6381ba7ce	pride	True	False	True	True	True	1047	0	470	2449	1395	https://www.ebi.ac.uk/pride/archive/projects/PXD049116	False
PXD049181	8d9f0de2c0af3119de996d7df2d3620a75f372410fa8c419f099c605eaee4f79	pride	True	False	True	True	True	1097	0	265	3674	1543	https://www.ebi.ac.uk/pride/archive/projects/PXD049181	False
PXD049211	8d9f0de2c0af3119de996d7df2d3620a75f372410fa8c419f099c605eaee4f79	pride	True	False	True	True	True	1097	0	265	3674	1543	https://www.ebi.ac.uk/pride/archive/projects/PXD049211	False
PXD049235	15db0898608f88f997471b174d4c00977a2d44ba908235114c82a2cd37c1ceab	pride	True	False	True	True	True	1266	0	348	2404	587	https://www.ebi.ac.uk/pride/archive/projects/PXD049235	False
PXD049249	2d6f6dd2a534b8e6dad90343859f6bd7cc20c7aeb8632502b73a5c1cd86ce6f0	pubmed	True	False	True	True	True	2101	0	497	483	663	https://www.ebi.ac.uk/pride/archive/projects/PXD049249	False
PXD049261	a6266da91cfbd672a86a3e2acccf220454cddda29a0fa0e99a47ba77e5171592	pride	True	False	True	True	True	268	0	340	2120	1121	https://www.ebi.ac.uk/pride/archive/projects/PXD049261	False
PXD049284	06d7fb05abf9917251628e42855f16c86122c5777f867f878173ef6bde2c7c8b	pride	True	False	True	True	True	766	0	378	3289	1528	https://www.ebi.ac.uk/pride/archive/projects/PXD049284	False
PXD049295	257f2d02123d3494e7812df29196d5a71ce30a18acf45891e37965e41a2ccdfd	pride	True	False	True	True	True	780	0	381	3427	846	https://www.ebi.ac.uk/pride/archive/projects/PXD049295	False
PXD049299	2b3b8d67637ab050f21922a14d05cf2ceb0b9e053f0f5407247a4ee1193292ce	pride	True	False	True	True	True	482	0	396	3423	1245	https://www.ebi.ac.uk/pride/archive/projects/PXD049299	False
PXD049302	2f47698bc8dbf47abc485362ff6edb6d4794992d05e75cfe0c19015b645a3fab	pride	True	True	True	True	True	1658	18208	293	4995	2193	https://www.ebi.ac.uk/pride/archive/projects/PXD049302	False
PXD049330	8d522a25fe2e4f95bb74e858d56b46fad6163912725a160330f75b3d0a67d587	pride	True	False	True	True	True	817	0	248	3120	1668	https://www.ebi.ac.uk/pride/archive/projects/PXD049330	False
PXD049336	3d7046cbeb4c60b73a1bc4845479a56bdc64e8254088cb15aeb330362c93fd28	pride	True	True	True	True	True	1181	49646	454	4743	2612	https://www.ebi.ac.uk/pride/archive/projects/PXD049336	False
PXD049339	5eb10a0ce7ea3d80bbcecfe2e3d000a6ccae6f563c8bebde15fa1442ca75a14d	pride	True	False	True	True	True	1650	0	308	2866	978	https://www.ebi.ac.uk/pride/archive/projects/PXD049339	False
PXD049366	a8fe2a99e1923dadf5bf70a77ddb2852471ada37ff3687c9b6b2388d26d73c52	pride	True	True	True	True	True	1282	9167	398	526	183	https://www.ebi.ac.uk/pride/archive/projects/PXD049366	False
PXD049377	1564441c26907a154f0d962cc43918e818f1b5e4cb4a5cdbf27e4f7108067f1b	pride	True	False	True	True	True	1654	0	274	1567	3677	https://www.ebi.ac.uk/pride/archive/projects/PXD049377	False
PXD049427	c9d5fd865f7c2d5f3acf0340fd5ef8530c72c58c9909943b956a890b04c853fb	pride	True	False	True	True	True	1311	0	357	2266	2522	https://www.ebi.ac.uk/pride/archive/projects/PXD049427	False
PXD049681	f474604a9d0df85b40233d22d97a03d98318061f51e717b4e8bb3b5a5c6f8a7b	pride	True	False	True	True	True	1558	0	286	2105	1520	https://www.ebi.ac.uk/pride/archive/projects/PXD049681	False
PXD049682	2e1659ebab8d6a0c9c944c5d4a1073720d15aac750edb12c6aa18a1732b4e21b	pride	True	False	True	True	True	1581	0	461	4408	1371	https://www.ebi.ac.uk/pride/archive/projects/PXD049682	False
PXD049684	4e3de80ec0a3978d5a868bc0465f6da1f9f93b43048150408ef475b038f9297c	pride	True	False	True	True	True	1558	0	286	2212	1520	https://www.ebi.ac.uk/pride/archive/projects/PXD049684	False
PXD049708	12ace9f5ce827325455ea0f82c8f2404fcd37e0fbf8d7d6d4af3cf139a7b1866	pride	True	False	True	True	True	65	0	370	839	937	https://www.ebi.ac.uk/pride/archive/projects/PXD049708	False
PXD049793	68fc74f27cf808cb647b5d372399164c12b20d57ed5e6a1ff60e30e49c689baa	pride	True	False	True	True	True	260	0	333	561	311	https://www.ebi.ac.uk/pride/archive/projects/PXD049793	False
PXD049795	38dacf895b6a5090a709eb65cebd3acab435c08541c4637589baab8fc6bdcdff	pride	True	False	True	True	True	1538	0	360	4160	1641	https://www.ebi.ac.uk/pride/archive/projects/PXD049795	False
PXD049957	4fb357f1f94e59b829147531174131f02c7b2911ebe4699706fe3de14bcf4f22	pride	True	False	True	True	True	1671	0	250	4984	1330	https://www.ebi.ac.uk/pride/archive/projects/PXD049957	False
PXD049998	d77571741886ac6fc883d0fc27aad8360b998fa7a0ae1eb3b6958d67fcb15b08	pride	True	True	True	True	True	1456	12883	483	1779	590	https://www.ebi.ac.uk/pride/archive/projects/PXD049998	False
PXD050005	a2b4f5d291218c241113acf62b340cdf88dd266ae0761eeda03b0e26f0e1b515	pride	True	False	True	True	True	290	0	334	1498	848	https://www.ebi.ac.uk/pride/archive/projects/PXD050005	False
PXD050045	cb1bd35bee57cdc41d3e915c07fadac14c809e3371d910446cc8d94de07f6064	pride	True	True	True	True	True	104	50836	258	1570	2309	https://www.ebi.ac.uk/pride/archive/projects/PXD050045	False
PXD050049	651724359bac26766d440407898f4a3d06661c09ad8ab8f9870efc227a9cd80f	pride	True	True	True	True	True	1643	14668	299	1473	368	https://www.ebi.ac.uk/pride/archive/projects/PXD050049	False
PXD050077	d5fa8d6cd125b715574c0225d8667da53a944156effa6f13be50ae28ecb132bb	pride	True	True	True	True	True	293	7143	226	2112	767	https://www.ebi.ac.uk/pride/archive/projects/PXD050077	False
PXD050085	2cb48494d29af3f4324cef631e41e310bb1ab61a9d6c45a215d78c22d9ba29a3	pride	True	True	True	True	True	1600	14811	222	1533	652	https://www.ebi.ac.uk/pride/archive/projects/PXD050085	False
PXD050090	83743b234781b534259142b0e21e8b65dfec719a886fe67fc36880f541e9263d	pride	True	False	True	True	True	102	0	226	1185	603	https://www.ebi.ac.uk/pride/archive/projects/PXD050090	False
PXD050113	81994d0f28f06b341f83389205cb6cf9e00fee80d032c169f04bad0823303c02	pride	True	False	True	True	True	978	0	407	2290	841	https://www.ebi.ac.uk/pride/archive/projects/PXD050113	False
PXD050135	44bbad7267b667bcc61b26d2233ac84536822d318633ac677594c1861d5913f0	pride	True	True	True	True	True	344	7143	220	1156	503	https://www.ebi.ac.uk/pride/archive/projects/PXD050135	False
PXD050141	d17c5917aa97d2c5f36e6bd36912ec0bda3e915760ca00c59cd8d0112cb349fa	pride	True	False	True	True	True	441	0	216	2615	512	https://www.ebi.ac.uk/pride/archive/projects/PXD050141	False
PXD050209	6772cb494095ef97808689e3dd86eeb2cd674219535afe575c10b7daf3d31fdc	pride	True	False	True	True	True	658	0	284	1160	676	https://www.ebi.ac.uk/pride/archive/projects/PXD050209	False
PXD050237	b8ea2245158b3b336118aee57f7a8a5926e9a5e921145abcf2c785710536b1b8	pride	True	True	True	True	True	1662	15937	247	304	842	https://www.ebi.ac.uk/pride/archive/projects/PXD050237	False
PXD050256	6b36686e5173f77c6023fb6a23b2107d041e3068f05fc450e1a8408f53d7e9e9	pride	True	False	True	True	True	1530	0	291	1077	3290	https://www.ebi.ac.uk/pride/archive/projects/PXD050256	False
PXD050260	21890baef2359b4be848bced7431a9b638a780f9152e7faa04558032ac8af158	pride	True	False	True	True	True	538	0	381	3148	1100	https://www.ebi.ac.uk/pride/archive/projects/PXD050260	False
PXD050279	37854ec305614741153431bfa2100d9b6523b104607f3a17b04e877fd8dd8877	pride	True	False	True	True	True	1179	0	354	2687	884	https://www.ebi.ac.uk/pride/archive/projects/PXD050279	False
PXD050287	f2e23523b348ceabf6c92fa0b5c8c32e488ac0ff8fb11a0a75ae0148962f80b9	pride	True	False	True	True	True	1119	0	369	4970	1840	https://www.ebi.ac.uk/pride/archive/projects/PXD050287	False
PXD050300	89f20032135ded79398dc84cfe8d3679a14a033a630492a176924edca50e5a33	pride	True	False	True	True	True	2458	0	255	3163	2171	https://www.ebi.ac.uk/pride/archive/projects/PXD050300	False
PXD050321	49546fb233a2aadb63e238ecfc24d9a41191a8f1ba37aa47bbcef792b3981633	pride	True	True	True	True	True	1507	25368	538	4099	3305	https://www.ebi.ac.uk/pride/archive/projects/PXD050321	False
PXD050351	274d0585b266903fc104e620a7431994895321784b2fdaa1bfccd242749e8b98	pride	True	False	True	True	True	1171	0	370	2339	1630	https://www.ebi.ac.uk/pride/archive/projects/PXD050351	False
PXD050371	03bd8b8059da0eeaa074cff81f7fcf881259aba98841035a5740d6777b73fdd4	pride	True	True	True	True	True	166	44571	308	1551	489	https://www.ebi.ac.uk/pride/archive/projects/PXD050371	False
PXD050391	bb73f7d7aede37544a82b7767ef0b7d8af1265f3feffa5f3f2f955f06862e02d	pride	True	False	True	True	True	152	0	331	2486	753	https://www.ebi.ac.uk/pride/archive/projects/PXD050391	False
PXD050402	6bed95c27c5a82edcb9a10ad884687629bd72dafa8b33ee1581149cd260807f4	pride	True	False	True	True	True	1148	0	437	3260	2176	https://www.ebi.ac.uk/pride/archive/projects/PXD050402	False
PXD050410	dfe27fe8feafe0a5bbbf8cced15e4077a415fb5f72cd79181e9d8535de4eab28	pride	True	True	True	True	True	637	28128	277	2497	869	https://www.ebi.ac.uk/pride/archive/projects/PXD050410	False
PXD050416	1f83256c05f7d6ae0d2dab6af0c335a228b8d738e4bbe4e25f27c44352270116	pride	True	True	True	True	True	2165	12717	352	1133	740	https://www.ebi.ac.uk/pride/archive/projects/PXD050416	False
PXD050445	c675c45c3e858928af36d2414f9dcd3e68fe911751a1db9f161bb0d2bbbc03d0	pride	True	False	True	True	True	202	0	357	4909	1338	https://www.ebi.ac.uk/pride/archive/projects/PXD050445	False
PXD050453	26bfefd03824b84a5a9ea8541e2f828cef83bfeda4fd25d0f379cef163a1da42	pride	True	False	True	True	True	1564	0	390	3962	3605	https://www.ebi.ac.uk/pride/archive/projects/PXD050453	False
PXD050479	fa810b1dded129f6834a88d5d881b108447022ebffc0cd563d903fb309d61d54	pride	True	False	True	True	True	903	0	318	3293	1371	https://www.ebi.ac.uk/pride/archive/projects/PXD050479	False
PXD050539	a8f5635e4789110cc72c18e0f7407fdaed363acb1c7c4a03dd718b5016197b74	pride	True	False	True	True	True	1418	0	396	1485	628	https://www.ebi.ac.uk/pride/archive/projects/PXD050539	False
PXD050547	e0a8578ad0272d7fc27a586874a77e6bd0e080e0df9243462474bdbf742f0017	pride	True	True	True	True	True	1409	14842	448	3414	862	https://www.ebi.ac.uk/pride/archive/projects/PXD050547	False
PXD050548	77c2f611649941969de34779e5b6d6b591c8d0aa7915e429ea203ea74b5e66e9	pride	True	False	True	True	True	651	0	259	3028	1092	https://www.ebi.ac.uk/pride/archive/projects/PXD050548	False
PXD050555	10542c008f80465bed65841dacbaaa8c9d0088e7b86702ccf53d55f7a3a3edeb	pride	True	False	True	True	True	1299	0	396	2927	208	https://www.ebi.ac.uk/pride/archive/projects/PXD050555	False
PXD050557	0b8fae43a14abaa173f21c9e358efa2c08ec4a3906bf19e7c39c4bbeb7a8b1e3	pride	True	False	True	True	True	1254	0	204	1454	52	https://www.ebi.ac.uk/pride/archive/projects/PXD050557	False
PXD050565	3ed860e68ed9d3a433c820c1e165d32a46e8066d12871687dcdd7f2587662329	pride	True	False	True	True	True	1875	0	237	2782	1269	https://www.ebi.ac.uk/pride/archive/projects/PXD050565	False
PXD050580	775da52c88d890afd48ebcdb13a65cabec885c5f077d85af296ac48c112fdaf6	pride	True	True	True	True	True	395	18969	348	665	1140	https://www.ebi.ac.uk/pride/archive/projects/PXD050580	False
PXD050581	e2f7c566f6a30d3d22433298f30606ffdf985eb8344e607661175bb07e7d2dba	pride	True	True	True	True	True	536	18969	415	532	580	https://www.ebi.ac.uk/pride/archive/projects/PXD050581	False
PXD050618	55216726376648562f8a0e7d8e40a28850665c0b3937f0e1178deea6e040fefd	pride	True	False	True	True	True	847	0	424	1464	1108	https://www.ebi.ac.uk/pride/archive/projects/PXD050618	False
PXD050623	da698501c2f93227266c811e760484147a2c952e1ea771e2d09da32c2e5e3ad2	pride	True	False	True	True	True	927	0	447	4132	1715	https://www.ebi.ac.uk/pride/archive/projects/PXD050623	False
PXD050625	3e18e176fd909985436a701d3a5ee09c000ba8b6e3da5be09a4a7b1737cbf386	pride	True	False	True	True	True	1317	0	347	3717	1986	https://www.ebi.ac.uk/pride/archive/projects/PXD050625	False
PXD050628	bd620af902bb87c3601bcedf53c08f3e36956448763cf366047157ec341c566d	pubmed	True	False	True	True	True	1840	0	510	2710	2338	https://www.ebi.ac.uk/pride/archive/projects/PXD050628	False
PXD050688	856f6762bb480b5c773ae0c4eb389b1b3b896965425493c012f24aa650d7b66c	pride	True	False	True	True	True	484	0	351	2501	587	https://www.ebi.ac.uk/pride/archive/projects/PXD050688	False
PXD050727	890014991a7e5d5e03bc1e2d18fadb063e2817bf85326a92da56d361cf335a8c	pride	True	False	True	True	True	1132	0	255	1883	1423	https://www.ebi.ac.uk/pride/archive/projects/PXD050727	False
PXD050738	cf054f6f81a7f17ccf505cfc6700e3c6eebab3b3f6559419feb807a97cafefd0	pride	True	False	True	True	True	901	0	317	2895	673	https://www.ebi.ac.uk/pride/archive/projects/PXD050738	False
PXD050772	aaa14d37028e323f6a7142a0c396a790561396f4c86329a3f00d6297fd783a75	pride	True	False	True	True	True	553	0	380	4715	2798	https://www.ebi.ac.uk/pride/archive/projects/PXD050772	False
PXD050782	df5ddf42c517b3896300324781de7568cc20dca094f3eb14aadce16c3d6ffc27	pride	True	True	True	True	True	565	13512	292	1931	853	https://www.ebi.ac.uk/pride/archive/projects/PXD050782	False
PXD050841	293b4c481aa6cfec02cf8f9fbd2881f9eda5539773387e3ba8f67c372c493096	pride	True	True	True	True	True	1404	12251	321	570	778	https://www.ebi.ac.uk/pride/archive/projects/PXD050841	False
PXD050844	5238f0bf77d5321d14b88e59e978dd04a9138fde8b85d720cc92164ee7ef46a7	pride	True	False	True	True	True	1845	0	292	3085	661	https://www.ebi.ac.uk/pride/archive/projects/PXD050844	False
PXD050871	6ca82c59d2e9ecd7262aaeffaff0bc122735190faee207a585bbe7dc4a83fc10	pride	True	False	True	True	True	275	0	381	410	580	https://www.ebi.ac.uk/pride/archive/projects/PXD050871	False
PXD050884	1ddb8452f6760554b2e97b518e8759cdca53672e64faf1f7f51e800858308658	pride	True	False	True	True	True	1892	0	303	133	223	https://www.ebi.ac.uk/pride/archive/projects/PXD050884	False
PXD050892	0ad20da5f7091a67cd2e832c2a06e6f0986fb2703a85fc572e5cab7eef589660	pride	True	False	True	True	True	535	0	336	1946	480	https://www.ebi.ac.uk/pride/archive/projects/PXD050892	False
PXD050904	e0261aef8e4405ad04f11b0a39797043b85292a3bf3c9411aab25c18a955490d	pride	True	True	True	True	True	490	24726	317	733	4648	https://www.ebi.ac.uk/pride/archive/projects/PXD050904	False
PXD050909	6ed2d6c6d955dcbb8508018ffa508450ca6d3bbd98f15e682c094949bf7126a5	pride	True	True	True	True	True	490	24726	317	733	4646	https://www.ebi.ac.uk/pride/archive/projects/PXD050909	False
PXD050914	c03bf8d86773333f1a285aa5cd574a59a25eff850d32e8ec4bf453e363647927	pride	True	True	True	True	True	809	16203	383	4989	1491	https://www.ebi.ac.uk/pride/archive/projects/PXD050914	False
PXD050916	ccdae970caa49411e23dcc1c0d00e24b971fedd4cbe0358eb74cf011b66df8e7	pride	True	True	True	True	True	1496	18248	385	1576	1636	https://www.ebi.ac.uk/pride/archive/projects/PXD050916	False
PXD050935	6c3537bbc3ba4c6c7dd326348958ee6679843cbe42e5e35f531c517278868d55	pride	True	False	True	True	True	1154	0	389	972	656	https://www.ebi.ac.uk/pride/archive/projects/PXD050935	False
PXD050950	c17b38fbfa06d6096d0af116a023aae088e12f419ef3a447e2a0a2931e45788f	pride	True	True	True	True	True	1823	25651	409	4890	3936	https://www.ebi.ac.uk/pride/archive/projects/PXD050950	False
PXD050985	331477c5429610d5b53b8698f7433ebba279cd3bb708f558da5561747db499bc	pride	True	False	True	True	True	1042	0	484	1856	1944	https://www.ebi.ac.uk/pride/archive/projects/PXD050985	False
PXD050986	1c089008c5b89ae0d87b7ac9f7cf65ce73f20fa7b517eea7281622568e4fbf42	pride	True	False	True	True	True	1273	0	393	2594	858	https://www.ebi.ac.uk/pride/archive/projects/PXD050986	False
PXD050990	5e5a560a7ce2d0309419370d93c04d291cbd20f745080dc23fb764de22e4cd89	pride	True	False	True	True	True	2056	0	249	1686	745	https://www.ebi.ac.uk/pride/archive/projects/PXD050990	False
PXD050991	aa422858f45ffe3362ccd913c1fefadeaf93060055f22988decf99f236f87900	pride	True	False	True	True	True	835	0	362	2549	416	https://www.ebi.ac.uk/pride/archive/projects/PXD050991	False
PXD050996	7be2e4eeb3daf1794dbbaae15c09d9d9604988d579440788b1964dea10db50ee	pride	True	False	True	True	True	2056	0	251	1686	745	https://www.ebi.ac.uk/pride/archive/projects/PXD050996	False
PXD051015	3c915f8fff7b76bc4d2a5c5fb222a5e1cf697efd2040be86eb11adbf65fc681b	pride	True	False	True	True	True	936	0	308	3371	885	https://www.ebi.ac.uk/pride/archive/projects/PXD051015	False
PXD051016	365bc60ea2ec5cb3d97be7bc2c3e638b118b8de87b25c3425fba7bb3ec071af2	pride	True	False	True	True	True	1151	0	308	3968	842	https://www.ebi.ac.uk/pride/archive/projects/PXD051016	False
PXD051056	c5e1db123517adced3bffd0cbbe895715504115cbe80d420d2be9cfda1d151cf	pride	True	False	True	True	True	1078	0	257	1563	1986	https://www.ebi.ac.uk/pride/archive/projects/PXD051056	False
PXD051062	9316f3cc8dbae52b82f68f9add6f660e5e7183056af148b943e6fceb9c60bd97	pride	True	False	True	True	True	2596	0	298	4752	2864	https://www.ebi.ac.uk/pride/archive/projects/PXD051062	False
PXD051072	bc6a262f740884299c1c181ea75e70c2d0cc36a102540f8adf656cde0e09a38e	pride	True	False	True	True	True	1361	0	471	560	783	https://www.ebi.ac.uk/pride/archive/projects/PXD051072	False
PXD051088	293a7f43109f144b0005dab2cdd55c9891de78d9779adb45d7eee1f5491f5a2a	pubmed	True	False	True	True	True	1196	0	202	1138	121	https://www.ebi.ac.uk/pride/archive/projects/PXD051088	False
PXD051089	b606e5b990062cea5eadc7b02986973c322989f27a230a357991b004481ed313	pride	True	False	True	True	True	656	0	284	2262	895	https://www.ebi.ac.uk/pride/archive/projects/PXD051089	False
PXD051093	65e60e66f9e4c3a91795de49306321a1172481e56d80f912fffa55dc729efe4e	pride	True	True	True	True	True	2636	13147	358	3858	1406	https://www.ebi.ac.uk/pride/archive/projects/PXD051093	False
PXD051148	5a93065a1781f3aa70ed094468c23eaed6739cd74711bc3859873f1fde51e4f2	pride	True	True	True	True	True	1333	3240	465	1083	848	https://www.ebi.ac.uk/pride/archive/projects/PXD051148	False
PXD051174	cd9f2710bf11a6b940c2d08c2b1ca2eaa692ed48b09bbc67a18bb8a0c668a490	pride	True	False	True	True	True	1128	0	216	687	1320	https://www.ebi.ac.uk/pride/archive/projects/PXD051174	False
PXD051182	077116284f2dd026c54a3cbd392e615a2299f8f3848bd908cc9b33316dbea0c6	pride	True	False	True	True	True	1944	0	291	2693	905	https://www.ebi.ac.uk/pride/archive/projects/PXD051182	False
PXD051187	4d71ec37b04c63faa3faeaa3c1bdaa4d7458a40d5d59a425e5cf8dfa9644e081	pride	True	False	True	True	True	195	0	252	801	311	https://www.ebi.ac.uk/pride/archive/projects/PXD051187	False
PXD051197	ea67def146a667e781f134b9f3f5686d911702a81c22fd6b5533aea2c9bfe98c	pride	True	False	True	True	True	1508	0	384	1197	68	https://www.ebi.ac.uk/pride/archive/projects/PXD051197	False
PXD051204	d285bdeed473adf8894e18fdb4e7521a2920a8e7171d0cdfc787f8b5f7adcff9	pride	True	False	True	True	True	70	0	215	91	1503	https://www.ebi.ac.uk/pride/archive/projects/PXD051204	False
PXD051224	28b8ecfb6ec6ee7906698b7057c7fed4fed1ffe4dbe510590937d4c93efe0f2d	pride	True	False	True	True	True	1846	0	295	1615	1097	https://www.ebi.ac.uk/pride/archive/projects/PXD051224	False
PXD051231	729035c7046ad00c4004acfb11e5006e04107d8283aa9204a518efd5bc1b9997	pride	True	False	True	True	True	84	0	225	447	756	https://www.ebi.ac.uk/pride/archive/projects/PXD051231	False
PXD051269	d8f2ef445b875161cd1c1a6fbc43c1bbcb33146143f0ef93269d926cf9492f6d	pride	True	False	True	True	True	81	0	379	1803	667	https://www.ebi.ac.uk/pride/archive/projects/PXD051269	False
PXD051393	3607ad4cd350f9aa6008aaa623fb55ce2e3eb0845aa2d5a774e44263ee87b6b6	pride	True	False	True	True	True	1251	0	297	1250	106	https://www.ebi.ac.uk/pride/archive/projects/PXD051393	False
PXD051400	0860a896388af1c200ff266c828297853b21acf8a7ae08df933715de046f975d	pubmed	True	False	True	True	True	1727	0	329	3288	890	https://www.ebi.ac.uk/pride/archive/projects/PXD051400	False
PXD051404	1444222f89cdb9aaaec6aaf82e1c85795de9d17e8af557aaad53fa55554bec15	pride	True	False	True	True	True	434	0	229	659	990	https://www.ebi.ac.uk/pride/archive/projects/PXD051404	False
PXD051415	51bb1a2850257abaf6d4e9f2c382cfaebd224126c35b50254f27615278b4689e	pride	True	False	True	True	True	334	0	307	351	671	https://www.ebi.ac.uk/pride/archive/projects/PXD051415	False
PXD051418	47847f508ea1d0671f3ef3ef10137d5e38874b101b1a2f01c68999416bac484b	pride	True	True	True	True	True	194	20221	364	216	198	https://www.ebi.ac.uk/pride/archive/projects/PXD051418	False
PXD051473	cfa24a97b92716c647c4635603de58b4c8181ee3311032b967a72ad06aa24bec	pride	True	False	True	True	True	1982	0	289	2591	855	https://www.ebi.ac.uk/pride/archive/projects/PXD051473	False
PXD051482	ba4009a428d3a79ce76a637e3d2aef2d0e23974dc178bc046746973e7d5d904b	pride	True	False	True	True	True	1669	0	377	3897	1610	https://www.ebi.ac.uk/pride/archive/projects/PXD051482	False
PXD051538	de442a2f7ca7f97034c6664bd29df38ce016c5adc98c3dd695838e638f5888a2	pride	True	True	True	True	True	88	12078	248	475	1274	https://www.ebi.ac.uk/pride/archive/projects/PXD051538	False
PXD051592	af6f693a1e263fa74b4155d32e917e027cc9ef0c7f651f928bdb4ef392ffb42f	pubmed	True	False	True	True	True	1184	0	252	1946	393	https://www.ebi.ac.uk/pride/archive/projects/PXD051592	False
PXD051602	9e7055cfd0061971437e98ad354f2d43598750fed8d788b8922c0afb84e4ba52	pride	True	True	True	True	True	1469	53516	367	1834	1060	https://www.ebi.ac.uk/pride/archive/projects/PXD051602	False
PXD051640	63bdb399783f214c25ae378acf84c566d1002314ae25ad3902357444ca15fadd	pride	True	False	True	True	True	388	0	315	1090	2192	https://www.ebi.ac.uk/pride/archive/projects/PXD051640	False
PXD051677	6308ae63b122c7de500ee62ed6d27a3cb1aa55db1d48911f9aa6195c1497b764	pride	True	True	True	True	True	456	14525	377	662	2193	https://www.ebi.ac.uk/pride/archive/projects/PXD051677	False
PXD051678	a763fdf650bdf8fd71b551269af3c5749be3ded5e87a98ba8e4add86189e10b2	pride	True	False	True	True	True	1237	0	291	2723	899	https://www.ebi.ac.uk/pride/archive/projects/PXD051678	False
PXD051689	f566bed119497ccc2c285e6ec8d6114eb271a7ca5183c21262bbb61025c2212a	pride	True	False	True	True	True	65	0	298	386	440	https://www.ebi.ac.uk/pride/archive/projects/PXD051689	False
PXD051696	ba37f97325effdae8caff9b7580a8d67aff44f4d3e9dea0cd7ac5d53c1fac80e	pride	True	False	True	True	True	763	0	251	1338	1488	https://www.ebi.ac.uk/pride/archive/projects/PXD051696	False
PXD051697	35875854d11912ef4e4c9c6cd931bb7f8ae5283ba16fb3b9a9a7df87fb17c47e	pride	True	True	True	True	True	1887	17218	263	456	79	https://www.ebi.ac.uk/pride/archive/projects/PXD051697	False
PXD051706	a0e365c817e9fc94c766501da7b5e2a69ba0d75ba0e18f5ba947aab91167db14	pride	True	False	True	True	True	906	0	484	3422	885	https://www.ebi.ac.uk/pride/archive/projects/PXD051706	False
PXD051710	fbe66f9d41929f19c175effbf56e6b356e8724a9ae95fee66dfab31dfc75afb1	pride	True	False	True	True	True	845	0	311	1444	265	https://www.ebi.ac.uk/pride/archive/projects/PXD051710	False
PXD051715	b99dd06eb8bbecf2ec13760e09950d9947b95677cbc1563d6d17a3c4ab714edc	pride	True	False	True	True	True	1123	0	409	2310	1040	https://www.ebi.ac.uk/pride/archive/projects/PXD051715	False
PXD051723	8ad54aadf591098e254adc21ee5525280b524906249dfbdea9a80fca23fd2071	pride	True	True	True	True	True	1809	5996	250	1126	1532	https://www.ebi.ac.uk/pride/archive/projects/PXD051723	False
PXD051734	137a28bc9109b0f6e9f7fc671d828e88071dc18da1195bb8528ff0f836b95089	pride	True	False	True	True	True	297	0	352	1868	605	https://www.ebi.ac.uk/pride/archive/projects/PXD051734	False
PXD051737	6de0507b6c793a5e705754dc36d1c67827923679a48580a8a4120fe60ff22d63	pride	True	False	True	True	True	697	0	277	3681	1109	https://www.ebi.ac.uk/pride/archive/projects/PXD051737	False
PXD051745	444bf223e58969ddfd36c79241e4d0265e5f1a9fd10f327dd9d1f32c335d80cc	pride	True	False	True	True	True	1532	0	516	2243	1965	https://www.ebi.ac.uk/pride/archive/projects/PXD051745	False
PXD051747	f8bc4999bc43133a1c97b8aae6cac200d01eeddd6c20bb63eafc9d1522449a0f	pride	True	False	True	True	True	2318	0	485	4333	1198	https://www.ebi.ac.uk/pride/archive/projects/PXD051747	False
PXD051803	b2f8fc6c48ea0029136a5eb89b060affefe8dbc90d400f2e4de72ab8ed6aa104	pride	True	False	True	True	True	122	0	263	2958	4663	https://www.ebi.ac.uk/pride/archive/projects/PXD051803	False
PXD051840	d468087992273357e599dd56d093010d7ee71af40f03a488c98f615fcbd59798	pride	True	False	True	True	True	1535	0	212	381	564	https://www.ebi.ac.uk/pride/archive/projects/PXD051840	False
PXD051849	795037f2bed66a975e8cb8e20f5ac1bd0dd9d5ad2cc50aaf5895fcaa3df256b8	pride	True	False	True	True	True	1189	0	364	1188	1686	https://www.ebi.ac.uk/pride/archive/projects/PXD051849	False
PXD051859	52387e1987c6790f621f142a7cb404124e7f8b244cae769c2caa7943802e5707	pride	True	False	True	True	True	2583	0	436	2605	396	https://www.ebi.ac.uk/pride/archive/projects/PXD051859	False
PXD051876	0ea8a61e263cb8bba9e1ae6cb7b4d1ee7ca4939197aafa06f8eaf121a20b62d3	pride	True	False	True	True	True	283	0	346	4667	1567	https://www.ebi.ac.uk/pride/archive/projects/PXD051876	False
PXD051889	f65fa6747b2392c261fbc26c3ad80c5b20f6e3231c65cf1f1f9dcfa1bd4fc919	pride	True	False	True	True	True	1104	0	415	2469	1594	https://www.ebi.ac.uk/pride/archive/projects/PXD051889	False
PXD051904	862451c93be3ea48fb1d6800f6fa872a8f24b88a027a0ace0936f3fcaf7f4d75	pride	True	False	True	True	True	218	0	276	288	163	https://www.ebi.ac.uk/pride/archive/projects/PXD051904	False
PXD051958	8c7fdf7f2af9908815f72800984f648da7eb7ad74bc33b72c757861be4812a4c	pride	True	False	True	True	True	360	0	254	1451	561	https://www.ebi.ac.uk/pride/archive/projects/PXD051958	False
PXD051962	aad4f2109ac5789ad6935300e222c4c10788622bf60159dc2df5049930c582e2	pride	True	False	True	True	True	1785	0	330	2451	1486	https://www.ebi.ac.uk/pride/archive/projects/PXD051962	False
PXD051967	e7705fd7ee7e5ab005b34e82c86bd8674f05028b7d7ff691b08819a349d33459	pubmed	True	False	True	True	True	906	0	306	3955	1458	https://www.ebi.ac.uk/pride/archive/projects/PXD051967	False
PXD051981	0144e446fead11a6f0718c7c1d075122b43f0093a4fac926d2451969e0bda40e	pride	True	False	True	True	True	1094	0	317	1024	364	https://www.ebi.ac.uk/pride/archive/projects/PXD051981	False
PXD051985	2b508fa15dd7862e48223b4c88f7647177d1a18a1006ed9388ea3982d20918e2	pride	True	False	True	True	True	834	0	388	532	1026	https://www.ebi.ac.uk/pride/archive/projects/PXD051985	False
PXD051995	9bb438bf37a04523c5f3f2bb5dd2a85ee8400fb277a590f45b58b733df2b772a	pride	True	False	True	True	True	65	0	341	386	341	https://www.ebi.ac.uk/pride/archive/projects/PXD051995	False
PXD052011	9c9c478f16a631ba9f449a1606e09e716e10c7b04bbefa4ca06a9da8389ec6d9	pride	True	False	True	True	True	974	0	401	3046	1421	https://www.ebi.ac.uk/pride/archive/projects/PXD052011	False
PXD052022	887f6ed8d00fdda9140bc590402995d9d9a31791d46c4eaa6f4b590e4af6d3bd	pride	True	True	True	True	True	827	15866	322	2818	1674	https://www.ebi.ac.uk/pride/archive/projects/PXD052022	False
PXD052033	3a04750cb3e16b9cdda926304b4ae65b2c6665c688d6dd4842dca5f57aa096a0	pride	True	False	True	True	True	1108	0	518	1922	1033	https://www.ebi.ac.uk/pride/archive/projects/PXD052033	False
PXD052083	2e82c18a507d6d12f8060c2fe7c85b2046a6a19f95f8ebeb728d073684721288	pride	True	True	True	True	True	891	34174	415	3392	1628	https://www.ebi.ac.uk/pride/archive/projects/PXD052083	False
PXD052143	b40829b64f4af14b8e3d04872e2f326ee760408b91f4514c4e8658a4354b1b3c	pride	True	False	True	True	True	1938	0	459	2221	2258	https://www.ebi.ac.uk/pride/archive/projects/PXD052143	False
PXD052176	ce726389b937b73af13b94c6fcf30931d0ffab96f642391364702f574412b2d3	pride	True	False	True	True	True	182	0	223	1929	1687	https://www.ebi.ac.uk/pride/archive/projects/PXD052176	False
PXD052184	ae4836e44de38c5615f66a18dbba11f07c6e4ddd6202cdc80d1beaffe488c619	pride	True	False	True	True	True	2219	0	261	2060	1910	https://www.ebi.ac.uk/pride/archive/projects/PXD052184	False
PXD052203	a3f9d023c1baae66d1bf1b97916fea92a8cb5caa55f5ebd55e5eb9708804b837	pride	True	True	True	True	True	64	17633	283	414	2324	https://www.ebi.ac.uk/pride/archive/projects/PXD052203	False
PXD052205	e970ff199c7bba5442ecb8c99384831c136328777860d208796b68bbd44b8759	pride	True	False	True	True	True	401	0	371	887	365	https://www.ebi.ac.uk/pride/archive/projects/PXD052205	False
PXD052254	14f75464140ac7d10ad0c2afcc4f75f574e6bc6e5e1e8ddad5439ad5bedbae1c	pride	True	False	True	True	True	1230	0	280	2632	1466	https://www.ebi.ac.uk/pride/archive/projects/PXD052254	False
PXD052259	f94ff08fa857a6d895402032b37aa0232a7fb5dcbf3d41945d361e2293c0702f	pride	True	False	True	True	True	991	0	373	4591	791	https://www.ebi.ac.uk/pride/archive/projects/PXD052259	False
PXD052305	b9986b3007b7b17890f569afb7def36328b6404a06a1a0afead3cd30949cf536	pride	True	True	True	True	True	68	17633	287	427	2324	https://www.ebi.ac.uk/pride/archive/projects/PXD052305	False
PXD052306	2ff706bb52f78c6b11afdfd9d691385bd1be67a61ffb114b4fca0885daedb8d6	pride	True	True	True	True	True	1196	19664	377	3930	939	https://www.ebi.ac.uk/pride/archive/projects/PXD052306	False
PXD052317	82169323ed21ba470483a4817dce8e013596ec10e647b492abae001b9b52bd3f	pride	True	False	True	True	True	1144	0	234	370	1430	https://www.ebi.ac.uk/pride/archive/projects/PXD052317	False
PXD052324	e21d627ee03a3d45ee9f7fdc756820dbf95dd6d6475436f80b79f5a2fcd483a7	pride	True	False	True	True	True	241	0	316	1036	271	https://www.ebi.ac.uk/pride/archive/projects/PXD052324	False
PXD052414	cd8b69047b8d7f75c035388ebc164adbe6ae3fc5c4e2ce51f3709f58857d0de8	pride	True	False	True	True	True	1120	0	305	638	303	https://www.ebi.ac.uk/pride/archive/projects/PXD052414	False
PXD052554	193891e2783dc05419d78433ee40203161a7424dc76de742d933a4572f301749	pride	True	False	True	True	True	1473	0	407	1321	693	https://www.ebi.ac.uk/pride/archive/projects/PXD052554	False
PXD052555	78eff530ee7b8b832023150e99ba3b6de9c9cc2810492b28da3cc43ab4571247	pride	True	False	True	True	True	1473	0	396	1446	693	https://www.ebi.ac.uk/pride/archive/projects/PXD052555	False
PXD052627	f9dd00e74575fe991bb0323abdb32d512e90211a40d4033e3ba69cbb7ce32d80	pride	True	False	True	True	True	1081	0	334	1305	1589	https://www.ebi.ac.uk/pride/archive/projects/PXD052627	False
PXD052666	e078d0c901fa21a9de3a867b1626641560238101344b366633a625e9c70af742	pride	True	True	True	True	True	1505	19145	486	4875	1329	https://www.ebi.ac.uk/pride/archive/projects/PXD052666	False
PXD052718	2352da4526cce932283f1e51fe0dd550e63047a336029f72126c99bd6510f3c2	pride	True	False	True	True	True	1227	0	245	697	348	https://www.ebi.ac.uk/pride/archive/projects/PXD052718	False
PXD052720	82b6fecbc56756a35f94f7e3106f24ef540f6ca283e012242eaea676b09ed70c	pubmed	True	False	True	True	True	1302	0	214	2401	429	https://www.ebi.ac.uk/pride/archive/projects/PXD052720	False
PXD052726	49f349b4a6490d828d8a0227256d8b6311cad5c3877dd11bd954871457daefad	pride	True	True	True	True	True	1514	14819	319	1005	844	https://www.ebi.ac.uk/pride/archive/projects/PXD052726	False
PXD052745	fff9a0dce4ecc761b40577cac5fe7503b7821d7e2a8aece6d84b9fb24e8e66b6	pride	True	False	True	True	True	585	0	263	636	1002	https://www.ebi.ac.uk/pride/archive/projects/PXD052745	False
PXD052756	13a01dfcb9c3616cc94f011b9da374b82c4b3b2d732aefb129139fb0aa052541	pride	True	False	True	True	True	1421	0	441	3343	804	https://www.ebi.ac.uk/pride/archive/projects/PXD052756	False
PXD052767	f80ea24c04acdcb71a940562cf82dc126e77175a9ca00ca49b88c0e8a3fdac5f	pride	True	False	True	True	True	1312	0	300	739	543	https://www.ebi.ac.uk/pride/archive/projects/PXD052767	False
PXD052806	f3a4674a474afb04460299c30bc70f345fe27a190de4ba76309d4723dd92a7c3	pride	True	True	True	True	True	1415	8443	352	1261	976	https://www.ebi.ac.uk/pride/archive/projects/PXD052806	False
PXD052809	e31dcf67b7fc939cf7e2eed4be677ec398b7e63e72aaf297133c43405b778289	pride	True	True	True	True	True	1447	12009	396	1214	872	https://www.ebi.ac.uk/pride/archive/projects/PXD052809	False
PXD052831	73db50bca6a5eeaa67e7c01f97c1f389e862a37b3583d629a8a88d025b5282d4	pride	True	False	True	True	True	492	0	319	1308	550	https://www.ebi.ac.uk/pride/archive/projects/PXD052831	False
PXD052854	793a65c77f5d7ba07db749a3664ab35fe9e4f983d004cf03adb258bc77fead41	pride	True	True	True	True	True	1136	47907	573	1748	630	https://www.ebi.ac.uk/pride/archive/projects/PXD052854	False
PXD052868	fa6d47bc2403f8b02df3c1216aaef60d7ca289160a130e256d853a75b4ec434f	pride	True	False	True	True	True	1848	0	302	1700	197	https://www.ebi.ac.uk/pride/archive/projects/PXD052868	False
PXD052904	849604307ed98490a70f202522eb4e813442dc225081b0ec13534c6091a90361	pride	True	False	True	True	True	1004	0	299	1074	306	https://www.ebi.ac.uk/pride/archive/projects/PXD052904	False
PXD052912	cda808667ce4d3ff8e062f60c798cf93aa3f17280e6644ef17bf27952b0ee08c	pride	True	False	True	True	True	169	0	286	2442	952	https://www.ebi.ac.uk/pride/archive/projects/PXD052912	False
PXD052949	a9dedd6fcf72243902963f06620cf52baaf5fc18db38ba67d6e8566f4f29a02c	pride	True	True	True	True	True	1881	12341	562	4418	1073	https://www.ebi.ac.uk/pride/archive/projects/PXD052949	False
PXD053008	a0d1ed134dfd8173de96ee985003caa7298d2dba566d8c11ad9a65f9d585cfb4	pride	True	False	True	True	True	805	0	330	2068	1671	https://www.ebi.ac.uk/pride/archive/projects/PXD053008	False
PXD053039	59449b320a78a43f28f287ad622a3a6090ee306937f07ea92871bf95fa0aed1e	pride	True	False	True	True	True	114	0	201	2668	963	https://www.ebi.ac.uk/pride/archive/projects/PXD053039	False
PXD053043	07a371388695d7d505911d51a526594d826f47f911869526a79e018e34c23c0a	pride	True	False	True	True	True	1202	0	480	1777	3049	https://www.ebi.ac.uk/pride/archive/projects/PXD053043	False
PXD053100	3fef9336241458faf347cb3e471f76077eb1cb7332c7104133ab257ee6e2113c	pride	True	False	True	True	True	583	0	442	1496	913	https://www.ebi.ac.uk/pride/archive/projects/PXD053100	False
PXD053105	83ac084112a04548a241cfeff338a0731045799d723571566afff8a83878bcdb	pride	True	False	True	True	True	1210	0	463	4978	671	https://www.ebi.ac.uk/pride/archive/projects/PXD053105	False
PXD053138	dfa9e16920c69e4beb7a8327bb2b8ae533ef04a9d16360d5f69b03a5c6c46369	pride	True	True	True	True	True	1424	16022	298	3480	4776	https://www.ebi.ac.uk/pride/archive/projects/PXD053138	False
PXD053141	9a6ca20985f6e13c9dc0944f18bcdf08673a90964b59b10c06ed8abdc8779f44	pride	True	False	True	True	True	1166	0	223	1795	454	https://www.ebi.ac.uk/pride/archive/projects/PXD053141	False
PXD053197	e9b3d058498515328f102e94ee8293da8e0c24af64f3dac58863aebec4096708	pride	True	False	True	True	True	1158	0	345	1816	810	https://www.ebi.ac.uk/pride/archive/projects/PXD053197	False
PXD053198	9cbc3a478506590d4f8902ca9eff8766e5bb96e8025d0b36955b0d91350001fb	pride	True	False	True	True	True	400	0	342	2471	982	https://www.ebi.ac.uk/pride/archive/projects/PXD053198	False
PXD053228	aa6ad68bef4f008e54dac24dc97c9484abc115575ab85fdc14f80858e55ac66c	pride	True	True	True	True	True	463	11624	421	1918	869	https://www.ebi.ac.uk/pride/archive/projects/PXD053228	False
PXD053264	e972f0425816cb007de4233de644404b37de12311211cc216195ad683f4a70d0	pride	True	True	True	True	True	973	6796	354	1242	515	https://www.ebi.ac.uk/pride/archive/projects/PXD053264	False
PXD053278	c17f385f1f6ed7231bde5aab731b8b499690e9cf5015a15b6b62f92a0c2ac005	pride	True	False	True	True	True	553	0	369	1831	1023	https://www.ebi.ac.uk/pride/archive/projects/PXD053278	False
PXD053290	8846bb33479b33df74caca8f1e0c946d16d5b189775611354a49c16fbaf8587f	pride	True	False	True	True	True	796	0	313	654	355	https://www.ebi.ac.uk/pride/archive/projects/PXD053290	False
PXD053300	ebea625decf0ac62f64a99ee559953a9ba402de9b3d6b9d6db1189343cf357c5	pride	True	False	True	True	True	779	0	311	1758	954	https://www.ebi.ac.uk/pride/archive/projects/PXD053300	False
PXD053308	62ac2f248ee605295cb94e761dcf0630d148ddcdb26c2d88025429c9a4af1526	pride	True	True	True	True	True	1093	24795	328	4887	1998	https://www.ebi.ac.uk/pride/archive/projects/PXD053308	False
PXD053315	a528322ceaf0f927652945710331cc18996651e4f8e15542867f8e23144ef49d	pride	True	False	True	True	True	845	0	328	1474	264	https://www.ebi.ac.uk/pride/archive/projects/PXD053315	False
PXD053353	2eae90d34b23f58871e80638666e62c559533e1d7aeb767a122d325e9f1a6622	pride	True	True	True	True	True	141	9123	203	228	171	https://www.ebi.ac.uk/pride/archive/projects/PXD053353	False
PXD053362	47666cf84f0e05da752b9d1107c90fc68abfabb3222d33cd759ce93b29d714dc	pride	True	False	True	True	True	703	0	344	2520	1379	https://www.ebi.ac.uk/pride/archive/projects/PXD053362	False
PXD053405	00ffc10b0705609da4c639bf2e3b15b00961db7e38189cac88dbd79cb457eec7	pride	True	False	True	True	True	1134	0	579	2182	1558	https://www.ebi.ac.uk/pride/archive/projects/PXD053405	False
PXD053450	199704bb567285ce0e06e4b01b5207b0c31da8822f245289d8abfeb4b649a63d	pride	True	True	True	True	True	1279	11786	515	2843	1971	https://www.ebi.ac.uk/pride/archive/projects/PXD053450	False
PXD053474	5f76a3577d022004bcc5560415eeb48685895a701a99dc94cb8c865fe5074eff	pride	True	False	True	True	True	1556	0	375	929	1442	https://www.ebi.ac.uk/pride/archive/projects/PXD053474	False
PXD053500	4c31dc7a333b796869c8fec8e190efcc3b939ff126fa6de00fa56d53409b06da	pride	True	False	True	True	True	1734	0	273	1272	1317	https://www.ebi.ac.uk/pride/archive/projects/PXD053500	False
PXD053502	c99396e8fc5e510698ad0d1fd5b7d3ddd20bba5bb07d3fdd7e6578327bf32b4f	pride	True	True	True	True	True	1455	52307	259	4584	551	https://www.ebi.ac.uk/pride/archive/projects/PXD053502	False
PXD053560	ea02bd71d8bcd7d4d7f8d9c6b782e19da9e4bfc14ba6ef01dcba0aeb08e7fe47	pride	True	False	True	True	True	714	0	461	3766	844	https://www.ebi.ac.uk/pride/archive/projects/PXD053560	False
PXD053578	baf25c0bde4b2bf62a364c210a562454e8c6c264718350e0c902606fd50c21fa	pride	True	True	True	True	True	1779	16496	268	2156	2870	https://www.ebi.ac.uk/pride/archive/projects/PXD053578	False
PXD053579	bbd36f3b9f613b74d67fa1af7b9a79a7798e42f0d48b9559b0b446404ebcbff5	pride	True	True	True	True	True	1206	21516	401	858	925	https://www.ebi.ac.uk/pride/archive/projects/PXD053579	False
PXD053582	96335867775e264f4e6c1ed952d27be0f63d3d8625239d20b63c962b3fb73845	pride	True	True	True	True	True	1206	21516	442	1081	1956	https://www.ebi.ac.uk/pride/archive/projects/PXD053582	False
PXD053613	0767664e65a558b315f6fdcfebd0713858c27e0d96bd0103b9268835b93fa23d	pride	True	False	True	True	True	1221	0	294	1122	1993	https://www.ebi.ac.uk/pride/archive/projects/PXD053613	False
PXD053677	be5cdada700221a3fda542dc63564cf8f7d9d0a562abc14ff3277e513f33df47	pride	True	False	True	True	True	970	0	315	1599	1332	https://www.ebi.ac.uk/pride/archive/projects/PXD053677	False
PXD053783	96d91da20cc53b9b1a2bc7bd8649069eff95f5109e250da95440611ced50f74b	pride	True	False	True	True	True	685	0	364	966	2770	https://www.ebi.ac.uk/pride/archive/projects/PXD053783	False
PXD053814	42bcccd4cd44f4c47c170eb3f9b139cb1a60640c3acae2590256ff0c217cb482	pride	True	True	True	True	True	869	18570	363	4377	4549	https://www.ebi.ac.uk/pride/archive/projects/PXD053814	False
PXD053837	6d3ec478267ea270bdba362f16fad5215a64ec4960376230f41491eb0a909aa6	pride	True	False	True	True	True	2100	0	358	1116	1826	https://www.ebi.ac.uk/pride/archive/projects/PXD053837	False
PXD053864	1ad4ef91bacc0c4849cea9725b9ea99c1f252d858e68c12b34f64d74d988bf12	pride	True	False	True	True	True	1025	0	238	3236	1190	https://www.ebi.ac.uk/pride/archive/projects/PXD053864	False
PXD053865	e5205c436137db0637d94eba8d428877a9716c28ec043bac6d6d6906c2f8fe0a	pride	True	False	True	True	True	186	0	300	465	144	https://www.ebi.ac.uk/pride/archive/projects/PXD053865	False
PXD053866	a81e6ba7a94d39c764420de153d036ac407c53298831788f0e7c6df42111a3f5	pride	True	False	True	True	True	845	0	394	4428	1150	https://www.ebi.ac.uk/pride/archive/projects/PXD053866	False
PXD053880	f12e50ff4f5caf8be53e0c50d266e719bd7dda22737074b2202b109102f17ad2	pride	True	False	True	True	True	2073	0	313	1233	636	https://www.ebi.ac.uk/pride/archive/projects/PXD053880	False
PXD053882	16eb805bab773979e2017bef4bcb87bfa901f9aa4654f4fe5d85f43653e173d1	pride	True	False	True	True	True	1118	0	329	2144	2635	https://www.ebi.ac.uk/pride/archive/projects/PXD053882	False
PXD053894	e433da5daef96180b09be8d1a1f4f1e7ac13132bae08797e553fed5ea3b87998	pride	True	False	True	True	True	3129	0	256	2313	754	https://www.ebi.ac.uk/pride/archive/projects/PXD053894	False
PXD053929	a3d886a008c822858ca09efe9d2d7f820758b09d69674d9cbb2186e1d7233daa	pride	True	False	True	True	True	1254	0	230	2247	633	https://www.ebi.ac.uk/pride/archive/projects/PXD053929	False
PXD053942	814470f303530a97fa9a17fdf48bf314829b352bc840e762f257faaeab74fd29	pride	True	False	True	True	True	1375	0	299	1452	413	https://www.ebi.ac.uk/pride/archive/projects/PXD053942	False
PXD053945	bc02af0c7e630069ec5e3cc5a626458c2c75c39f9682ab04b26e1b641e9a56b9	pride	True	False	True	True	True	260	0	356	2154	1413	https://www.ebi.ac.uk/pride/archive/projects/PXD053945	False
PXD054002	464d7c2ad4c64bdc7607bbc14dc60a7e82da1a437030b0371674614a1447905e	pride	True	False	True	True	True	1947	0	253	2428	633	https://www.ebi.ac.uk/pride/archive/projects/PXD054002	False
PXD054016	7ae43a4d6f4cc4f490e5db58e4a16de6c3f659c2fdbe52cb3c17043826e116af	pride	True	False	True	True	True	1335	0	418	3807	2269	https://www.ebi.ac.uk/pride/archive/projects/PXD054016	False
PXD054028	c362f8e995cfa6b4aa863dc818f36b25ccd8920e1937902f0f1894b5b4954afe	pride	True	False	True	True	True	1684	0	345	1905	1077	https://www.ebi.ac.uk/pride/archive/projects/PXD054028	False
PXD054033	b297dc8d3e97f512086e769e64b8d003879f8dadc611029c192de53ba768809c	pride	True	False	True	True	True	1102	0	226	1894	829	https://www.ebi.ac.uk/pride/archive/projects/PXD054033	False
PXD054042	043e934c4f14d5039fbe1f0e25b5dfc3ec3d19413b7558c90906e7d52796b497	pride	True	False	True	True	True	936	0	331	2132	2871	https://www.ebi.ac.uk/pride/archive/projects/PXD054042	False
PXD054065	a799308dc36d13ea40ce725e9203cf0d2e1ab5669ee96194cbf86d9046cbaa4c	pride	True	False	True	True	True	240	0	267	1404	1412	https://www.ebi.ac.uk/pride/archive/projects/PXD054065	False
PXD054069	3eecb4c8db7260eba30399a7ba5b9a2fe049a92651f4ce6960e2f49c66f9a468	pride	True	False	True	True	True	724	0	200	4089	797	https://www.ebi.ac.uk/pride/archive/projects/PXD054069	False
PXD054073	3f2d67708471c5bcb528689da13e7e02a633ca1789992826aa3c79bcb650a8c5	pride	True	True	True	True	True	1483	4931	475	434	3544	https://www.ebi.ac.uk/pride/archive/projects/PXD054073	False
PXD054119	5c87dacc5a27f6e99fac53f4bcfe34077ccfcf634f18f5e6058cc7e4dda5b150	pride	True	False	True	True	True	1818	0	319	3312	2165	https://www.ebi.ac.uk/pride/archive/projects/PXD054119	False
PXD054144	e8d15f5fe95fa6cecee45984ddecebe1e4fc6033e6e3dd00f3fd95527968a6a0	pride	True	False	True	True	True	1104	0	329	680	4739	https://www.ebi.ac.uk/pride/archive/projects/PXD054144	False
PXD054149	986c9afbde4e2e02ad79cd050655c780b09ce2ac96519041c837d396c2de6a10	pride	True	False	True	True	True	1584	0	269	2977	844	https://www.ebi.ac.uk/pride/archive/projects/PXD054149	False
PXD054183	d6f8f58bf8046da047e8d4c85ead98b172690bfc02fdb12680bf324a1df48c14	pride	True	False	True	True	True	1515	0	317	4295	1291	https://www.ebi.ac.uk/pride/archive/projects/PXD054183	False
PXD054197	24d45ce58c005bdae16fab97524b69a6d6d6080647b1fa2407d0dd7ac943b272	pride	True	False	True	True	True	1410	0	248	607	58	https://www.ebi.ac.uk/pride/archive/projects/PXD054197	False
PXD054207	b4752ba2f43e421ae7106485dc347dd7097e91b4c2a8162fb9e0549970868a54	pride	True	False	True	True	True	170	0	258	1496	1135	https://www.ebi.ac.uk/pride/archive/projects/PXD054207	False
PXD054242	0a718d7b6a352f5ded21c42c35bd022273dc2c04c98e41733557634e70b4766e	pride	True	False	True	True	True	88	0	255	2396	1218	https://www.ebi.ac.uk/pride/archive/projects/PXD054242	False
PXD054248	458cba440f3320a2a006d554608e56a60b072b8549cf38c3ffe817f823d5b2dc	pride	True	False	True	True	True	1547	0	390	2313	668	https://www.ebi.ac.uk/pride/archive/projects/PXD054248	False
PXD054298	2a08507a22f0c3d3b1c1ff98c32aa84c432e4d1788b70e6131ea140dfc41df8f	pride	True	False	True	True	True	1246	0	450	4980	1118	https://www.ebi.ac.uk/pride/archive/projects/PXD054298	False
PXD054300	ac627897c116773cc0dee7b8a9e444b99a531d0575c6a3baa11f93c95dab2058	pride	True	False	True	True	True	1309	0	477	4140	1354	https://www.ebi.ac.uk/pride/archive/projects/PXD054300	False
PXD054301	7527a3cecada83a0f9c3589adeaef0e508ca52d9b768f6d179e5a29bcffd71a0	pride	True	False	True	True	True	761	0	368	1660	1424	https://www.ebi.ac.uk/pride/archive/projects/PXD054301	False
PXD054304	59aa3d88b1b5fd2d6ea2b83adaa63a1de841b30b54f8da619a84c854871500d9	pride	True	False	True	True	True	1231	0	458	4976	1285	https://www.ebi.ac.uk/pride/archive/projects/PXD054304	False
PXD054317	85e7d339e605a873ea62d33e62ee63b0b8de8b6b6dc60909f99dbddd99328766	pride	True	False	True	True	True	422	0	282	946	762	https://www.ebi.ac.uk/pride/archive/projects/PXD054317	False
PXD054323	4316fb833126fc650a5f3abb473e10054aeffd423b962806a417167616d7bc75	pride	True	False	True	True	True	1848	0	211	1973	1048	https://www.ebi.ac.uk/pride/archive/projects/PXD054323	False
PXD054336	a597ec56547f30b4ed0dcd03a022a757ef2cdd7d40d4f1ded6076000894a4f16	pride	True	True	True	True	True	1901	13712	422	4992	2075	https://www.ebi.ac.uk/pride/archive/projects/PXD054336	False
PXD054378	4bbf8097901b1f0ab028fd02544d68df3be6c93aa06e49c564b2d2d9a989c797	pride	True	True	True	True	True	193	11428	376	142	136	https://www.ebi.ac.uk/pride/archive/projects/PXD054378	False
PXD054388	54bcfe622f3b4009f6329404a76f6d7e4b05916cdedc872f4f6c2db75200eb2a	pride	True	False	True	True	True	1207	0	424	1847	1131	https://www.ebi.ac.uk/pride/archive/projects/PXD054388	False
PXD054390	28d40f33ee45ca7796b061959208b4d47e1f9a69cfffba102a39a56bf0a327ab	pride	True	False	True	True	True	136	0	289	932	688	https://www.ebi.ac.uk/pride/archive/projects/PXD054390	False
PXD054405	54f5545a1c5828c9dcefd755d4fa9d321ff87f2188ef5df1a3ba1937450c0daf	pubmed	True	False	True	True	True	2063	0	368	914	583	https://www.ebi.ac.uk/pride/archive/projects/PXD054405	False
PXD054428	2417df6808f4e2e4e70962a04f3ac672c7b9178340ab46d8cde5d9834b5ac174	pride	True	False	True	True	True	116	0	328	3168	1028	https://www.ebi.ac.uk/pride/archive/projects/PXD054428	False
PXD054449	4c54e4d3b316038753c77b5ca422dad83f91db08d1791754efb22b6914b3be8e	pride	True	False	True	True	True	396	0	245	1220	1178	https://www.ebi.ac.uk/pride/archive/projects/PXD054449	False
PXD054505	2df484a6d9786f4fc95d922d8cab833aa923ac32f4118742964f6c9ff413839f	pride	True	False	True	True	True	1387	0	348	2118	937	https://www.ebi.ac.uk/pride/archive/projects/PXD054505	False
PXD054556	787d5820f60dc74619dc1102171967038a8bcd4136c921664a9984cc75064ad5	pride	True	False	True	True	True	107	0	324	890	599	https://www.ebi.ac.uk/pride/archive/projects/PXD054556	False
PXD054611	4e09c9268035d513c12b96ed050cc9488ba2440717583d114583c427c71081ca	pride	True	False	True	True	True	1132	0	257	695	935	https://www.ebi.ac.uk/pride/archive/projects/PXD054611	False
PXD054667	37a9569a131a89286b78ae4f6ed05f3c7dd849ef406d7d2f564bb6501f764275	pride	True	False	True	True	True	1093	0	300	2483	818	https://www.ebi.ac.uk/pride/archive/projects/PXD054667	False
PXD054671	db2b99c5a8bd0d9231b340f1bd3e0cda8b1d7d31348dfaf842e04a6e0ae716c5	pride	True	False	True	True	True	607	0	296	1350	924	https://www.ebi.ac.uk/pride/archive/projects/PXD054671	False
PXD054675	eaaa4992653b5c7a062b6ad219646a581ca09858379bd71ce3dcf68d6abff12c	pride	True	True	True	True	True	1508	39693	272	3944	2533	https://www.ebi.ac.uk/pride/archive/projects/PXD054675	False
PXD054678	7262a798b1390967e413bd2869cf48bad3299acc31bf542e16f29238ebd40d77	pride	True	False	True	True	True	1054	0	365	2130	64	https://www.ebi.ac.uk/pride/archive/projects/PXD054678	False
PXD054681	7041aa3de85e3f20f3e6d7417729799fed7f49ccd8e5e9896500326ded76e5c8	pride	True	False	True	True	True	1142	0	324	710	720	https://www.ebi.ac.uk/pride/archive/projects/PXD054681	False
PXD054686	570d5ffaf8bc37f88ca96a99d75b080d5f4cbefbef7054d2da6562e00e2de167	pride	True	False	True	True	True	2580	0	351	3868	3567	https://www.ebi.ac.uk/pride/archive/projects/PXD054686	False
PXD054701	8dd3009f0f896b26efa93ca254de5e3f6f9d3bdd486fd95def8d9e6893ed7e2b	pride	True	True	True	True	True	388	39693	248	3360	2813	https://www.ebi.ac.uk/pride/archive/projects/PXD054701	False
PXD054717	dec8b8dc3b7b46cd37fc31918ed39170ed8b1136c9997d8a1c786575580ab23c	pride	True	False	True	True	True	1982	0	377	4570	1302	https://www.ebi.ac.uk/pride/archive/projects/PXD054717	False
PXD054722	2875d2783963362c223a3336c6fcf287aa225f6e36ce5d830720266bb50ad406	pride	True	False	True	True	True	2294	0	183	2294	2294	https://www.ebi.ac.uk/pride/archive/projects/PXD054722	False
PXD054783	e73f93864d526496d9135c8bd01b1a93dfd3dfdd1d1ba7f602097efefe145032	pride	True	False	True	True	True	1784	0	194	114	79	https://www.ebi.ac.uk/pride/archive/projects/PXD054783	False
PXD054857	d87c28c32fe569ed03e2f04fa3dca916543530caea2d3b40e4044eccfe3ac765	pride	True	False	True	True	True	1146	0	217	2407	541	https://www.ebi.ac.uk/pride/archive/projects/PXD054857	False
PXD054861	ec8d8e359295e8e5be2483d2aad29e1ee98c11937186d65bbaf0f829ffdc6c04	pride	True	False	True	True	True	1253	0	244	1183	1354	https://www.ebi.ac.uk/pride/archive/projects/PXD054861	False
PXD054972	68372d221b7bc90537624d23bb90dc7cd8082c44cdcd68e9d66a24f3134a3c39	pride	True	False	True	True	True	1052	0	231	1924	644	https://www.ebi.ac.uk/pride/archive/projects/PXD054972	False
PXD055011	b4a7d811157ea170a80962d414f6ea83fb51162ebb3977167dbd49090e764eeb	pubmed	True	False	True	True	True	1521	0	246	562	127	https://www.ebi.ac.uk/pride/archive/projects/PXD055011	False
PXD055123	4ae10246f47c6bfaaf5fdb5da559c420f999ae810159454bb148f6faf42c3561	pride	True	False	True	True	True	850	0	328	318	463	https://www.ebi.ac.uk/pride/archive/projects/PXD055123	False
PXD055141	6b1c5a9657ee7600e3c13d7e543d2af7b96fa26a27b8a10432bd765c52e9d669	pride	True	True	True	True	True	1483	57521	435	4732	3073	https://www.ebi.ac.uk/pride/archive/projects/PXD055141	False
PXD055168	a0dce0bfe574595c184f67371d23220f35c22964e7306e177537a1b879d7b45c	pride	True	False	True	True	True	432	0	225	1721	658	https://www.ebi.ac.uk/pride/archive/projects/PXD055168	False
PXD055192	cae097c7399884adf4197faf70de1e9d91f87e9428605b290de65d7f007f3ae1	pride	True	True	True	True	True	901	57521	298	4561	2491	https://www.ebi.ac.uk/pride/archive/projects/PXD055192	False
PXD055223	9f8a26f70a2efe44ec31349e635c30fb872a9062f889e077202c3dc4c536c887	pride	True	True	True	True	True	1363	12389	408	3996	828	https://www.ebi.ac.uk/pride/archive/projects/PXD055223	False
PXD055227	1fe140de3e35717e434ed2fff5e4a9325c7ae4466798c475a1ef634386f65613	pride	True	False	True	True	True	903	0	320	118	1854	https://www.ebi.ac.uk/pride/archive/projects/PXD055227	False
PXD055242	ff9fd5ec076ee1fda1057f47dda440c9a2051a34ff65a23fc6a859f6f6b7ba68	pubmed	True	False	True	True	True	1733	0	402	1833	1585	https://www.ebi.ac.uk/pride/archive/projects/PXD055242	False
PXD055262	ab2b4541e8069c0e6990c950495581aaa0477ee002592a4a78e434a94e85477e	pubmed	True	False	True	True	True	1173	0	462	3630	2589	https://www.ebi.ac.uk/pride/archive/projects/PXD055262	False
PXD055275	582e64d389a7868855511bc26a73353ddab929986503d65569ed3b086908054b	pride	True	False	True	True	True	175	0	271	4820	1419	https://www.ebi.ac.uk/pride/archive/projects/PXD055275	False
PXD055348	1db5250cf03d0bc1e3fab22bd31910f56fd8e9038b904f1ab887034f47b94b20	pride	True	True	True	True	True	1261	17093	469	1152	801	https://www.ebi.ac.uk/pride/archive/projects/PXD055348	False
PXD055375	4d1df37a6ab97a9557d8dda8c04c345b4f15f330a8b0477bb5bd6770c8b6dfe2	pride	True	False	True	True	True	151	0	418	241	211	https://www.ebi.ac.uk/pride/archive/projects/PXD055375	False
PXD055466	0c2430e5525baeb16da8393f2e8ce958623381d695fd8b214283dca0e2eb7d83	pride	True	False	True	True	True	639	0	331	2592	639	https://www.ebi.ac.uk/pride/archive/projects/PXD055466	False
PXD055473	83741c5235c5989b22f53c50f3e73e8c357b33add857c36db7e5d82f12a428aa	pride	True	False	True	True	True	1233	0	355	1111	3706	https://www.ebi.ac.uk/pride/archive/projects/PXD055473	False
PXD055535	33c7e29d223e1ad0aedfbe8be6affab7ee8b1998fbc41ba2aa2c27ad2f5bf5fe	pride	True	False	True	True	True	364	0	323	1626	534	https://www.ebi.ac.uk/pride/archive/projects/PXD055535	False
PXD055566	c0dc3b289345e3d0f87c7d1b434dd1a376f8eac9521eada39611356be97f52b9	pride	True	False	True	True	True	1472	0	362	464	2527	https://www.ebi.ac.uk/pride/archive/projects/PXD055566	False
PXD055586	4658f144858f163c65bd07d1c744b4ea56b51c085132e29a070c0bbc74ac60d7	pride	True	True	True	True	True	1779	8831	353	2955	1230	https://www.ebi.ac.uk/pride/archive/projects/PXD055586	False
PXD055605	0565e089ed3eab7952adc5f9f7676ddcda6fca0cc3611cf76eced93eed7faf11	pride	True	True	True	True	True	1904	57521	396	4986	4764	https://www.ebi.ac.uk/pride/archive/projects/PXD055605	False
PXD055623	aebc7769c5ef594f94141529aaf5fe5cf90850c941d258d34bbf467e0771834b	pride	True	False	True	True	True	397	0	390	946	971	https://www.ebi.ac.uk/pride/archive/projects/PXD055623	False
PXD055631	b3aace776268f9d33b9c420230be130f6d0ce8392add7f058919c4d17a0ad8be	pride	True	False	True	True	True	1215	0	376	1122	1443	https://www.ebi.ac.uk/pride/archive/projects/PXD055631	False
PXD055633	c73a39529c6261c4658a99ee60e21081a65ef5872e0d61fc88fa13db1eb59806	pride	True	False	True	True	True	1153	0	344	1698	657	https://www.ebi.ac.uk/pride/archive/projects/PXD055633	False
PXD055737	82f72d57e66251b965a27bd2b538a06e42e0a8b9f455289b35229aacf230c747	pride	True	False	True	True	True	190	0	225	1423	1100	https://www.ebi.ac.uk/pride/archive/projects/PXD055737	False
PXD055766	da79011a8f969ad8cb899a32a6f1e761df1a7ceac0ae5c88863d6f448462a424	pride	True	False	True	True	True	1924	0	336	2489	891	https://www.ebi.ac.uk/pride/archive/projects/PXD055766	False
PXD055775	2a02cd70fb298c25a6caf00288249e9f4b8392193b271a9a28b94dba92cffe41	pride	True	False	True	True	True	1471	0	302	4961	1987	https://www.ebi.ac.uk/pride/archive/projects/PXD055775	False
PXD055814	89702cbe974359df61871ad407f67205a52aac7b37feb2aa1e51fac89b801c64	pride	True	False	True	True	True	896	0	434	1108	684	https://www.ebi.ac.uk/pride/archive/projects/PXD055814	False
PXD055818	51bb80c53800a48d5efbaefad29efd59a5204d5671a02e3e05c7c5014c501b3e	pride	True	False	True	True	True	766	0	313	976	976	https://www.ebi.ac.uk/pride/archive/projects/PXD055818	False
PXD055884	216f379f39d66ced94e23e28916f8729cd19ffd3bab10d256d051560978a667c	pride	True	False	True	True	True	410	0	212	1264	837	https://www.ebi.ac.uk/pride/archive/projects/PXD055884	False
PXD055898	ededbd8d043adbe62fd06372699d2b8f484362df5e8887aa6601c84f3a467b4a	pride	True	False	True	True	True	1535	0	225	1966	1333	https://www.ebi.ac.uk/pride/archive/projects/PXD055898	False
PXD055923	dc9df6001ae1c085d60ae7e95e19a4b6293c80dfa65c8c1312c010696dfeb9ab	pride	True	False	True	True	True	1155	0	312	1977	460	https://www.ebi.ac.uk/pride/archive/projects/PXD055923	False
PXD055943	0a29d1f77c5ea24f23e694add9c9ab9fb2085eab98d39993ba1f74c0f0efea5e	pride	True	False	True	True	True	2619	0	337	2591	2336	https://www.ebi.ac.uk/pride/archive/projects/PXD055943	False
PXD055950	71d06db95c8f72bce1d9aa216c802dae7b650c279b0d1cad8b27b7e6ab7b9a7b	pride	True	True	True	True	True	1023	24072	388	919	1762	https://www.ebi.ac.uk/pride/archive/projects/PXD055950	False
PXD055956	8668b9554d70fdf965bcdac2a76017dc20a854eea7089d418d2422d84b30129d	pride	True	False	True	True	True	1332	0	312	1657	746	https://www.ebi.ac.uk/pride/archive/projects/PXD055956	False
PXD055973	58a3fba9b3285e7abdb6f55057fc739d1c934fb3c39f4b6bdc5bfc2d7ea7ea39	pride	True	False	True	True	True	893	0	300	2294	658	https://www.ebi.ac.uk/pride/archive/projects/PXD055973	False
PXD055978	87c7b389a12c336bcca69db2e374b9b3635db98ff3007afce1555de75bbdf3f4	pride	True	True	True	True	True	571	1219	379	1268	767	https://www.ebi.ac.uk/pride/archive/projects/PXD055978	False
PXD055983	548dffcad7c10ab99cb2b648cab384da0ff2e566c8570a1b1097172ff725b244	pride	True	False	True	True	True	168	0	319	451	486	https://www.ebi.ac.uk/pride/archive/projects/PXD055983	False
PXD055984	a981d0798e822be10b498849a53eb1cf66fbea94486e87a6b2669de9a807e26b	pride	True	False	True	True	True	160	0	257	2225	1627	https://www.ebi.ac.uk/pride/archive/projects/PXD055984	False
PXD056026	4fe0ac09cf446a74e72bf087acf16bba421ccf5547558d70ba9ec6f3952653bc	pride	True	False	True	True	True	202	0	358	1052	314	https://www.ebi.ac.uk/pride/archive/projects/PXD056026	False
PXD056040	87ac79e2bdcbb00c90ebd0f1f309dbcdf1d4ec7477152e5d6db550ff7ec2be19	pubmed	True	False	True	True	True	1256	0	459	459	396	https://www.ebi.ac.uk/pride/archive/projects/PXD056040	False
PXD056059	19b5305a16726305fa00066ffe30ff761c623420c2bdab8aea9a697f55fb01be	pride	True	False	True	True	True	131	0	230	361	463	https://www.ebi.ac.uk/pride/archive/projects/PXD056059	False
PXD056061	f97cf4197925bb046ff5edf4a31046fcf113c10931b52b95a0c354735c91b9d5	pride	True	True	True	True	True	1273	19586	353	626	2216	https://www.ebi.ac.uk/pride/archive/projects/PXD056061	False
PXD056064	9fc956003b7b5d18c20e7551159cbe36881b824c8636cd701ce5b9344df8a737	pubmed	True	False	True	True	True	2056	0	289	340	124	https://www.ebi.ac.uk/pride/archive/projects/PXD056064	False
PXD056070	d6140f2fa1f13992351826d15e1f5544f8fb2b3c13b2ade7400b56574864696e	pubmed	True	False	True	True	True	2730	0	315	129	166	https://www.ebi.ac.uk/pride/archive/projects/PXD056070	False
PXD056077	a150fae8cf615d095933d3a2b31e741b43e5fd88d6e623fda91098edaffa6caf	pride	True	True	True	True	True	879	15089	407	412	373	https://www.ebi.ac.uk/pride/archive/projects/PXD056077	False
PXD056079	ba5b922c5d2fe7a3a20efbce6873c9ec69713588d7f2c3708f42041c41481875	pride	True	True	True	True	True	61	20097	205	891	274	https://www.ebi.ac.uk/pride/archive/projects/PXD056079	False
PXD056087	c46c1fc2f5aa0abadd5153091bf414948749660bfce13beb26cdfa25ce8770a8	pride	True	False	True	True	True	1080	0	347	3805	709	https://www.ebi.ac.uk/pride/archive/projects/PXD056087	False
PXD056092	fbe26ed2ed987a6295f3f7691ae8df627ddf5b0e66107bc47cf98ba81816aeb2	pubmed	True	False	True	True	True	1302	0	243	1277	1074	https://www.ebi.ac.uk/pride/archive/projects/PXD056092	False
PXD056095	a6582b5947e8cf7d48bfeff25c3918f15a7e34ca568c243ffff77bcf4ab38835	pride	True	False	True	True	True	1044	0	535	2587	711	https://www.ebi.ac.uk/pride/archive/projects/PXD056095	False
PXD056096	1fa69159e0dfd99eced156852b34be38f67de2ec46cd45b47f19b6ad179d0d45	pride	True	False	True	True	True	1507	0	517	260	227	https://www.ebi.ac.uk/pride/archive/projects/PXD056096	False
PXD056099	ac99cb4c3d64639bd4d68a5dcf1f0d17b9c33c73c32bb159a40de65aec3dccc4	pride	True	False	True	True	True	1044	0	514	1692	1465	https://www.ebi.ac.uk/pride/archive/projects/PXD056099	False
PXD056103	1c6157f1d3df5c4b6dd00b4f304652e09ad5f6e3ad25a355faf8e1e9cded4538	pride	True	False	True	True	True	1384	0	381	1975	1691	https://www.ebi.ac.uk/pride/archive/projects/PXD056103	False
PXD056141	d7055d0d9ae6441392ce4a619d99da15bb88e56802e1d2aaade814c435a2c468	pride	True	False	True	True	True	1080	0	347	3805	709	https://www.ebi.ac.uk/pride/archive/projects/PXD056141	False
PXD056153	e91c0e1e19337ad846c83e183587171d17af02b02525a9024839fdea72cc66b8	pride	True	True	True	True	True	468	15906	278	1993	487	https://www.ebi.ac.uk/pride/archive/projects/PXD056153	False
PXD056156	a70ceac385443c926256eda5db017ba353eb56195fe95c58a2a5b57be211436e	pride	True	False	True	True	True	1080	0	347	3804	709	https://www.ebi.ac.uk/pride/archive/projects/PXD056156	False
PXD056160	41448959ab151fc71a19be1764259992c83871214a6512036211250d180945f6	pride	True	False	True	True	True	435	0	259	385	435	https://www.ebi.ac.uk/pride/archive/projects/PXD056160	False
PXD056164	038932e6187d9687e77f726a9bf09c6407f355aa6d33a996d1cee31d193389df	pride	True	False	True	True	True	1080	0	347	3807	709	https://www.ebi.ac.uk/pride/archive/projects/PXD056164	False
PXD056168	11f73f36ecd14560432596de80ceb4403e6f101df893656b1db378b8c7a95f6c	pride	True	True	True	True	True	2363	14372	368	3635	1276	https://www.ebi.ac.uk/pride/archive/projects/PXD056168	False
PXD056170	bb377f1655230b3d4f533c3b255218882e858e73322478efff3b09c66bf9e8b1	pubmed	True	False	True	True	True	1106	0	431	2704	1437	https://www.ebi.ac.uk/pride/archive/projects/PXD056170	False
PXD056176	f2422766c5b282aa7343aa1aed913235ceb98068d37270f17addce9630680b53	pubmed	True	False	True	True	True	1106	0	421	2704	1437	https://www.ebi.ac.uk/pride/archive/projects/PXD056176	False
PXD056181	ea2ba5bfe3d2b907c428c59393993dab9c2e2dc557b65003b0b87a74bf7cb390	pride	True	False	True	True	True	117	0	270	700	2142	https://www.ebi.ac.uk/pride/archive/projects/PXD056181	False
PXD056183	c154eaf245971b62d28efdc12b0e8b4c47209ea8fbb30d474f408ee05f805389	pubmed	True	False	True	True	True	1106	0	324	2704	1437	https://www.ebi.ac.uk/pride/archive/projects/PXD056183	False
PXD056187	8d12e2710eb2f676f4d2714f0dd8433b8f670372c72219f4ffc7f3b8bc98c5fa	pride	True	False	True	True	True	1562	0	427	2505	1806	https://www.ebi.ac.uk/pride/archive/projects/PXD056187	False
PXD056189	c3a6c1b21a144a72f4d6f8b91dd759452fab32834f006cb7a6c1818666dc8380	pubmed	True	False	True	True	True	1106	0	324	2704	1437	https://www.ebi.ac.uk/pride/archive/projects/PXD056189	False
PXD056192	65ab40744971c185dce4ea6b6ec94c309c52800b2d7ed704e0565b772e0b9212	pubmed	True	False	True	True	True	1106	0	380	2704	1437	https://www.ebi.ac.uk/pride/archive/projects/PXD056192	False
PXD056194	df0827c425ba1636812cc4a1aad7211f20e01575534e632e95718a4c09bcd2c5	pubmed	True	False	True	True	True	1106	0	380	2704	1437	https://www.ebi.ac.uk/pride/archive/projects/PXD056194	False
PXD056196	df0827c425ba1636812cc4a1aad7211f20e01575534e632e95718a4c09bcd2c5	pubmed	True	False	True	True	True	1106	0	380	2704	1437	https://www.ebi.ac.uk/pride/archive/projects/PXD056196	False
PXD056197	df0827c425ba1636812cc4a1aad7211f20e01575534e632e95718a4c09bcd2c5	pubmed	True	False	True	True	True	1106	0	380	2704	1437	https://www.ebi.ac.uk/pride/archive/projects/PXD056197	False
PXD056199	cde89fa6de30c7dc57ee73ef6d70980fddea94c930842559c87dea377fe1f436	pubmed	True	False	True	True	True	1106	0	380	2704	1437	https://www.ebi.ac.uk/pride/archive/projects/PXD056199	False
PXD056206	29c5e6417a06371c38a7cd5e589846f183fbd3992f7983a432a760b3964660c8	pride	True	True	True	True	True	240	42362	213	1835	592	https://www.ebi.ac.uk/pride/archive/projects/PXD056206	False
PXD056212	98de0948a6534f2914d6829dcb14e4a2d94ecaebdf628bada5b069a86bb47c19	pride	True	False	True	True	True	1343	0	395	1529	904	https://www.ebi.ac.uk/pride/archive/projects/PXD056212	False
PXD056248	16f5402fa21acda6780f0a69be425c91db772f24d7ec03907b3ebdd93a541b0f	pride	True	False	True	True	True	953	0	375	2558	742	https://www.ebi.ac.uk/pride/archive/projects/PXD056248	False
PXD056251	d19f7bba602ad6d1834be1f7a1ba8d0616d5a3053d5899dba3547a661f3930dd	pride	True	True	True	True	True	191	234	400	547	678	https://www.ebi.ac.uk/pride/archive/projects/PXD056251	False
PXD056281	739596dd484fd14c582575dc3816de7479aef8d8d175fcc39cea6c629d3ab405	pride	True	False	True	True	True	1645	0	364	1642	395	https://www.ebi.ac.uk/pride/archive/projects/PXD056281	False
PXD056286	befc6d969f4da45e45bd1fbf22806d97e9f4fd37384b721c3fe4e138cfa10fe3	pride	True	True	True	True	True	1249	10895	324	1234	1132	https://www.ebi.ac.uk/pride/archive/projects/PXD056286	False
PXD056291	ab88e3a39f7209415adb8e85fcc2b2186acf6d6755cb1d4407ecf66fd7b4bf55	pride	True	True	True	True	True	1585	21265	524	4498	1565	https://www.ebi.ac.uk/pride/archive/projects/PXD056291	False
PXD056295	8df68c96ad6d0a6c40b80f11e53362d290a9c8226277edc4a4e9b4c8404e6b0e	pride	True	False	True	True	True	1142	0	239	2200	651	https://www.ebi.ac.uk/pride/archive/projects/PXD056295	False
PXD056300	72eae8d0e9feffcd57331a01fb45036b6ac350844e5c5ebf3ccd2bf89e81ac15	pride	True	True	True	True	True	542	15833	400	1312	960	https://www.ebi.ac.uk/pride/archive/projects/PXD056300	False
PXD056314	889dc6dda011b21e55d8342e72d9dbd36cb4d1312583539a663a974c0fdc6479	pride	True	False	True	True	True	1080	0	337	3801	709	https://www.ebi.ac.uk/pride/archive/projects/PXD056314	False
PXD056331	2cf9909c6ed289dba47e5b2506a64a41f1e371ef0e5c722b3716a359bddbdd5f	pride	True	False	True	True	True	1187	0	324	1162	441	https://www.ebi.ac.uk/pride/archive/projects/PXD056331	False
PXD056345	18851d0421d770f5dfa4e8b586082535d94fd9336dd27e2f21af420c08b15df4	pride	True	True	True	True	True	670	1716	171	615	289	https://www.ebi.ac.uk/pride/archive/projects/PXD056345	False
PXD056347	977467b5394f9a467fb3e4ef069e083e8b454c1e2846c8d1df257c3e008b2eb0	pride	True	False	True	True	True	998	0	478	3474	1160	https://www.ebi.ac.uk/pride/archive/projects/PXD056347	False
PXD056371	c128953276db8e690d9e5bca014ffcea7344302e5d5260cbc9aed6d6485f55ab	pride	True	True	True	True	True	476	13059	245	4213	706	https://www.ebi.ac.uk/pride/archive/projects/PXD056371	False
PXD056390	c8af059ad0f84dcb0ed9df5e25222b97eddc897f99849b33648556cd5d20772f	pride	True	False	True	True	True	1148	0	347	4673	921	https://www.ebi.ac.uk/pride/archive/projects/PXD056390	False
PXD056421	679b35ab653e8b9d027a9fdf3b10ac827a7b7eb8b0965c8efadafd458cfb9184	pride	True	False	True	True	True	1080	0	337	3798	709	https://www.ebi.ac.uk/pride/archive/projects/PXD056421	False
PXD056432	a08726c4aea0293b1ad1a2d41a61c0a82c1a68a857d163cf8612e3e0da34a3cc	pride	True	False	True	True	True	2354	0	307	3423	182	https://www.ebi.ac.uk/pride/archive/projects/PXD056432	False
PXD056446	9466c0b54203913220e267590a48d7afd3942f908a7f0d0252bbb3fb8f0dc490	pride	True	True	True	True	True	1391	17608	225	653	166	https://www.ebi.ac.uk/pride/archive/projects/PXD056446	False
PXD056463	27b45c8fbac7e85312c0e08ce94abfe665049e6eb8dc493df14688ce300eca30	pride	True	True	True	True	True	1695	13935	217	2748	2239	https://www.ebi.ac.uk/pride/archive/projects/PXD056463	False
PXD056469	5518358b1f17bea9db82dbab13b63fb709d4c78fc13da0fba5bc9f272b5e1e2f	pubmed	True	False	True	True	True	1481	0	283	470	333	https://www.ebi.ac.uk/pride/archive/projects/PXD056469	False
PXD056475	da99064cb3aadc38b2d08dbae0be4b9ddec6848735c6e0981584fc12d678ad15	pride	True	False	True	True	True	733	0	232	2760	207	https://www.ebi.ac.uk/pride/archive/projects/PXD056475	False
PXD056479	2763dda47d7f2437ab5a045266e5d881e78cd698eb4985cbffe0d77fe565fde8	pride	True	True	True	True	True	138	17155	375	4141	2393	https://www.ebi.ac.uk/pride/archive/projects/PXD056479	False
PXD056490	028162ac8ea9e7bc0d7328a6df74d02a18323f372d80fad26a6c6cfdf179466b	pride	True	True	True	True	True	1591	23692	303	1529	1425	https://www.ebi.ac.uk/pride/archive/projects/PXD056490	False
PXD056499	bdebacc01d146bfe69c6bfc3b377913aa0a5de1a55a5bde99c51cd82bb08c653	pride	True	True	True	True	True	1078	5604	339	1009	971	https://www.ebi.ac.uk/pride/archive/projects/PXD056499	False
PXD056514	a69a4705c6988f1bbef7bdcc55b746b820fa81eb1417991afe4717cee8fd9502	pride	True	True	True	True	True	2363	17683	633	2953	4954	https://www.ebi.ac.uk/pride/archive/projects/PXD056514	False
PXD056535	3a64370ee07ff8ea31572e7e496e0d2571be34fd698946bd5f1c743ce1dc12a6	pride	True	False	True	True	True	1080	0	337	3452	709	https://www.ebi.ac.uk/pride/archive/projects/PXD056535	False
PXD056539	c5dfbe6ebdef974bd2ece3162c6919b66fc8390f6da8eb8e4d4b0f17609d7ba3	pride	True	False	True	True	True	1259	0	297	1967	2148	https://www.ebi.ac.uk/pride/archive/projects/PXD056539	False
PXD056541	952377d475c100d4d93ab9fa173b1bf88aa9e2a92902127151b2e2d5dc2f2326	pride	True	False	True	True	True	1080	0	337	3452	709	https://www.ebi.ac.uk/pride/archive/projects/PXD056541	False
PXD056559	2e20db989a6be47d7a440a02c7cd52f80cd6bceb96dfd82374cc161f6388eeaa	pride	True	False	True	True	True	281	0	336	463	300	https://www.ebi.ac.uk/pride/archive/projects/PXD056559	False
PXD056564	9c1fd69b801efc4cf337198c26e89ae351c977a54f8fead054ee40523a274fc4	pride	True	False	True	True	True	1487	0	292	734	1228	https://www.ebi.ac.uk/pride/archive/projects/PXD056564	False
PXD056620	e11f7bd00f07b9a0961507d77f4c0cc0d6172efdc1d08ba64e9c8c2c32bfd3a1	pride	True	True	True	True	True	131	15560	389	2992	1147	https://www.ebi.ac.uk/pride/archive/projects/PXD056620	False
PXD056689	50dcc652e05ca6d0ffc925291526f3edcb6b0c09f2c8c5d10cbc2b5dfc7d2ca9	pride	True	False	True	True	True	1392	0	259	2309	623	https://www.ebi.ac.uk/pride/archive/projects/PXD056689	False
PXD056690	7a6c299aaa343e3030aff8182a0c732aa0a60279c410e31b6cc99168c6f51665	pride	True	True	True	True	True	1192	20374	347	1170	1232	https://www.ebi.ac.uk/pride/archive/projects/PXD056690	False
PXD056695	3f5da8c12d1207db39b54b5b83e2ea0a828f96cf88d1c0d40d03b3319094a82f	pride	True	True	True	True	True	781	23134	399	2509	625	https://www.ebi.ac.uk/pride/archive/projects/PXD056695	False
PXD056701	cb355e106396847fc2911fc3974061c86cebef290a6c3b6abce0f9def71ba80b	pride	True	False	True	True	True	329	0	269	188	116	https://www.ebi.ac.uk/pride/archive/projects/PXD056701	False
PXD056703	be377154876a03fa7daef42cc43769f7b7182c8dc587f6067b203cd12f27127c	pride	True	False	True	True	True	1624	0	348	4598	192	https://www.ebi.ac.uk/pride/archive/projects/PXD056703	False
PXD056736	0b9c46c66448d7cb6eb7b460ee65078af8bf8cdc90145c9f44ecec8065d39d75	pride	True	True	True	True	True	1058	11509	310	3663	446	https://www.ebi.ac.uk/pride/archive/projects/PXD056736	False
PXD056759	2374dbf7aff0442fea3f55bcb320e6ac88aafc7a0daedbebc5b33cbcca9fb591	pride	True	False	True	True	True	2694	0	369	4453	2925	https://www.ebi.ac.uk/pride/archive/projects/PXD056759	False
PXD056781	b3393d094bb5d6e040cbbacaf7e5ef20baf8126044f5f55e48b907f64b5023bf	pride	True	False	True	True	True	184	0	408	539	192	https://www.ebi.ac.uk/pride/archive/projects/PXD056781	False
PXD056783	c37f2da47490cc592f7f20c9dd420caf1f8eb23390b964cef0ef9c56554324d5	pride	True	False	True	True	True	1524	0	358	790	370	https://www.ebi.ac.uk/pride/archive/projects/PXD056783	False
PXD056788	6b01f6b28ffd91cc4ed7102f11ef8dc52516223e5d40b39a41780d01e5cdea64	pride	True	False	True	True	True	1432	0	400	3723	2780	https://www.ebi.ac.uk/pride/archive/projects/PXD056788	False
PXD056789	8e5d116df25d9a2b99e9ff8778a9a11f06959d3dfd5b2e17bf8fb9b8e4e50397	pride	True	True	True	True	True	465	18711	385	1539	915	https://www.ebi.ac.uk/pride/archive/projects/PXD056789	False
PXD056865	3a735bd1bb98a15c9434b85093934c92fdc8e28fd702b31324994fef1955ccca	pride	True	False	True	True	True	406	0	339	2541	2338	https://www.ebi.ac.uk/pride/archive/projects/PXD056865	False
PXD056894	35befe240dbcc6fb897bfa0a028dc75798fa1f4127bf0f411d4342b010368df2	pride	True	True	True	True	True	433	6163	366	1302	283	https://www.ebi.ac.uk/pride/archive/projects/PXD056894	False
PXD056902	cf6cde8d0e09490cea539a309effa2b54c3939763bd2e310c15fc78491519a66	pride	True	False	True	True	True	1084	0	310	3177	3132	https://www.ebi.ac.uk/pride/archive/projects/PXD056902	False
PXD056908	8dc28645a1b1886543e310947b93cdcbe3f4a40405917adf779865c1029fa0b4	pride	True	False	True	True	True	175	0	235	121	898	https://www.ebi.ac.uk/pride/archive/projects/PXD056908	False
PXD056909	c6eff3215d27220c38c76d8ea60088030224f9f08592cff302761e9e4ae67d09	pride	True	True	True	True	True	1618	10671	406	3056	1534	https://www.ebi.ac.uk/pride/archive/projects/PXD056909	False
PXD056910	85fe10ae5d57e36e3ebb09512451c3c792515b134b7a2f2dde065feaee576a6a	pride	True	False	True	True	True	723	0	314	1619	148	https://www.ebi.ac.uk/pride/archive/projects/PXD056910	False
PXD056940	746b8a191fa87f3dae1d59f4c7e159bc8573502d340e228390136e63acca1fab	pride	True	False	True	True	True	1294	0	362	2930	550	https://www.ebi.ac.uk/pride/archive/projects/PXD056940	False
PXD056941	e0f4069040d48db9caccb206170b94a9a014b63a3be7974713cd452622e0903d	pride	True	False	True	True	True	993	0	317	1307	1444	https://www.ebi.ac.uk/pride/archive/projects/PXD056941	False
PXD056946	3e2f3b4931268e24e6c15d90e072e3587c68555ccecb8e68ba64be9e1614a2f5	pride	True	False	True	True	True	1048	0	276	4994	2177	https://www.ebi.ac.uk/pride/archive/projects/PXD056946	False
PXD057003	0361132c9efdae9792c987d999060565cb58915a0c89dba69e48baf75190afc3	pride	True	True	True	True	True	1479	8261	323	1601	516	https://www.ebi.ac.uk/pride/archive/projects/PXD057003	False
PXD057005	0e283cb1f40b4d6f8b55a02db7de52de1df9e6f10c456ac42e92d181b5a8d93e	pride	True	False	True	True	True	1167	0	586	4060	4605	https://www.ebi.ac.uk/pride/archive/projects/PXD057005	False
PXD057009	3fc62ee20f2e3fa7bc3506219579bdeecc1569996c2a43b47b15a20bba2b2434	pride	True	False	True	True	True	1084	0	203	1084	1084	https://www.ebi.ac.uk/pride/archive/projects/PXD057009	False
PXD057012	9c89408fd7cbde60763b9f3cfe9996cc1d1f738a40ba8b097702073844d234b7	pride	True	True	True	True	True	1164	18332	358	1661	901	https://www.ebi.ac.uk/pride/archive/projects/PXD057012	False
PXD057020	d0a66eb9f1ee5a2b9fb27c02c98aed3038e177e835878cfe8394d32211cb226c	pride	True	False	True	True	True	140	0	277	129	71	https://www.ebi.ac.uk/pride/archive/projects/PXD057020	False
PXD057024	b4440ff15e67bced916209fd2bd2af234b3559748c0cc800d59b8831ce771820	pride	True	False	True	True	True	1162	0	249	1603	592	https://www.ebi.ac.uk/pride/archive/projects/PXD057024	False
PXD057028	4c36b5e95beebe1acb38ce4bc61a95667dcb4a37d280a1aaa4fafaae967190e3	pride	True	False	True	True	True	167	0	345	1595	678	https://www.ebi.ac.uk/pride/archive/projects/PXD057028	False
PXD057067	b847d9c4135e79b11f08955fb3baebd64a4a298d11712d2accad296bcf814d20	pride	True	True	True	True	True	1586	11008	432	1333	869	https://www.ebi.ac.uk/pride/archive/projects/PXD057067	False
PXD057096	6b3cdadef4b9df5ce75053d3d6dbf03ad610a0d10ace2043f7bca350dccb6471	pride	True	True	True	True	True	1375	19556	291	1785	1161	https://www.ebi.ac.uk/pride/archive/projects/PXD057096	False
PXD057122	da6f4c0a0c4c50635eb9f771fa1024707e0279225ffa0bfc21f52be00cf0ba84	pride	True	True	True	True	True	609	27650	431	4033	690	https://www.ebi.ac.uk/pride/archive/projects/PXD057122	False
PXD057149	f074c37050a67cfec41a53d3cbba069ba8e0a660f2422d508552fd16958082ed	pride	True	True	True	True	True	859	16608	364	2021	1269	https://www.ebi.ac.uk/pride/archive/projects/PXD057149	False
PXD057155	19c04e3eb02173ba59ccf930e71aab751c10446070f60d6dc341380426bee6d6	pride	True	True	True	True	True	1904	10107	364	2116	951	https://www.ebi.ac.uk/pride/archive/projects/PXD057155	False
PXD057157	83e79e60b86aed20508a534b80ad8afe94e997ce88a7570957366ea3d3c6ee0a	pride	True	False	True	True	True	1417	0	360	1603	682	https://www.ebi.ac.uk/pride/archive/projects/PXD057157	False
PXD057177	1a539111adfacbffb80ea63dc6b5642de9ad926b4c63bfdceeed85cda7421067	pride	True	False	True	True	True	404	0	313	1813	1482	https://www.ebi.ac.uk/pride/archive/projects/PXD057177	False
PXD057192	2d1b6d70618569d0bc06e44bd3170386eb57f38ccaa58c27dcc64c6834918b3f	pride	True	False	True	True	True	1317	0	385	2271	547	https://www.ebi.ac.uk/pride/archive/projects/PXD057192	False
PXD057196	fc2c788ef61ec19ae19af2fb5612d8fb2813832385a4112e13bde7c1bdb08baf	pride	True	True	True	True	True	1954	10396	474	1594	854	https://www.ebi.ac.uk/pride/archive/projects/PXD057196	False
PXD057205	c63ac1a57c1563a0e06e6c66f33fcdd4bf3276185577176f550ee22742d8ce2b	pride	True	True	True	True	True	199	18229	423	4934	1126	https://www.ebi.ac.uk/pride/archive/projects/PXD057205	False
PXD057208	0fd09bb30956fa2680827a351113d3166fc4153d22dc402180b3047310dfe321	pride	True	False	True	True	True	1622	0	346	1741	865	https://www.ebi.ac.uk/pride/archive/projects/PXD057208	False
PXD057211	1bba806f64e45bdb64734a34c85bd8a45b56f048276ce4ba54729d31cba2e575	pride	True	True	True	True	True	989	11418	324	398	845	https://www.ebi.ac.uk/pride/archive/projects/PXD057211	False
PXD057253	b5d8f685818f43fbae46f56e1dcb4749aa1a9922dd57216a8f1385ddde08d980	pride	True	False	True	True	True	351	0	266	1223	159	https://www.ebi.ac.uk/pride/archive/projects/PXD057253	False
PXD057269	733d86fdf5ce182faf5f0909cb9a3bc05b8e9df15dfa999cc88142f908a54d67	pride	True	False	True	True	True	1266	0	557	3377	4898	https://www.ebi.ac.uk/pride/archive/projects/PXD057269	False
PXD057319	8e9df8efc3e2673be41392d4fc70e14265f4e762dad6e4b84ab6ff66a7070bc7	pubmed	True	False	True	True	True	1863	0	392	236	813	https://www.ebi.ac.uk/pride/archive/projects/PXD057319	False
PXD057347	1056ca2117fe9aebb535359adfc8a61b1a2d9fe62ff4878d959f9a08c75c5cbe	pubmed	True	False	True	True	True	1410	0	377	1366	1378	https://www.ebi.ac.uk/pride/archive/projects/PXD057347	False
PXD057348	d7c718b829db5381ddbc0c3820158dca9a6a21ddeb4135ce86681bc09891351a	pride	True	True	True	True	True	1730	16113	257	3954	2304	https://www.ebi.ac.uk/pride/archive/projects/PXD057348	False
PXD057360	afb169051ad6c9446e47dbae3e9b4510028a7433d2cf1e2f7ec56d626051e1c1	pride	True	False	True	True	True	292	0	362	2900	1093	https://www.ebi.ac.uk/pride/archive/projects/PXD057360	False
PXD057374	32526a863a74d3f13b5127cb4ae25eb16ed0250cb24cae565b5dd1dea5481dd7	pride	True	False	True	True	True	2025	0	315	387	869	https://www.ebi.ac.uk/pride/archive/projects/PXD057374	False
PXD057390	d99f3bc275f208fa347e2592ad9ae08fcac9031c863ad3df1445aa2c505c91aa	pride	True	False	True	True	True	1211	0	393	2911	2525	https://www.ebi.ac.uk/pride/archive/projects/PXD057390	False
PXD057394	b6cea8b111c6656a4250b4e7e40e1414822ab523f498a5b36b507e8a42f96214	pride	True	False	True	True	True	2113	0	394	566	146	https://www.ebi.ac.uk/pride/archive/projects/PXD057394	False
PXD057405	24c080b85b1e34c5be18b0df8383e6a8c43f96c8dfbe2353b72a75c6ac943068	pride	True	True	True	True	True	1550	15200	283	1883	106	https://www.ebi.ac.uk/pride/archive/projects/PXD057405	False
PXD057426	98d116108dc0321d319543a28cc36daad84f74f6eb4aaced94ef095ca90161bd	pride	True	False	True	True	True	266	0	228	1234	1234	https://www.ebi.ac.uk/pride/archive/projects/PXD057426	False
PXD057431	08ab6fa4d5a23b73c9574541cbcccec00f4e4d49097d6eb7f8c4ccb3e219f1da	pride	True	False	True	True	True	1432	0	258	3942	1193	https://www.ebi.ac.uk/pride/archive/projects/PXD057431	False
PXD057448	4c3b12af3f07707c10fb3a0f05da1313551c842d7eec32623e9c90c8802eadc2	pride	True	False	True	True	True	869	0	291	2191	541	https://www.ebi.ac.uk/pride/archive/projects/PXD057448	False
PXD057456	0db3c87e2e87460930ebc6d70e241322b623abb56daec05f98359727d3fc8b70	pride	True	False	True	True	True	106	0	255	140	66	https://www.ebi.ac.uk/pride/archive/projects/PXD057456	False
PXD057470	3be45b1174a89ba731bebfa65375f93786640a41b23e8f62dbc48c7373cc3161	pride	True	False	True	True	True	206	0	266	2775	808	https://www.ebi.ac.uk/pride/archive/projects/PXD057470	False
PXD057472	8ab75017c098804bc537bae698fe38301c6203ab3ac78381ae2cbef8e3387356	pride	True	False	True	True	True	2875	0	640	4434	3336	https://www.ebi.ac.uk/pride/archive/projects/PXD057472	False
PXD057481	9cf19d09756a4fa959afb8a2346f17120ab16ef61e28090d94beee7d45d04235	pride	True	True	True	True	True	1746	20086	214	650	1125	https://www.ebi.ac.uk/pride/archive/projects/PXD057481	False
PXD057491	44479893233b8cc39e46c888bf5c2ccc2de3db49c7bea5176aa7f14480a406f3	pride	True	False	True	True	True	1193	0	423	2592	1271	https://www.ebi.ac.uk/pride/archive/projects/PXD057491	False
PXD057527	8addc31671e633fa331f0a6cc3ffa3195f06de8a0dacb3401feae1f4fff56728	pride	True	False	True	True	True	523	0	344	876	1605	https://www.ebi.ac.uk/pride/archive/projects/PXD057527	False
PXD057576	d61e84ce43886dc1b0b6a03eee4ccc051557885752bf6853aa18db4b383ca298	pride	True	False	True	True	True	1552	0	416	2551	1059	https://www.ebi.ac.uk/pride/archive/projects/PXD057576	False
PXD057588	cdc2c54e13b1814f296bd9a79303a8fda018725de39deaad6249956c74711b91	pride	True	False	True	True	True	1045	0	460	771	486	https://www.ebi.ac.uk/pride/archive/projects/PXD057588	False
PXD057599	a2f7734fa5b0a3356147447097f7065fd01401ea7a5bc9b8ed487fe2826e71bd	pride	True	False	True	True	True	1080	0	270	1290	825	https://www.ebi.ac.uk/pride/archive/projects/PXD057599	False
PXD057601	fa267b19ae44883df83f47bd0faf170ac0367d5adad7230dafe0e553a0452e0b	pride	True	False	True	True	True	1868	0	291	1746	612	https://www.ebi.ac.uk/pride/archive/projects/PXD057601	False
PXD057614	9b0172cc81d034a159b7f5ba2f994f866046e7440443c4332702d90cae678415	pride	True	True	True	True	True	850	20294	295	815	854	https://www.ebi.ac.uk/pride/archive/projects/PXD057614	False
PXD057615	040b328f0c850445450989632cb1689db88987e5fe724b789dd3c9f6fd238738	pride	True	False	True	True	True	560	0	405	1244	4227	https://www.ebi.ac.uk/pride/archive/projects/PXD057615	False
PXD057632	aa4ee51f1ccf5fda1338b83463d33f564fafcbdba290659dbc03642de1cb6ce5	pride	True	False	True	True	True	1432	0	450	3964	4859	https://www.ebi.ac.uk/pride/archive/projects/PXD057632	False
PXD057672	02f34d5ca7ffe3753ed6b24939d1d57ca42cff67255e9b5f1177224e09582200	pride	True	True	True	True	True	1018	5461	347	1473	1086	https://www.ebi.ac.uk/pride/archive/projects/PXD057672	False
PXD057674	f972fd3a33a1d21f717abf1493a1f3950240b4086de52dd35c5c88883a5a473f	pride	True	False	True	True	True	318	0	254	2566	462	https://www.ebi.ac.uk/pride/archive/projects/PXD057674	False
PXD057677	67807c8adcb78cd553a0a92762bdc1cb3e4d39f269de1f8f2794468572b17279	pride	True	False	True	True	True	1990	0	270	1523	1617	https://www.ebi.ac.uk/pride/archive/projects/PXD057677	False
PXD057692	04a29758df805836ec72007bf045be911e332306b8dfc62ae437567138679c39	pride	True	False	True	True	True	1432	0	305	1930	823	https://www.ebi.ac.uk/pride/archive/projects/PXD057692	False
PXD057703	1a0b089ce7586a5545a82f1e2f0ef0c99a96c19e989a92625a39779085323eaf	pride	True	False	True	True	True	662	0	447	1720	427	https://www.ebi.ac.uk/pride/archive/projects/PXD057703	False
PXD057707	0e69d469ca27a4eb5a9cc9dc3ebb34dc008420b8b35b21f6c098ea781cca14a9	pride	True	False	True	True	True	1735	0	339	335	52	https://www.ebi.ac.uk/pride/archive/projects/PXD057707	False
PXD057708	ee832f9f73e439bff51b777c0937ff5b3571649627350e3d25e8d2be9e04495f	pride	True	False	True	True	True	1851	0	376	3221	2004	https://www.ebi.ac.uk/pride/archive/projects/PXD057708	False
PXD057759	7de1b99db06c5869982c904b8ce26c87f78c5367b2153124502ed504d96e16c0	pubmed	True	False	True	True	True	2215	0	364	1668	673	https://www.ebi.ac.uk/pride/archive/projects/PXD057759	False
PXD057760	296df9ec3a4ded37e0649be78d3b0772b69af03039d356e4e1f48fac95ff8daa	pride	True	False	True	True	True	1087	0	530	4916	2060	https://www.ebi.ac.uk/pride/archive/projects/PXD057760	False
PXD057778	996f7f76d12f6a60beffd739a8c4944bbdb68dda19c393d5c651102f5fe623d4	pride	True	True	True	True	True	539	49317	454	2470	948	https://www.ebi.ac.uk/pride/archive/projects/PXD057778	False
PXD057789	c4280a04d566cec61f879ff9d9bead8ff866da62e907709c3e4eafaaf57cdc36	pride	True	False	True	True	True	779	0	361	4182	2047	https://www.ebi.ac.uk/pride/archive/projects/PXD057789	False
PXD057800	4e3709531f83ac1e229264f5cf12559e8705eab8dee4b0be4aa432d6b486e869	pride	True	True	True	True	True	1124	13042	356	691	1359	https://www.ebi.ac.uk/pride/archive/projects/PXD057800	False
PXD057813	12c8b4a0c3867a478dc28ccf0a837de4eeb20c2f340efffef6e3e2689cbd7b3c	pride	True	False	True	True	True	506	0	275	766	525	https://www.ebi.ac.uk/pride/archive/projects/PXD057813	False
PXD057832	2b7f4d22cdebf10293cabba9f09ddd7a147677fcb1f3776b510189f97eea8a44	pride	True	False	True	True	True	1113	0	249	1121	728	https://www.ebi.ac.uk/pride/archive/projects/PXD057832	False
PXD057842	aa2af11345d06bf426dad50a90bf3554e0331eae115806941ffc71b7b71b4862	pride	True	True	True	True	True	2667	18117	372	3672	1893	https://www.ebi.ac.uk/pride/archive/projects/PXD057842	False
PXD057847	1ab819c868eaa63d7fa08743d4f40829a06a19328e6ee76cbef624278520d8f0	pride	True	True	True	True	True	236	30999	294	84	106	https://www.ebi.ac.uk/pride/archive/projects/PXD057847	False
PXD057848	88ef44b47b545c04f1a5887f97cba503d37b0283703abe5956d045791ccba36f	pride	True	True	True	True	True	286	11653	328	1836	931	https://www.ebi.ac.uk/pride/archive/projects/PXD057848	False
PXD057859	c88ce0a54677e0f7f7d75b683580458807f56a02e28042faceed660d7ed6a3fc	pride	True	True	True	True	True	915	16527	328	1723	1230	https://www.ebi.ac.uk/pride/archive/projects/PXD057859	False
PXD057890	f39549398fa829094fdad7573d0bf44999009aa44597ed07eed6d2df6a23b828	pride	True	True	True	True	True	1309	3734	382	1682	3024	https://www.ebi.ac.uk/pride/archive/projects/PXD057890	False
PXD057905	65f0fe231599305966cd72176da8bdff127be87feb798b0c49e1d4d380fa8e2e	pride	True	True	True	True	True	949	14944	315	3227	1075	https://www.ebi.ac.uk/pride/archive/projects/PXD057905	False
PXD057932	f05fcc8009ce00cafd5f974666d4f86ea141582f35b723a2c6be13312259c464	pride	True	False	True	True	True	1158	0	387	790	604	https://www.ebi.ac.uk/pride/archive/projects/PXD057932	False
PXD057944	f1996bc477ed797933745d3a045f3fd75bf80b87aa071003a736b6dbe5e15a7b	pride	True	True	True	True	True	1402	19143	281	4381	806	https://www.ebi.ac.uk/pride/archive/projects/PXD057944	False
PXD057950	1457b825fd8da372ee0130506d8e5785e19bacd2894d258ed3a4c3af146f45e6	pride	True	False	True	True	True	1852	0	363	3776	1199	https://www.ebi.ac.uk/pride/archive/projects/PXD057950	False
PXD057968	fba7c0398ea233708c6379131c5791e6244e25e2672c89ab75913555f034a499	pride	True	False	True	True	True	1899	0	314	3686	1456	https://www.ebi.ac.uk/pride/archive/projects/PXD057968	False
PXD058014	32884aa638e15b937364b607fd866ed49b58a0e5666163cbc0b0983d86df5a4a	pride	True	False	True	True	True	400	0	359	561	633	https://www.ebi.ac.uk/pride/archive/projects/PXD058014	False
PXD058024	35e32466c4db7bcfb37c19adade235166151ac92041d3e5996ba732a0f2e9cf0	pride	True	True	True	True	True	1294	12119	450	2694	86	https://www.ebi.ac.uk/pride/archive/projects/PXD058024	False
PXD058027	5a48ac3383bbb41eedc9a8003715e7bf0386f7937d2dc7e56ebff1ba0cf28a7d	pride	True	False	True	True	True	521	0	356	1650	676	https://www.ebi.ac.uk/pride/archive/projects/PXD058027	False
PXD058040	25d1b7b3c92c747aaca93b4d853adc14361e277cb30b25cd0bf67767ea167b9b	pride	True	True	True	True	True	1157	33114	374	2651	1223	https://www.ebi.ac.uk/pride/archive/projects/PXD058040	False
PXD058049	f2ae0ce9a9f46eb8141ba8553214725f68c911e64a9a3fe03e09a40d16f29338	pride	True	True	True	True	True	823	16920	487	4164	4630	https://www.ebi.ac.uk/pride/archive/projects/PXD058049	False
PXD058072	2856f8f89bfa7dd9b130eeb45f6c932664bebe3189fa01ec223698b1e708a602	pride	True	False	True	True	True	1032	0	308	1889	746	https://www.ebi.ac.uk/pride/archive/projects/PXD058072	False
PXD058075	2856f8f89bfa7dd9b130eeb45f6c932664bebe3189fa01ec223698b1e708a602	pride	True	False	True	True	True	1032	0	308	1889	746	https://www.ebi.ac.uk/pride/archive/projects/PXD058075	False
PXD058080	d2e1c25077dab84e5fb18353c44f302faa14f8d787b9ce3ac0332dfe240980c2	pride	True	False	True	True	True	1032	0	367	1963	351	https://www.ebi.ac.uk/pride/archive/projects/PXD058080	False
PXD058156	cdae5d697c673bfd9ff87012c2ddbb57428afd002dc95a331a06d9ddc1d3c8e5	pride	True	True	True	True	True	1462	12862	228	547	1843	https://www.ebi.ac.uk/pride/archive/projects/PXD058156	False
PXD058160	eaf649879ed9370cf4d379de6a7d2f682ff85e5ef1b51320324c928b5d3f9db0	pride	True	False	True	True	True	1826	0	346	2157	1575	https://www.ebi.ac.uk/pride/archive/projects/PXD058160	False
PXD058173	915c980d0c90f9cbf84939dca57f5fef0af7f29b506750733ecd6557a6d8c2fe	pride	True	False	True	True	True	96	0	170	2445	354	https://www.ebi.ac.uk/pride/archive/projects/PXD058173	False
PXD058191	a9f7c18428535462e24c59c43182b96342ab525fe3cadfdf50ef58800911cc95	pride	True	False	True	True	True	1175	0	285	1371	1753	https://www.ebi.ac.uk/pride/archive/projects/PXD058191	False
PXD058196	30ea856a848945d6a3925383c5a55f7876e0cfd0e61c9de0527f951adcf8c3de	pride	True	True	True	True	True	2363	14372	364	1221	1245	https://www.ebi.ac.uk/pride/archive/projects/PXD058196	False
PXD058235	757bb93c6d72e1802cc8d5e4f6e58ccf7dc07619287a87c1cb83837204363a09	pride	True	True	True	True	True	1253	14295	327	2023	904	https://www.ebi.ac.uk/pride/archive/projects/PXD058235	False
PXD058247	4b3ec29d4754818320c5e7d02b836f375bf75772e6e514cf273af2b2d6c336e1	pride	True	False	True	True	True	410	0	309	752	1010	https://www.ebi.ac.uk/pride/archive/projects/PXD058247	False
PXD058256	5634161441aafaefec8f55be06b0a43009bbf44804c9164f831b8f1bc6e59b26	pride	True	False	True	True	True	1624	0	316	4182	2494	https://www.ebi.ac.uk/pride/archive/projects/PXD058256	False
PXD058292	5b3f5a784e5552b86cb213e05ce268b21fb7fbe972ad719880dc553879ee4627	pride	True	False	True	True	True	839	0	252	1653	418	https://www.ebi.ac.uk/pride/archive/projects/PXD058292	False
PXD058308	56482e6893e6b61e8fb77727c93706cf9f1bebd6824a641d8641e410f45b3b3d	pubmed	True	False	True	True	True	1649	0	400	207	105	https://www.ebi.ac.uk/pride/archive/projects/PXD058308	False
PXD058312	8782deccfde594f567025930b01ad7c466c5eacfdf15d1b526b6f4175b9d47e7	pride	True	True	True	True	True	1414	34356	258	1510	872	https://www.ebi.ac.uk/pride/archive/projects/PXD058312	False
PXD058318	9250855f4cfcbd4cc69a4b32a193d0a0f3337cd45656547c50cec0ebe5b6744d	pride	True	False	True	True	True	844	0	252	1653	418	https://www.ebi.ac.uk/pride/archive/projects/PXD058318	False
PXD058320	b7fdb56690cd05237210d71aa089d36c458d5043028bd9b1f2583ac238e33a8f	pride	True	False	True	True	True	841	0	252	1653	418	https://www.ebi.ac.uk/pride/archive/projects/PXD058320	False
PXD058323	205a827ea70daaffc7fa0d102c06cc187a275eef4858a89da1930aa368e65296	pride	True	False	True	True	True	1050	0	271	986	639	https://www.ebi.ac.uk/pride/archive/projects/PXD058323	False
PXD058347	f959990ffad9e802a8e8886a709b4214ad9b79e62269b378232a5f955887eab7	pride	True	False	True	True	True	617	0	295	2709	2339	https://www.ebi.ac.uk/pride/archive/projects/PXD058347	False
PXD058348	23271a2090ae36b63318b78e3b448f8fa1d9ec434d8cbf4ac8a53b10c40ecdc3	pubmed	True	False	True	True	True	1680	0	377	164	75	https://www.ebi.ac.uk/pride/archive/projects/PXD058348	False
PXD058373	12fb9175ebead5c286a061c5993f70d41715fc7a5eaf30095dd3572314224d8c	pride	True	True	True	True	True	646	32681	349	4011	3292	https://www.ebi.ac.uk/pride/archive/projects/PXD058373	False
PXD058384	ad0304b5e81acc346625d1a47c082a3856a8bc8a72bed945d0e88d9ae7f2b8b5	pride	True	False	True	True	True	1012	0	414	2910	1794	https://www.ebi.ac.uk/pride/archive/projects/PXD058384	False
PXD058407	eb5c5378ec3d205b1c266b39261da7f22a4054e9300c14a0a6ce0a8696d3fad2	pride	True	False	True	True	True	1100	0	261	1654	578	https://www.ebi.ac.uk/pride/archive/projects/PXD058407	False
PXD058412	f090b43de80c818770a6c4c209d8d0562ba77c8b4209c92489bc47d3ba7bd963	pride	True	False	True	True	True	316	0	365	3750	728	https://www.ebi.ac.uk/pride/archive/projects/PXD058412	False
PXD058418	7a5f8d664ccbb4d0a0335b36e76242702788f109009a3b8fd7ef2fda31b29b19	pride	True	False	True	True	True	316	0	297	3750	728	https://www.ebi.ac.uk/pride/archive/projects/PXD058418	False
PXD058422	0a2a8131d82e4d0c02659dbac1f8b7f490833b7e4692cfc2de70f5929e84100c	pride	True	True	True	True	True	1186	27908	413	4994	4392	https://www.ebi.ac.uk/pride/archive/projects/PXD058422	False
PXD058425	a15a2c793aae33a71add43da5b3d8b0006301704f8662c42894ad04945e0bade	pride	True	True	True	True	True	108	32844	241	2619	1022	https://www.ebi.ac.uk/pride/archive/projects/PXD058425	False
PXD058465	bdf8529165b27b33f5cb8d3117e5d57749d7deb7b797e0c3072e3171438e8f33	pride	True	False	True	True	True	422	0	470	1386	1428	https://www.ebi.ac.uk/pride/archive/projects/PXD058465	False
PXD058471	f35e775e4b92610228e176cd89902c432736e506c54c864f1ba7fa8d032e9a43	pride	True	False	True	True	True	326	0	297	3750	728	https://www.ebi.ac.uk/pride/archive/projects/PXD058471	False
PXD058481	10b6a44481f1c5b1a176585301631307a0690bbba80397eeee1b49d09dc59fea	pride	True	False	True	True	True	1634	0	428	1199	1985	https://www.ebi.ac.uk/pride/archive/projects/PXD058481	False
PXD058491	a5a093b7d7e8a29aebfbc50b2cc6f6609d1d8ad7ccacffdeeb26104be0abf9de	pride	True	False	True	True	True	2389	0	360	1849	2880	https://www.ebi.ac.uk/pride/archive/projects/PXD058491	False
PXD058514	73b08a4fdf422b272a2d42446acbd30f8033fd970f95698dc1692e898e4fed37	pride	True	False	True	True	True	1668	0	283	826	1179	https://www.ebi.ac.uk/pride/archive/projects/PXD058514	False
PXD058523	73b08a4fdf422b272a2d42446acbd30f8033fd970f95698dc1692e898e4fed37	pride	True	False	True	True	True	1668	0	283	826	1179	https://www.ebi.ac.uk/pride/archive/projects/PXD058523	False
PXD058539	73b08a4fdf422b272a2d42446acbd30f8033fd970f95698dc1692e898e4fed37	pride	True	False	True	True	True	1668	0	283	826	1179	https://www.ebi.ac.uk/pride/archive/projects/PXD058539	False
PXD058540	95a34e4a4cf236d827da0bdde2319221ecb4138e943f0c19f44ffbfe36b3553c	pride	True	False	True	True	True	1129	0	274	1849	1086	https://www.ebi.ac.uk/pride/archive/projects/PXD058540	False
PXD058541	ffeadcd02c9e35690f9b434f3331be6724fec6583e533693c5c0137cf5cb197b	pride	True	False	True	True	True	664	0	352	2050	1626	https://www.ebi.ac.uk/pride/archive/projects/PXD058541	False
PXD058544	38977df3bced373ad0df208949a821f5c3826f4b5945bb25c41f4b5c75e367ec	pride	True	True	True	True	True	848	234	203	737	413	https://www.ebi.ac.uk/pride/archive/projects/PXD058544	False
PXD058567	a6ffc3a40396a2b9939edba41a2b08145a8ebce9416df7dfe92e90e8822899c7	pride	True	True	True	True	True	1292	31558	323	3878	885	https://www.ebi.ac.uk/pride/archive/projects/PXD058567	False
PXD058569	9c7fa16f2fcf6bbd22e2ddb84f8c94b7d62fa52ff9864f0ebc572b32ce85708d	pride	True	False	True	True	True	1410	0	417	3889	1776	https://www.ebi.ac.uk/pride/archive/projects/PXD058569	False
PXD058574	3564a419c8e016d17fdb08fc4abe955fccf24b0d7d32ca37e762ff7dba9585f3	pride	True	False	True	True	True	936	0	356	1689	990	https://www.ebi.ac.uk/pride/archive/projects/PXD058574	False
PXD058579	937740643d40e2b20ea5e75c956d782befe7960728a65cfc10b58f4d6d0d4e35	pride	True	False	True	True	True	1421	0	466	3985	1776	https://www.ebi.ac.uk/pride/archive/projects/PXD058579	False
PXD058584	d038550b914e067e56415510278a304f112e2c06f1843df257cbb520b025220b	pride	True	False	True	True	True	1783	0	421	2696	1281	https://www.ebi.ac.uk/pride/archive/projects/PXD058584	False
PXD058606	74032f1db49a0f655f7ae33997f1c74259a748cccbf071d026d692f64fb121cf	pride	True	True	True	True	True	699	11344	358	167	389	https://www.ebi.ac.uk/pride/archive/projects/PXD058606	False
PXD058612	08720aa1e27802aacea40ffbfff43057c787c8fd552c833c91e600c5abf7da2e	pride	True	False	True	True	True	562	0	437	4501	1274	https://www.ebi.ac.uk/pride/archive/projects/PXD058612	False
PXD058618	495c18a3c451d126fc1c545793e407dd663d6ee3ee42516bbd1ea4eddbf8621b	pride	True	True	True	True	True	1548	14143	246	344	340	https://www.ebi.ac.uk/pride/archive/projects/PXD058618	False
PXD058621	ffab16834c20e185e7609b8a4f1da28d0ce072220bc309b23d282de19feacbb5	pride	True	False	True	True	True	109	0	281	825	623	https://www.ebi.ac.uk/pride/archive/projects/PXD058621	False
PXD058655	a24ca3227c546bf8580a20e09b90ee74affc36200c3cab3f1320e722b5fcf68f	pride	True	False	True	True	True	138	0	348	82	62	https://www.ebi.ac.uk/pride/archive/projects/PXD058655	False
PXD058659	297a61260a9dd4a5f6b1392857dafcf3efb9cceab6dd0f757e671e2c06903681	pride	True	False	True	True	True	420	0	341	2404	645	https://www.ebi.ac.uk/pride/archive/projects/PXD058659	False
PXD058661	4b86408f44259160d00800160661afca2cb38a611bd931c33cc320a1629993ed	pride	True	True	True	True	True	215	15482	339	1105	745	https://www.ebi.ac.uk/pride/archive/projects/PXD058661	False
PXD058689	4503b7df075bb325dc1007435d519ad8527acbad34c02af3869de7407f0aa4bb	pride	True	False	True	True	True	968	0	429	675	755	https://www.ebi.ac.uk/pride/archive/projects/PXD058689	False
PXD058694	1e5b13d174f6e4bb73baa97620483facc6d32a5e67ce5313cab693988d3d421a	pride	True	False	True	True	True	205	0	390	547	840	https://www.ebi.ac.uk/pride/archive/projects/PXD058694	False
PXD058706	732675e92bb89bf6dc4a409697e3dfa6f8fcef0b163291a25c1a73659963b153	pride	True	False	True	True	True	660	0	426	4315	4271	https://www.ebi.ac.uk/pride/archive/projects/PXD058706	False
PXD058709	2e614656c65046f99f8186de8a9b00fb71bac052b49215dc70b4e4a12d6ab8a9	pride	True	False	True	True	True	1597	0	321	819	1157	https://www.ebi.ac.uk/pride/archive/projects/PXD058709	False
PXD058716	58e66dc1a141c42a5fbaebdbe46fa11b816c8d4e43d8360a55677054be643573	pride	True	False	True	True	True	562	0	369	3975	2511	https://www.ebi.ac.uk/pride/archive/projects/PXD058716	False
PXD058717	0cbe49922be417d5a5e044e48db68a618f485135465db7b90b240ed0d4339e63	pride	True	False	True	True	True	494	0	383	4065	2511	https://www.ebi.ac.uk/pride/archive/projects/PXD058717	False
PXD058727	083704102c494145087213d04cd7dd221d82f8f304bc4a6fd3b9f8fede32273c	pride	True	False	True	True	True	1531	0	403	2091	974	https://www.ebi.ac.uk/pride/archive/projects/PXD058727	False
PXD058744	b582aef31b1354e66fb5f5c83a429548d28984399f71323b34d0034fc9343c3f	pride	True	True	True	True	True	1461	29880	534	4684	4397	https://www.ebi.ac.uk/pride/archive/projects/PXD058744	False
PXD058753	785eff2d321e48644ab7b067463fbade7d2ea7e6815cd95f8c31df128849bbff	pride	True	False	True	True	True	2052	0	325	1861	595	https://www.ebi.ac.uk/pride/archive/projects/PXD058753	False
PXD058764	26bf34ecadda5755d9e5f9f920c98dda168007b2272999547076af5fec22d803	pride	True	False	True	True	True	1652	0	297	191	2441	https://www.ebi.ac.uk/pride/archive/projects/PXD058764	False
PXD058777	566be93c69276c08b1b33102ef3a9f9eb55a713e93d95bfad5151b2fe55acd81	pride	True	True	True	True	True	87	18079	242	1641	739	https://www.ebi.ac.uk/pride/archive/projects/PXD058777	False
PXD058785	606a0c131d438277fcb9ed2480daff0de2adb8ed7ddfed5022b2f5ce3c2b4e44	pride	True	True	True	True	True	1287	9743	230	1647	1841	https://www.ebi.ac.uk/pride/archive/projects/PXD058785	False
PXD058802	92b275135cc4652cf775172d6c692f0c0f0aec9c6cf4932f8edd86b814eb4715	pubmed	True	False	True	True	True	1615	0	250	1516	433	https://www.ebi.ac.uk/pride/archive/projects/PXD058802	False
PXD058814	ad9e1b87d0ef869de6a9bebd26379148aa3fd2e465eada1ed3062e84015a2dff	pubmed	True	False	True	True	True	956	0	261	875	434	https://www.ebi.ac.uk/pride/archive/projects/PXD058814	False
PXD058816	3f7d87bd70c006cffacd91f8646a6b6f1a514dffd16b81f94305d3f03ea77f96	pubmed	True	False	True	True	True	956	0	261	880	434	https://www.ebi.ac.uk/pride/archive/projects/PXD058816	False
PXD058846	a169cea5efe55ebac1036bd75b4047832cd0b06ad74215922c1f07b0fef44400	pride	True	True	True	True	True	433	8184	306	1597	662	https://www.ebi.ac.uk/pride/archive/projects/PXD058846	False
PXD058847	b381a7401f88d020fca70500288bb98661e98143bfda0a85a1737c9d1a4c7030	pride	True	False	True	True	True	149	0	269	1578	658	https://www.ebi.ac.uk/pride/archive/projects/PXD058847	False
PXD058852	449a7f850aca9c594a9d603ca1943dce0eb6a6a6150a8913f802b3f4d9c3fcf9	pride	True	False	True	True	True	1660	0	431	2619	1601	https://www.ebi.ac.uk/pride/archive/projects/PXD058852	False
PXD058868	7e9ea1dbd55f82941aba036f9762c1f6189e5e07b91c17971390ecb3547f2b25	pride	True	False	True	True	True	277	0	308	3896	2721	https://www.ebi.ac.uk/pride/archive/projects/PXD058868	False
PXD058882	6958f83d3d215051cd7296f6bedc1e94f978420226482865cafb6a7efa2e8c50	pride	True	True	True	True	True	242	10190	248	1813	783	https://www.ebi.ac.uk/pride/archive/projects/PXD058882	False
PXD058913	9f8105af0d48a09b44ec9b43c2084dffc411e6736e0ec9d68bf7a4219a058d2f	pride	True	True	True	True	True	1419	7663	284	1876	1815	https://www.ebi.ac.uk/pride/archive/projects/PXD058913	False
PXD058914	8087030233f97da887aec4894e359304c11de84659c0d9ec21404a6afbe26551	pride	True	False	True	True	True	792	0	316	2229	2175	https://www.ebi.ac.uk/pride/archive/projects/PXD058914	False
PXD058918	97292c979b529d7d75eb6a45a42a64b190bd51e92a4f3b81accf66751cd61dee	pride	True	False	True	True	True	1367	0	230	1104	2394	https://www.ebi.ac.uk/pride/archive/projects/PXD058918	False
PXD058948	7afca681766b18da4d3cc8404e0414d43d62be2d1a026b01ce040e1c3e263b24	pride	True	True	True	True	True	73	15591	271	206	202	https://www.ebi.ac.uk/pride/archive/projects/PXD058948	False
PXD058963	6a58e2ee0833bdfa6bf97c37558bce925696fd56b5f19fcdd35a55f021c371b3	pride	True	False	True	True	True	1689	0	296	3247	2456	https://www.ebi.ac.uk/pride/archive/projects/PXD058963	False
PXD058971	1a1814b1f7b3dbff8569428362d062e332e14169206dc90e29930d7001ba3a7b	pride	True	True	True	True	True	1263	8917	330	793	254	https://www.ebi.ac.uk/pride/archive/projects/PXD058971	False
PXD058992	41e881f74ad45d38b7029f021334a23a56f24342572243bc8ccd68cf69aa9fb6	pride	True	True	True	True	True	2599	5584	429	4953	1830	https://www.ebi.ac.uk/pride/archive/projects/PXD058992	False
PXD059003	feef338f8e7bf5de6f6b10331983547fec6c7f4c53d30308e96fe95b7afdbdf6	pride	True	False	True	True	True	562	0	436	4659	1244	https://www.ebi.ac.uk/pride/archive/projects/PXD059003	False
PXD059044	9e0a6f06f94cb4f404bd3500e8c5c990a194d824de4a429ed69f8a7c1369bd50	pride	True	False	True	True	True	1309	0	301	335	92	https://www.ebi.ac.uk/pride/archive/projects/PXD059044	False
PXD059046	021bd2e114ea0ca4a8a18b018e21292c7a05b7fe6d58672a8be4a93ec7742b35	pride	True	False	True	True	True	113	0	253	102	85	https://www.ebi.ac.uk/pride/archive/projects/PXD059046	False
PXD059054	9eb00fa0700b494d808e28077958be4bd3106f66f6205fe3948043b44e242b10	pride	True	True	True	True	True	1360	9899	435	53	54	https://www.ebi.ac.uk/pride/archive/projects/PXD059054	False
PXD059088	0b274df06bb1e84040eed1f8bfa81ade846c0994d334a9d5997cc99951f9aec3	pride	True	False	True	True	True	308	0	261	1726	837	https://www.ebi.ac.uk/pride/archive/projects/PXD059088	False
PXD059092	403bb7bb9b73eb60d976093eb7b73b772716d98bb93a466f6ca20e66a236d7a8	pride	True	False	True	True	True	1295	0	259	989	1028	https://www.ebi.ac.uk/pride/archive/projects/PXD059092	False
PXD059093	af815efe13144371cec959569bc93be3095a21d72d88433a43faf0353987ddbd	pride	True	True	True	True	True	857	20907	345	4755	3821	https://www.ebi.ac.uk/pride/archive/projects/PXD059093	False
PXD059115	372fb47996eabb9e6cefad2e0339de6eaee8269c2dc40a23d89ca343274ba166	pride	True	False	True	True	True	711	0	324	4705	740	https://www.ebi.ac.uk/pride/archive/projects/PXD059115	False
PXD059236	b179df6df73fc279ded51adc9f74a71424fd8fa630218766011e87d39a202418	pride	True	False	True	True	True	150	0	280	528	144	https://www.ebi.ac.uk/pride/archive/projects/PXD059236	False
PXD059271	b900124af57a8ec7020d096e224bf60f0644f25af19ca0d01e65dd43828f4b67	pride	True	False	True	True	True	1201	0	317	741	269	https://www.ebi.ac.uk/pride/archive/projects/PXD059271	False
PXD059339	baf7ed6509b69cbee18f1f073b73971e2ab892ac6eff3af667e4a2cc74fe3f93	pride	True	False	True	True	True	271	0	385	232	95	https://www.ebi.ac.uk/pride/archive/projects/PXD059339	False
PXD059345	5638a32eae5f1ccc9e337cdae8f4cd139117751c2af12e41833b74393b9a2ca3	pride	True	True	True	True	True	396	16933	219	1018	851	https://www.ebi.ac.uk/pride/archive/projects/PXD059345	False
PXD059356	d43af1f22fd1995aac80e8eeb703dd7b8804e33e61328efefb8643e3acdcd461	pride	True	True	True	True	True	336	16933	216	2275	913	https://www.ebi.ac.uk/pride/archive/projects/PXD059356	False
PXD059386	bcb1e22f84a32147b0a4914d411ef092060eb2e4fa2bbd3117c0f27f3ed590f4	pride	True	True	True	True	True	363	25669	399	3863	2483	https://www.ebi.ac.uk/pride/archive/projects/PXD059386	False
PXD059390	44a359934d1fb940f58a96205afa7ee6ac069642b61f6507821d3ae7ebca0eb3	pride	True	True	True	True	True	348	25669	393	4520	1313	https://www.ebi.ac.uk/pride/archive/projects/PXD059390	False
PXD059416	9a55c819f07025defb0832fbc77fe16a60aef36862109be0f8ada74c9560bbfc	pride	True	True	True	True	True	354	25669	424	3314	1293	https://www.ebi.ac.uk/pride/archive/projects/PXD059416	False
PXD059419	b4dc4f524729721cd579382b8c9944dbbf754b420d4186c70210fe11242213a4	pride	True	True	True	True	True	322	25669	445	4234	489	https://www.ebi.ac.uk/pride/archive/projects/PXD059419	False
PXD059428	3c48bfcf3437625e457e300fda9579caa678e0d43b868d7aff872e46ced53acf	pride	True	True	True	True	True	338	25669	430	3892	1092	https://www.ebi.ac.uk/pride/archive/projects/PXD059428	False
PXD059471	797f4fcf9b2733d54c857522df146ee64843fe73e08fe81aa8aaac75da7780f5	pride	True	False	True	True	True	116	0	254	164	89	https://www.ebi.ac.uk/pride/archive/projects/PXD059471	False
PXD059474	237cbc74356e1407b5ed5fb0c27390fa47a6333e508f79a83c96858334d2048a	pride	True	False	True	True	True	2302	0	364	458	1364	https://www.ebi.ac.uk/pride/archive/projects/PXD059474	False
PXD059513	452795f5b422dc6df2a959d68621cccf1d917f179b2b30dd9133abdf3e144a59	pride	True	True	True	True	True	1583	6554	342	4411	2658	https://www.ebi.ac.uk/pride/archive/projects/PXD059513	False
PXD059522	97ae5940a7bb66c83be13c49a581f65ee011b139a2758556fe9b258464b9033c	pride	True	False	True	True	True	1178	0	465	1100	2994	https://www.ebi.ac.uk/pride/archive/projects/PXD059522	False
PXD059544	22673adf47419bf2414d364ddf74bca55309275441dd125b72a89a008ffda41c	pubmed	True	False	True	True	True	1883	0	355	1792	380	https://www.ebi.ac.uk/pride/archive/projects/PXD059544	False
PXD059550	0fc2512dc04b4c55490bead9563cb6e11fb13b4ec5e0ed54397634a13510c533	pride	True	True	True	True	True	1165	9071	324	864	3661	https://www.ebi.ac.uk/pride/archive/projects/PXD059550	False
PXD059552	5e759f6606a85029880fbb2e4d106e52e2ba34f8568968627804529e6763b6bc	pride	True	False	True	True	True	1133	0	340	2504	1730	https://www.ebi.ac.uk/pride/archive/projects/PXD059552	False
PXD059565	5e00e4177309f5bc024950a381116465f5719c70c0bd2111594506c0dddbb73e	pride	True	False	True	True	True	445	0	201	2232	345	https://www.ebi.ac.uk/pride/archive/projects/PXD059565	False
PXD059566	5e00e4177309f5bc024950a381116465f5719c70c0bd2111594506c0dddbb73e	pride	True	False	True	True	True	445	0	201	2232	345	https://www.ebi.ac.uk/pride/archive/projects/PXD059566	False
PXD059593	39476e6ac82570581740ceec4101f43909ca63585e9679e88e320de71b94ea22	pride	True	True	True	True	True	1886	13720	452	1663	750	https://www.ebi.ac.uk/pride/archive/projects/PXD059593	False
PXD059597	2d3aa0612590405f0f5f57a5e8e5e7e01104d976bbfbe12b01979e2b3bb4285e	pride	True	True	True	True	True	1886	13720	364	1012	840	https://www.ebi.ac.uk/pride/archive/projects/PXD059597	False
PXD059598	3f88a9d479ae5b7d1077d9dac3721c23ced67d3b58559d7c409d9cf254b692b4	pride	True	False	True	True	True	272	0	297	2399	466	https://www.ebi.ac.uk/pride/archive/projects/PXD059598	False
PXD059599	c81d99986ba986c035aa0f550f9741a2a9eb2ae507e005321a39fdd2e26a7701	pride	True	True	True	True	True	322	75058	261	4933	1696	https://www.ebi.ac.uk/pride/archive/projects/PXD059599	False
PXD059659	7ed557ba71321d171bc7d15ef6836c019a69e4f063325f849b8e3f54fce3c337	pride	True	True	True	True	True	284	2305	245	3407	1023	https://www.ebi.ac.uk/pride/archive/projects/PXD059659	False
PXD059661	204c5cac6a58ca2b7c24fbded494751d89a53e5e8ceb06f289c10260ce3fd20d	pride	True	False	True	True	True	237	0	330	3665	1669	https://www.ebi.ac.uk/pride/archive/projects/PXD059661	False
PXD059671	e29266a48c8aec7fb195b1b563bd8327aae07b12e8efa8ce47f6807b57a65a7a	pride	True	True	True	True	True	953	29033	331	2299	3853	https://www.ebi.ac.uk/pride/archive/projects/PXD059671	False
PXD059683	3f2bac259455533cd8607fd016100b2090b335cc8e382a6783c4d9d5446eb8db	pride	True	False	True	True	True	1430	0	520	2537	2034	https://www.ebi.ac.uk/pride/archive/projects/PXD059683	False
PXD059716	1e46e0ab1872ed49f9be15b439cfa7d7a0ef359c80439a701189d04db6de7dd7	pride	True	True	True	True	True	1640	27013	480	2087	2156	https://www.ebi.ac.uk/pride/archive/projects/PXD059716	False
PXD059752	c9511ee86b7cf719366b1375ba4147088c70d2b92b3b11aacd0fbb1bfee44874	pride	True	False	True	True	True	281	0	229	305	213	https://www.ebi.ac.uk/pride/archive/projects/PXD059752	False
PXD059782	a0606b75cd81d6ef6e6d915ca786607a488c7b897bb11c5ebe0a1a70f141d24e	pride	True	True	True	True	True	63	9301	524	2121	3570	https://www.ebi.ac.uk/pride/archive/projects/PXD059782	False
PXD059789	4b09ad43234366e341aca1363f00ece2fec6053107c35fc880bd85f1eb170180	pride	True	True	True	True	True	238	16911	370	424	125	https://www.ebi.ac.uk/pride/archive/projects/PXD059789	False
PXD059803	d2036c1f66e26a53794ac8ac25d84a1bf7688e6a062a67c92e33a0c913191ae9	pride	True	False	True	True	True	1676	0	412	1258	1901	https://www.ebi.ac.uk/pride/archive/projects/PXD059803	False
PXD059828	0666a28ece09d71254d2a08f5efd3e0f8f0a60c06a859b52cf099a68d7637bce	pubmed	True	False	True	True	True	1289	0	303	1995	1424	https://www.ebi.ac.uk/pride/archive/projects/PXD059828	False
PXD059881	bd28f5dca9ce6179d98eff3a83bd2d3811acd2ed06d6aefc2a82a3e650971c2f	pride	True	False	True	True	True	887	0	315	3761	1071	https://www.ebi.ac.uk/pride/archive/projects/PXD059881	False
PXD059885	5ba9e4993441e223c413dcc341ec278aba7ccef474b034c203564ffcf3071a8a	pride	True	True	True	True	True	943	9472	366	1977	815	https://www.ebi.ac.uk/pride/archive/projects/PXD059885	False
PXD059892	b42d60e5183f4201133f25a0bd31289ea33149f8856f05dcee7bd4294836c000	pride	True	True	True	True	True	214	13319	338	510	528	https://www.ebi.ac.uk/pride/archive/projects/PXD059892	False
PXD059932	2d8ac5ddad20e682b95f9f1722c243bb471691a4025d73d80099bf7c56257199	pride	True	False	True	True	True	1020	0	304	2459	818	https://www.ebi.ac.uk/pride/archive/projects/PXD059932	False
PXD059940	5012cb8710b4c1b7e7b1af1422fcbc44c354fac263d914aaba4b9d8c18bd4cee	pride	True	False	True	True	True	624	0	323	1689	430	https://www.ebi.ac.uk/pride/archive/projects/PXD059940	False
PXD059942	eae8bed23541d34aafaf004975fd01dfc00e285a73c99264b07bbffc0ef9e2cb	pride	True	False	True	True	True	1794	0	296	754	1696	https://www.ebi.ac.uk/pride/archive/projects/PXD059942	False
PXD059945	fdfef85aa1f15591e44e85e37cc7bf3a313218b15bf890eca5bdc321e36ea614	pride	True	True	True	True	True	1505	17373	338	4995	3555	https://www.ebi.ac.uk/pride/archive/projects/PXD059945	False
PXD059964	8aa772c2830f0a3712c4d9c948d492632bbcf3ea4bc1991e1d738866b01fe319	pride	True	True	True	True	True	724	12504	352	1846	1098	https://www.ebi.ac.uk/pride/archive/projects/PXD059964	False
PXD059966	ef8d45a136e0ac6b6b254fe97a88f746fda7d9c0057988b6096dd28c23fae4f3	pride	True	False	True	True	True	900	0	258	104	94	https://www.ebi.ac.uk/pride/archive/projects/PXD059966	False
PXD059976	75dfd1f79b19bc2ea6eec5379fc011fabf2a6578681aadeab39d0912415551d2	pride	True	True	True	True	True	543	9045	455	2687	1235	https://www.ebi.ac.uk/pride/archive/projects/PXD059976	False
PXD059977	0ce4831646aaa07405bd051fec3535475b0dce4a0d53772bb3f4e7be431ec255	pride	True	False	True	True	True	1294	0	378	2993	1120	https://www.ebi.ac.uk/pride/archive/projects/PXD059977	False
PXD059985	49c2067236b94d3e8b2f163feadd737ea6c216b7c693ae0b1992b9ab17d41438	pride	True	False	True	True	True	1744	0	351	1029	645	https://www.ebi.ac.uk/pride/archive/projects/PXD059985	False
PXD060014	bd8f8a46186b5695caae65e5fa1395ee01bcb6a731b8dcc21718070c5e9f9a6b	pubmed	True	False	True	True	True	1078	0	193	183	191	https://www.ebi.ac.uk/pride/archive/projects/PXD060014	False
PXD060027	0bd791949b52175d8f772020be49b65f36f8c55d7a4cd658840ae5b99b0d406c	pride	True	True	True	True	True	1693	21643	451	4299	2538	https://www.ebi.ac.uk/pride/archive/projects/PXD060027	False
PXD060033	74914d2eb1b075226c225e2949f6ad41ab96f1602ad18022f708045baa5b0cdc	pride	True	True	True	True	True	1307	25292	345	1362	3872	https://www.ebi.ac.uk/pride/archive/projects/PXD060033	False
PXD060034	1caa90324302649024025c4548c12a76f7540f083c3be6b719fe3f9209cbdd58	pride	True	True	True	True	True	1445	11691	296	4150	1363	https://www.ebi.ac.uk/pride/archive/projects/PXD060034	False
PXD060045	2e625c63610300f9e1fa21eeabf0891726dd2f3a09ce558c04d43d7ee830901a	pride	True	True	True	True	True	1593	24089	339	2298	446	https://www.ebi.ac.uk/pride/archive/projects/PXD060045	False
PXD060046	97eec35fc3d7549726d3ec6f00610b784945354e7d855cc48e39e8f9559b1242	pride	True	True	True	True	True	1510	28960	547	2442	3357	https://www.ebi.ac.uk/pride/archive/projects/PXD060046	False
PXD060047	553353c3fd1d48bb49e7b20ffb6210b4dcd0efb7a4dd1155ec63b1f5b32f59a7	pride	True	False	True	True	True	404	0	285	2146	547	https://www.ebi.ac.uk/pride/archive/projects/PXD060047	False
PXD060057	16b8e5a9516de74b9442d993917ba9d75d984bbfaac30abc383f68734b9b69b4	pubmed	True	False	True	True	True	1977	0	275	2109	2434	https://www.ebi.ac.uk/pride/archive/projects/PXD060057	False
PXD060102	53e11526441a0824f49583745f2a130c313079897dae350cacf947fd8a86dafc	pride	True	False	True	True	True	327	0	295	4480	906	https://www.ebi.ac.uk/pride/archive/projects/PXD060102	False
PXD060109	6419b72170d9c07daa842f2cbf83b0950b272b93adf1367998f5d08cec2bbf08	pride	True	True	True	True	True	161	22548	482	1635	1080	https://www.ebi.ac.uk/pride/archive/projects/PXD060109	False
PXD060121	e3c1c74dc2cd2c1597332e7510f6fa5f823fa3635572fb34bc2cbd5ad12f5f10	pride	True	True	True	True	True	76	13756	321	1617	1656	https://www.ebi.ac.uk/pride/archive/projects/PXD060121	False
PXD060126	b9b8e5c8914b99052bcb246d782fdf8031a13f3393cce1868d3717b017a7e055	pride	True	True	True	True	True	545	13199	412	506	667	https://www.ebi.ac.uk/pride/archive/projects/PXD060126	False
PXD060138	9720d5285a9f48f5d15c482bfb1ad1ce28029fbc6ac79f353b5c2eb0aa848bcf	pride	True	False	True	True	True	95	0	320	136	233	https://www.ebi.ac.uk/pride/archive/projects/PXD060138	False
PXD060153	ec0f297c7353f61ca02dade5d4477477aee2df42515c4922b7378b24baae08f3	pride	True	True	True	True	True	1480	20962	336	2581	840	https://www.ebi.ac.uk/pride/archive/projects/PXD060153	False
PXD060261	02d19a8d8aad132f2117005ad1e973859bf32798a5191c0d412e4aa5544c8eea	pride	True	False	True	True	True	460	0	264	2370	2582	https://www.ebi.ac.uk/pride/archive/projects/PXD060261	False
PXD060280	677d57daee4eaf68a3bc7f64bfc19a09d0fcf2ba46816872ba6ff5a4c2e3f8bb	pubmed	True	False	True	True	True	978	0	362	2301	888	https://www.ebi.ac.uk/pride/archive/projects/PXD060280	False
PXD060285	761f017a35a5d79dbaf91f56ab181f676c8f3de95cf9307e17e91f8d33ac9a82	pride	True	True	True	True	True	703	9372	332	1064	625	https://www.ebi.ac.uk/pride/archive/projects/PXD060285	False
PXD060304	0b4bb66dd2f94fa526c65d64eadf4bdd5f497ce3c6df6f5ae0fe8fc825009f65	pride	True	False	True	True	True	1107	0	339	1420	707	https://www.ebi.ac.uk/pride/archive/projects/PXD060304	False
PXD060305	7a5cbebc855c53b5a3946f52916ae785d9b5bbbc85391fabeeed40ce6a17c990	pride	True	False	True	True	True	153	0	361	1018	255	https://www.ebi.ac.uk/pride/archive/projects/PXD060305	False
PXD060307	75161b0164f0aa32d2d3a10dd24ea88aaeb48bb2b80a08dcb0e7fefb12a2a3fa	pride	True	True	True	True	True	393	9372	282	935	371	https://www.ebi.ac.uk/pride/archive/projects/PXD060307	False
PXD060317	3e1eb31925ccf547cb710707fe927dd1ef9321c4ca006af4e1c0ff37fc846250	pride	True	False	True	True	True	1104	0	323	4519	2155	https://www.ebi.ac.uk/pride/archive/projects/PXD060317	False
PXD060326	d06722ec5b30f2c61977f005eb8c825b5252d5147f1480d865b583b7155f3382	pride	True	True	True	True	True	270	27447	234	1998	536	https://www.ebi.ac.uk/pride/archive/projects/PXD060326	False
PXD060340	0e045dcdc28b166c46aa3509d156bda91893d9c7c4419f8f6bebb85376aba953	pride	True	True	True	True	True	394	5617	390	4983	1719	https://www.ebi.ac.uk/pride/archive/projects/PXD060340	False
PXD060357	93635ea0e29fbd44699de11440b03280e3735b6a93bab17f1aa466d515c55ebe	pride	True	True	True	True	True	456	13794	283	4972	1005	https://www.ebi.ac.uk/pride/archive/projects/PXD060357	False
PXD060372	105ee96e8af876166afcf711d081d328a369ffd4245e68199a888a5fc26f8437	pride	True	False	True	True	True	1165	0	375	904	1004	https://www.ebi.ac.uk/pride/archive/projects/PXD060372	False
PXD060381	35fc5cd1a3b632b916e62d73d101c0571b6426fdb7a0151a83e5777f2102f03d	pride	True	True	True	True	True	700	21404	276	1338	715	https://www.ebi.ac.uk/pride/archive/projects/PXD060381	False
PXD060406	c871c3ee957de244ca0a8459cacd3973a34808bbce39283baba47cb1f914b723	pride	True	False	True	True	True	1230	0	301	4803	1900	https://www.ebi.ac.uk/pride/archive/projects/PXD060406	False
PXD060429	ab11156f4340fcff51244507e3ae5a5dbd9903e9d2f88fcce3f90413a69af3a2	pride	True	False	True	True	True	1227	0	268	1719	905	https://www.ebi.ac.uk/pride/archive/projects/PXD060429	False
PXD060457	1f1fd8170ef8d451e266fb0dc400b9b72bed525b5669b888059f6595e508f56f	pride	True	False	True	True	True	1285	0	186	2114	1194	https://www.ebi.ac.uk/pride/archive/projects/PXD060457	False
PXD060483	b49fa4c691ac17b5bac898e64ca6241598a329d98b42721729e33ecee8680bda	pubmed	True	False	True	True	True	1452	0	314	92	148	https://www.ebi.ac.uk/pride/archive/projects/PXD060483	False
PXD060519	0ca7e5e0c95a00310465e103dcbbbe6c45d6bae0437b9568a4a1ed57de51ca74	pride	True	False	True	True	True	2065	0	446	963	1123	https://www.ebi.ac.uk/pride/archive/projects/PXD060519	False
PXD060570	19999a342bb05e364c85c9245df4618a57b9824e3b4f3a122428179cc05f8c21	pride	True	False	True	True	True	60	0	222	1125	276	https://www.ebi.ac.uk/pride/archive/projects/PXD060570	False
PXD060572	48d005e236fec042a7fa59a7881586c7dddab82c561aae26615a90e7e418b12b	pride	True	False	True	True	True	1695	0	318	2326	783	https://www.ebi.ac.uk/pride/archive/projects/PXD060572	False
PXD060575	13335bd2519ffe08c69fa557ab4219b288aa7caf4a42f72938565f8d0d95cfbe	pride	True	False	True	True	True	1695	0	325	2327	783	https://www.ebi.ac.uk/pride/archive/projects/PXD060575	False
PXD060621	19fb6f7069bc0bcb6bd6e9fb89bf89363e1e62c9ebdd83016d6f73c97aa3dd5c	pride	True	False	True	True	True	1195	0	407	4424	3750	https://www.ebi.ac.uk/pride/archive/projects/PXD060621	False
PXD060653	8b770dd99e74840a8c9851330328d9b43846c9f39fbd40a58ebb6259d9f82686	pride	True	False	True	True	True	1497	0	400	1288	657	https://www.ebi.ac.uk/pride/archive/projects/PXD060653	False
PXD060675	e61fb19305c203ee269340316242b6ae34dc16f0090ef862428a768032e81133	pride	True	True	True	True	True	2130	14066	330	2144	910	https://www.ebi.ac.uk/pride/archive/projects/PXD060675	False
PXD060708	d062eae74bbc53524276dbf2f4072e83dd57d14aa9a79654c04507cd10ca4787	pride	True	False	True	True	True	1364	0	335	3337	1789	https://www.ebi.ac.uk/pride/archive/projects/PXD060708	False
PXD060714	8ad8b5c99162e8fc827ed86f9395092cd01015d5cccb9572679d6d8973c1a2ff	pride	True	False	True	True	True	324	0	368	2814	737	https://www.ebi.ac.uk/pride/archive/projects/PXD060714	False
PXD060715	ef374aa823c99a24d000cb24c1b298d958dc1ba4f15376141f49ebc6d8eda64c	pride	True	False	True	True	True	1017	0	420	1844	1888	https://www.ebi.ac.uk/pride/archive/projects/PXD060715	False
PXD060761	881a4bfb16a0f9db3c97599e0a7a05634cf9dfe122626254e665df99779a4263	pride	True	False	True	True	True	1202	0	370	1697	1566	https://www.ebi.ac.uk/pride/archive/projects/PXD060761	False
PXD060764	ed03c40a8c20a03bad5b27a86075f824d0bcf1f028d7e26412c2eeef1249483a	pride	True	False	True	True	True	603	0	352	1874	733	https://www.ebi.ac.uk/pride/archive/projects/PXD060764	False
PXD060781	ed75e8ce70d90a10859611d58c9d49cc8ca6357268b08cfb636493973a34e429	pride	True	False	True	True	True	2128	0	303	1876	725	https://www.ebi.ac.uk/pride/archive/projects/PXD060781	False
PXD060786	6b7ae8a61128055afdc448b14d6287b3f09eb2c5d6dad1339ccd7300767d5073	pride	True	True	True	True	True	1585	9883	322	4059	2253	https://www.ebi.ac.uk/pride/archive/projects/PXD060786	False
PXD060795	70f65721ddb357a4895390363fa15fa61828181c3791ff95ec5c65f244a4eb73	pride	True	False	True	True	True	127	0	296	1541	132	https://www.ebi.ac.uk/pride/archive/projects/PXD060795	False
PXD060798	72f7c34d16971edabd5518720eacd50c5fe064e81d2b3bdff16db6ebe970d39a	pride	True	False	True	True	True	1106	0	306	1429	2583	https://www.ebi.ac.uk/pride/archive/projects/PXD060798	False
PXD060808	ccc79c472a166fba5eb840e6584bdb8b0a47e21dee6a32ff806bcddc5488263f	pride	True	True	True	True	True	1020	12054	295	456	861	https://www.ebi.ac.uk/pride/archive/projects/PXD060808	False
PXD060811	6cd5e119ecc400179e2e48c64693d753d2264aa665eac0304638bf2b9da32c4d	pubmed	True	False	True	True	True	1852	0	223	803	838	https://www.ebi.ac.uk/pride/archive/projects/PXD060811	False
PXD060812	9ca28a7f72d7d94ecec2ae54e6b5b4b5381baa26e090afa840043bab77bdb08e	pride	True	False	True	True	True	1272	0	383	3144	871	https://www.ebi.ac.uk/pride/archive/projects/PXD060812	False
PXD060829	c11ff655358739bf8751c6976a7f50fd97c0e74354a2a851af6362fe39ca3f42	pride	True	False	True	True	True	215	0	273	1148	867	https://www.ebi.ac.uk/pride/archive/projects/PXD060829	False
PXD060843	e4c21dba2fbc5c1b4c8698ebd7ffc7de295b667ecbd11b00bcd289557dc4d58c	pride	True	False	True	True	True	1717	0	349	4111	877	https://www.ebi.ac.uk/pride/archive/projects/PXD060843	False
PXD060844	8b3f4f6bcac71bb246e90fbc3913574d595bbf08d137846330c8f2be31f747a4	pride	True	False	True	True	True	1477	0	296	2639	1521	https://www.ebi.ac.uk/pride/archive/projects/PXD060844	False
PXD060852	2e369341981f23863285342f45784196ec5f746e9a97267819c9191e8c5d70fa	pride	True	True	True	True	True	1960	17066	326	3643	2338	https://www.ebi.ac.uk/pride/archive/projects/PXD060852	False
PXD060854	ce554019a0dfeb06b3d6b36d39bf9f912c0aa72a8643c6ce9a0c1d06caf8ca37	pride	True	True	True	True	True	1960	17066	294	3188	2338	https://www.ebi.ac.uk/pride/archive/projects/PXD060854	False
PXD060875	d2c5f79061f7e647715de62f09840c03fe61c610ecaaad471dc287e0209f78d4	pride	True	True	True	True	True	1272	8761	274	1493	1577	https://www.ebi.ac.uk/pride/archive/projects/PXD060875	False
PXD060878	ff6bed3c31839db6142d9bbfbb88876a59effb1b66cdb28e5d9abec294c9c58f	pride	True	True	True	True	True	423	19310	249	1761	706	https://www.ebi.ac.uk/pride/archive/projects/PXD060878	False
PXD060883	8efc1a02d23635f0eb94fbc66f1dfb10374996e3000600c6793591c0261f6c93	pride	True	False	True	True	True	1475	0	322	2618	1020	https://www.ebi.ac.uk/pride/archive/projects/PXD060883	False
PXD060886	cb300bd3f1e78cdfaf8043f2283da344607dcbf65c5526989c987a7a38db13d5	pride	True	True	True	True	True	1359	20437	255	3136	2216	https://www.ebi.ac.uk/pride/archive/projects/PXD060886	False
PXD060890	708a73896b25a124708e757d2b8c412aee6f406e850982dd2ac1ea0239c8ddc9	pride	True	False	True	True	True	1328	0	323	2367	2418	https://www.ebi.ac.uk/pride/archive/projects/PXD060890	False
PXD060898	2ab029d7ea581def3e7ac5f8820e429ed5c2c7584af4cb568911371e1106a8f0	pride	True	True	True	True	True	1581	18849	667	3113	2037	https://www.ebi.ac.uk/pride/archive/projects/PXD060898	False
PXD060912	4c6bcc4cac6c1227228ca5741499d937dec1967456f0177bdc12ad977eda3202	pride	True	True	True	True	True	1285	42656	400	1847	1012	https://www.ebi.ac.uk/pride/archive/projects/PXD060912	False
PXD060917	4a1154d60d6b5e03e6f14edb175541aa280b9f14c9f18443286cef02711aeae4	pride	True	False	True	True	True	1717	0	296	2436	1175	https://www.ebi.ac.uk/pride/archive/projects/PXD060917	False
PXD060935	32e5fe86e0b1ca871b73343829e0cadb427a07b77cbec1f55e3045a10d256d7d	pride	True	False	True	True	True	1722	0	419	3110	1480	https://www.ebi.ac.uk/pride/archive/projects/PXD060935	False
PXD060937	de8ef13267d714dd2694b203bee4b7d8e742e15931f3767a6134fee229c9f911	pride	True	True	True	True	True	355	11824	317	383	317	https://www.ebi.ac.uk/pride/archive/projects/PXD060937	False
PXD060946	949f019b618785ebe976372e77fa0dd7ab78bfb4a6451a8a71245cf7f20f89aa	pride	True	False	True	True	True	1096	0	178	1626	1496	https://www.ebi.ac.uk/pride/archive/projects/PXD060946	False
PXD060950	fa625d12d374e27967c7234a7ce52a208d0d3d6463ac5ab60df94b886bc6730e	pride	True	True	True	True	True	1376	28960	470	919	1419	https://www.ebi.ac.uk/pride/archive/projects/PXD060950	False
PXD060971	74602ed8115e6302caf06a0ae34db231050ef99f8d06b168657c42da9c84bf30	pride	True	False	True	True	True	1176	0	224	1074	353	https://www.ebi.ac.uk/pride/archive/projects/PXD060971	False
PXD060976	5d2efce3a502d31b2e1e4640dcaf36cedcbf4334be14d8e58114744734cdaad5	pride	True	False	True	True	True	879	0	391	333	219	https://www.ebi.ac.uk/pride/archive/projects/PXD060976	False
PXD060980	34f494376f7ea67994e636f06021779a905d4bc40e59cd3cb26109dc31e81f01	pride	True	True	True	True	True	1229	7279	409	3666	2146	https://www.ebi.ac.uk/pride/archive/projects/PXD060980	False
PXD060982	f06f9885cf76e9ed3888d3f0a465762b42848ef0e49521db9f0238c001cbcdea	pride	True	False	True	True	True	1455	0	314	3002	147	https://www.ebi.ac.uk/pride/archive/projects/PXD060982	False
PXD061015	15f2190cac29546bb46676f0b0b58fdf74b96b0b34202e4c3f06fe58e9db6842	pride	True	True	True	True	True	1331	25034	428	4588	2568	https://www.ebi.ac.uk/pride/archive/projects/PXD061015	False
PXD061019	958b9da555e0a9b2205fe0a3178041f36be607deb812121b038759e4a7b5db15	pride	True	False	True	True	True	1585	0	394	3913	1775	https://www.ebi.ac.uk/pride/archive/projects/PXD061019	False
PXD061038	d9398aec46a0d1cc69a0ee773bf939d7abb30feeb4e5ce787ba7f0515113293f	pride	True	False	True	True	True	1507	0	327	3423	1963	https://www.ebi.ac.uk/pride/archive/projects/PXD061038	False
PXD061048	c79098e1c6953db0e544198744a2ae740c197fbe29a17c29ab3344dbaa74f793	pride	True	False	True	True	True	1547	0	257	1400	2009	https://www.ebi.ac.uk/pride/archive/projects/PXD061048	False
PXD061050	eb83c09913c90750ddbfa3786c57d6927b8fef4a41090689248d5173694375bb	pride	True	True	True	True	True	1621	20329	402	1882	1299	https://www.ebi.ac.uk/pride/archive/projects/PXD061050	False
PXD061059	0cadafe5bcac6860da770e25e25c84adeaf9ec5e290b50f5bfde5849ad4b4765	pride	True	False	True	True	True	1004	0	310	1212	248	https://www.ebi.ac.uk/pride/archive/projects/PXD061059	False
PXD061073	52c06d12f3e14f8de7a34eb91b10939381c380ffa4223526e5b036b495b551c7	pride	True	True	True	True	True	2239	24470	433	2054	3010	https://www.ebi.ac.uk/pride/archive/projects/PXD061073	False
PXD061092	ebfad0fec2ebfd1caa7a8afd3b36805cbe1958584b42722cf8f9e3e767928262	pride	True	False	True	True	True	1580	0	469	2850	1280	https://www.ebi.ac.uk/pride/archive/projects/PXD061092	False
PXD061097	179a0fb021571af813ebf1ebded1fbef3282e72bc1c29359675171ddc0f496eb	pride	True	False	True	True	True	1496	0	370	2958	2206	https://www.ebi.ac.uk/pride/archive/projects/PXD061097	False
PXD061103	ec4930960c4572ca03cc373d18cbce5b35df3928e9398171e596bd9cc5f52dbf	pride	True	True	True	True	True	403	27406	259	98	268	https://www.ebi.ac.uk/pride/archive/projects/PXD061103	False
PXD061104	279a4fa948e8b7c0acf06ed736a237b8945ad342d845796aa35c56529677425e	pride	True	True	True	True	True	410	27406	277	627	268	https://www.ebi.ac.uk/pride/archive/projects/PXD061104	False
PXD061117	a72f6cd057c1feefb0e0abc71d31c3c0b4e2638370439fcc83b0c00472eb687c	pride	True	False	True	True	True	178	0	299	4023	2908	https://www.ebi.ac.uk/pride/archive/projects/PXD061117	False
PXD061144	4f84d9e906756df0064fe69cf1d9e91a8a376b3764a09f7a2a6cdbbefee1bd0b	pride	True	True	True	True	True	524	18746	265	5210	1754	https://www.ebi.ac.uk/pride/archive/projects/PXD061144	False
PXD061161	19ddba5f66d132abe2e99982a0b12ef67b308b219e533beb670d52cc0a5265aa	pride	True	False	True	True	True	1546	0	284	1267	2009	https://www.ebi.ac.uk/pride/archive/projects/PXD061161	False
PXD061173	20bc22e2d340579d4db96a4a8b8aec3d240cb801598f31ee8d44a532a7856ec1	pride	True	True	True	True	True	1532	15931	381	887	687	https://www.ebi.ac.uk/pride/archive/projects/PXD061173	False
PXD061178	451c426ba90628b104a8d594ce039b5d19e8e234350df1adc63f4e3de030fbc3	pride	True	False	True	True	True	1193	0	569	2224	1970	https://www.ebi.ac.uk/pride/archive/projects/PXD061178	False
PXD061183	beee032c40327659afdb19c69c372020caf55251b1eafdb1fa5b266da46d6f0e	pride	True	False	True	True	True	1173	0	368	2670	636	https://www.ebi.ac.uk/pride/archive/projects/PXD061183	False
PXD061195	74f4371084fb853f6e08f04203405389513eb0508c37ef106514088ff42fcaf6	pride	True	True	True	True	True	2204	6426	324	3741	1013	https://www.ebi.ac.uk/pride/archive/projects/PXD061195	False
PXD061212	0b20532ac075809a26906bd2d7248ce98ae5627541e8c27f63cbbd01d6406048	pride	True	True	True	True	True	1396	18140	232	1719	1771	https://www.ebi.ac.uk/pride/archive/projects/PXD061212	False
PXD061267	227aef88ae7bbe2f7dbebccc3330da2f5f9fa768daf5f3959db7467175344a46	pride	True	True	True	True	True	1832	19284	341	2315	1102	https://www.ebi.ac.uk/pride/archive/projects/PXD061267	False
PXD061275	5d215c3a3f09332288a656328d06592d37ef9baea4cc3d2e44ff2849086670f5	pride	True	False	True	True	True	202	0	285	702	1880	https://www.ebi.ac.uk/pride/archive/projects/PXD061275	False
PXD061276	418312eed9ade1fdae9de645b849cd918a1057facd77d596e9c69fc31b5fbadd	pride	True	True	True	True	True	1490	30483	291	6372	2428	https://www.ebi.ac.uk/pride/archive/projects/PXD061276	False
PXD061285	f8df69f91f5539862a97791623340c11d43cfb9ab41e5cee6d3bfa076d495eb1	pride	True	True	True	True	True	266	31071	461	1411	1320	https://www.ebi.ac.uk/pride/archive/projects/PXD061285	False
PXD061290	3e2dd24cadb5288f77452e9451398b6238aff02a3a241263d8599e1d43d7f750	pride	True	True	True	True	True	608	17964	271	574	475	https://www.ebi.ac.uk/pride/archive/projects/PXD061290	False
PXD061302	60c6d526727ed23653423fb7f8a5b8e297550e9f393a231845e64711a0da5775	pride	True	True	True	True	True	1143	34824	396	3117	4595	https://www.ebi.ac.uk/pride/archive/projects/PXD061302	False
PXD061306	abb031ecb5f4e33ab0383548c2ef0e82a04da19401b3c1ceab36ec5c5ecb35be	pride	True	False	True	True	True	808	0	276	3436	136	https://www.ebi.ac.uk/pride/archive/projects/PXD061306	False
PXD061307	e9bc4061acb941cc7a7d18c2597675dd2958d1b8fe9e43e9cdc5ab6253126729	pride	True	True	True	True	True	2148	8967	397	1625	1355	https://www.ebi.ac.uk/pride/archive/projects/PXD061307	False
PXD061384	6193ae184c714123c325c3fa2509c361b95dd217076841fbe3913aeb6c7fec17	pride	True	False	True	True	True	673	0	242	3431	137	https://www.ebi.ac.uk/pride/archive/projects/PXD061384	False
PXD061399	5a883d05bf1ef0669f23bf53ff42a97ba18fdfc5427fcbfcbe31e3498056bc68	pride	True	False	True	True	True	119	0	495	645	1549	https://www.ebi.ac.uk/pride/archive/projects/PXD061399	False
PXD061404	c4e04669396ace24333899e532795f3de3dace114f72625378a854f6eadd0fc7	pride	True	True	True	True	True	1346	18086	433	4929	1786	https://www.ebi.ac.uk/pride/archive/projects/PXD061404	False
PXD061408	8a06b6017885a5e27da6eb8fe7ad52ba2bc37b82cf87e8c8a557f5f7d0d88c86	pride	True	False	True	True	True	1509	0	400	2076	1576	https://www.ebi.ac.uk/pride/archive/projects/PXD061408	False
PXD061427	254e07fe4742bb3b5d6b22f77838eb250c2f05cca9607b37a22563c8efbd2c5f	pride	True	False	True	True	True	637	0	405	1644	861	https://www.ebi.ac.uk/pride/archive/projects/PXD061427	False
PXD061454	c9d28d4c87998d50dc8a690c345efe0dba3fb9c3c707a64c6216340d78c7abee	pride	True	True	True	True	True	273	19575	222	687	1074	https://www.ebi.ac.uk/pride/archive/projects/PXD061454	False
PXD061466	408fb197f0f7d5156802ee5837e7d8fbdf05dd12cfbca1a3c0e1b6fc1aab380c	pride	True	False	True	True	True	425	0	477	1259	818	https://www.ebi.ac.uk/pride/archive/projects/PXD061466	False
PXD061467	1c8fa08d67dfbef205149f8f5b1dd528636bc31854af8d7ff7c437451e02dfab	pride	True	False	True	True	True	202	0	325	2161	303	https://www.ebi.ac.uk/pride/archive/projects/PXD061467	False
PXD061491	2fd928daa77c58d76cc671a065184e8edeaeaa1d4410237da111a78dccc4b200	pride	True	False	True	True	True	1066	0	269	1373	215	https://www.ebi.ac.uk/pride/archive/projects/PXD061491	False
PXD061537	cf5806d05ccf55c1227ef95f20761aff1c499709237be39dcdc4fb340c3df699	pride	True	False	True	True	True	846	0	321	2555	462	https://www.ebi.ac.uk/pride/archive/projects/PXD061537	False
PXD061565	8430fb631d4961769ef64d2e1e89349739bec554b30c7129b4c04c7778a020f8	pride	True	False	True	True	True	349	0	255	2322	2042	https://www.ebi.ac.uk/pride/archive/projects/PXD061565	False
PXD061570	80f79ef7f2898b58c6cce1efba4ffc4cf2da32a1781389f7a9a6745ab81e7b65	pride	True	True	True	True	True	811	18145	400	4680	491	https://www.ebi.ac.uk/pride/archive/projects/PXD061570	False
PXD061576	e091a5465cf1ec80fb52c08494b187d3caca26c4e2c4e3e31dc856cc0bdde74f	pride	True	False	True	True	True	1155	0	351	2083	772	https://www.ebi.ac.uk/pride/archive/projects/PXD061576	False
PXD061586	9bd287be066b88f51cb64cccffe291be41024ee3ed0dcf992d04cd5064777f8e	pride	True	False	True	True	True	198	0	406	3000	586	https://www.ebi.ac.uk/pride/archive/projects/PXD061586	False
PXD061593	0d3d4c870074d653ea55ddcdc1ae21900eff6610774e77a251bfe098c4114d00	pride	True	True	True	True	True	2183	6149	326	2005	1116	https://www.ebi.ac.uk/pride/archive/projects/PXD061593	False
PXD061596	909db481225cd749081d26167449795f98a7906086ef2f8cea68d9bd9d749435	pride	True	False	True	True	True	610	0	399	317	705	https://www.ebi.ac.uk/pride/archive/projects/PXD061596	False
PXD061602	29c7da2b21c07726924b0322e1d273c5fd0230e1d760c2ade534492e2f0d65a7	pride	True	False	True	True	True	851	0	322	3635	460	https://www.ebi.ac.uk/pride/archive/projects/PXD061602	False
PXD061604	39c95292bfdc63175a3103cbf21b7501e62edbf94f7c2a016dbd6bff422b11d2	pride	True	True	True	True	True	163	24879	398	1146	913	https://www.ebi.ac.uk/pride/archive/projects/PXD061604	False
PXD061609	b0b47272a346e25f6875cf2a7751d3ffece11625e3d35f617e1a29610f84ed62	pride	True	False	True	True	True	1506	0	357	1591	1532	https://www.ebi.ac.uk/pride/archive/projects/PXD061609	False
PXD061620	020fb522318703571e24d7016293f57fb5037a1e60123578a18036f04408b9b3	pride	True	False	True	True	True	1503	0	388	3098	1054	https://www.ebi.ac.uk/pride/archive/projects/PXD061620	False
PXD061637	f16704a97ca043fc1cf2710dc2bbb2e5bd2ae19cecd70cb6e05d9f89bba9e6a0	pubmed	True	False	True	True	True	1111	0	345	430	608	https://www.ebi.ac.uk/pride/archive/projects/PXD061637	False
PXD061638	96dd8690e45925258613a8cf032fbb887b1b6efcf81499837ef1beb8c3ab8a89	pride	True	False	True	True	True	1036	0	302	753	673	https://www.ebi.ac.uk/pride/archive/projects/PXD061638	False
PXD061658	b0c8185fac55813283712d9df7db101f563dde6535de3fc1b332a00c8e468e52	pride	True	True	True	True	True	1107	23237	393	2178	444	https://www.ebi.ac.uk/pride/archive/projects/PXD061658	False
PXD061660	6a23ba31072c570ca63b793e147ef5ed6009d9236050c422a19302731691b4d2	pride	True	False	True	True	True	801	0	307	1561	727	https://www.ebi.ac.uk/pride/archive/projects/PXD061660	False
PXD061667	f999f950aad465b406a8045e73e49be0a900e134dc8afca634eddbd9f9caf3d2	pride	True	False	True	True	True	220	0	383	4324	1350	https://www.ebi.ac.uk/pride/archive/projects/PXD061667	False
PXD061693	789e68a940d0fec9b3e869aeb96da54daeb1175ed7cbed50180fa888921a782a	pride	True	False	True	True	True	1601	0	543	2972	2905	https://www.ebi.ac.uk/pride/archive/projects/PXD061693	False
PXD061694	4576769e3722df9c63bd94795f16ad8277858cc3232a5c4539dc202ce21fe302	pride	True	False	True	True	True	1125	0	598	2977	1454	https://www.ebi.ac.uk/pride/archive/projects/PXD061694	False
PXD061696	bee56e5afacf4d471a917946ac863bc58ce88cb353669f5a10145310bbeaceb1	pride	True	True	True	True	True	1589	15905	527	1607	1125	https://www.ebi.ac.uk/pride/archive/projects/PXD061696	False
PXD061698	1330ff198e185a54201d14c0e108f223767d49bf19759fbc242a766d30e363f4	pride	True	False	True	True	True	764	0	252	994	816	https://www.ebi.ac.uk/pride/archive/projects/PXD061698	False
PXD061756	1d3defa34457804be4ccabcae0f2477c3ec3a62421471ac73afe56d99f976a16	pride	True	False	True	True	True	1528	0	389	2503	1450	https://www.ebi.ac.uk/pride/archive/projects/PXD061756	False
PXD061784	349ac47a93511a7f4c2a90a8efb6c22f78210b1a4751d323e4d1e9834bd47e60	pride	True	False	True	True	True	1451	0	382	149	233	https://www.ebi.ac.uk/pride/archive/projects/PXD061784	False
PXD061791	4301e48627810fbfebcc13e8be95ae81b15d3f9c846d5981b7502411e9a0b656	pride	True	False	True	True	True	588	0	365	1598	1020	https://www.ebi.ac.uk/pride/archive/projects/PXD061791	False
PXD061794	be118fb9b3d285badfabb43b6072d5f9169f5048a3fb78cc8c9014c5a8cf5742	pride	True	False	True	True	True	554	0	287	901	733	https://www.ebi.ac.uk/pride/archive/projects/PXD061794	False
PXD061795	63cb5d1f381178c23cc20a9ddd32ca315c58fb822641079780ff67d9455d60b1	pride	True	False	True	True	True	1702	0	397	4050	2878	https://www.ebi.ac.uk/pride/archive/projects/PXD061795	False
PXD061797	a94e6ac6d284824b522bb4994a9db6ff9aadc20f8a09f5c8d0f7db846b0b255b	pride	True	False	True	True	True	1226	0	307	1357	4076	https://www.ebi.ac.uk/pride/archive/projects/PXD061797	False
PXD061806	0a1945a08b25fca86c371596558ddf075f028fc9de17f8238f6292f1b4bd28b6	pride	True	False	True	True	True	1702	0	391	4050	2878	https://www.ebi.ac.uk/pride/archive/projects/PXD061806	False
PXD061846	cb4b785a649ba13b58dc979db022172754623199dee993b65296344490b5c4c3	pride	True	False	True	True	True	972	0	474	1517	1702	https://www.ebi.ac.uk/pride/archive/projects/PXD061846	False
PXD061848	081f64eb35f1db61854974855e36e0ec500b4bfb69b6142beb8bf67524d279a5	pride	True	False	True	True	True	1702	0	381	3492	2878	https://www.ebi.ac.uk/pride/archive/projects/PXD061848	False
PXD061850	705210c0914d9b787d3a807e30bace421f3e3503be6fcb939d712eb10c8c14cf	pride	True	False	True	True	True	1075	0	374	359	489	https://www.ebi.ac.uk/pride/archive/projects/PXD061850	False
PXD061855	a92429344d912af5b548a5546e08257be75808b766c2b1b4126aef48e36b6720	pride	True	False	True	True	True	1702	0	391	1702	2878	https://www.ebi.ac.uk/pride/archive/projects/PXD061855	False
PXD061859	4f636e54ff3f48141b5784810dce11d5710e37ff8b1689ed59c94e509787a10d	pride	True	False	True	True	True	185	0	324	3407	223	https://www.ebi.ac.uk/pride/archive/projects/PXD061859	False
PXD061861	5aaebb9fea126838725b07f1427ceaa5e835b0f827ca23955d9c2217202f38ec	pride	True	False	True	True	True	636	0	396	4420	1928	https://www.ebi.ac.uk/pride/archive/projects/PXD061861	False
PXD061865	11257decc10a9ae2a36a0835e3f897c04b86d772e4866c8cf6f749d344b0d5e3	pride	True	False	True	True	True	1702	0	387	4050	2878	https://www.ebi.ac.uk/pride/archive/projects/PXD061865	False
PXD061876	475ee3957ad215a3357dd39346b1099dc47977d615264ba787c5a3c804697b35	pride	True	False	True	True	True	972	0	449	1544	817	https://www.ebi.ac.uk/pride/archive/projects/PXD061876	False
PXD061877	11a724606c9cdf95f08df1891a5cc4866da2dcbfc5d647eaf322b5fec9755e50	pride	True	False	True	True	True	972	0	502	2235	1190	https://www.ebi.ac.uk/pride/archive/projects/PXD061877	False
PXD061879	1b7be0270fc6d35596fec87f331deca7de6a188a1a2b9d39007d224ab4d94815	pride	True	False	True	True	True	123	0	278	880	655	https://www.ebi.ac.uk/pride/archive/projects/PXD061879	False
PXD061918	2cd89e2b6394ae1dbcd13843352a16ad88f0f3e2eeafb9180f2522930776b7b7	pride	True	True	True	True	True	404	25493	309	4829	1508	https://www.ebi.ac.uk/pride/archive/projects/PXD061918	False
PXD061925	806824fd58cd8ae8b6fcd2e05cfb03b36694e0e4b28bcf14c1b31dab4bc17f2d	pride	True	True	True	True	True	349	5099	275	1285	1419	https://www.ebi.ac.uk/pride/archive/projects/PXD061925	False
PXD061934	ed0e150af2e898d804d4130d5b8ed46593ff539c29f9a2e5f2dcf004e9eb9981	pride	True	True	True	True	True	1755	8325	460	3640	1300	https://www.ebi.ac.uk/pride/archive/projects/PXD061934	False
PXD061936	cace3dee13ca01ae827021efd5b1787726563472c4a630e264ebc19e88dae303	pride	True	False	True	True	True	218	0	252	561	1017	https://www.ebi.ac.uk/pride/archive/projects/PXD061936	False
PXD061981	1236c0099a863936cfcf0f25db98eb65a28b12d82ff60fe365c4b96629051cdf	pride	True	False	True	True	True	1476	0	253	1248	4230	https://www.ebi.ac.uk/pride/archive/projects/PXD061981	False
PXD062000	27ac90cc288463442f75f2cb285c1b587737e6efa8b229ab2f28f74f6736caed	pride	True	False	True	True	True	58	0	315	2002	3008	https://www.ebi.ac.uk/pride/archive/projects/PXD062000	False
PXD062079	2f4a76c75121bacfc26ae3509523d5b4ba45a4bea72d8e16a71d1079da4f219a	pride	True	True	True	True	True	489	9698	323	1277	1605	https://www.ebi.ac.uk/pride/archive/projects/PXD062079	False
PXD062108	7ad5a022ed51e2d0cb833aae67d6861bb5a21d9e79de79da6c4010dd0adac871	pride	True	True	True	True	True	1524	16843	347	2460	1848	https://www.ebi.ac.uk/pride/archive/projects/PXD062108	False
PXD062109	45273d2dbf8e92d425bc78ca22c9eee33a44c035ba66de640f785aa82fd45ac6	pride	True	False	True	True	True	326	0	292	1631	647	https://www.ebi.ac.uk/pride/archive/projects/PXD062109	False
PXD062112	b777bd2d5af3ec70b050c114b20e825d871f5cc6b0a8f2c04b70fb40c0f565b6	pride	True	True	True	True	True	1173	28844	346	1496	1595	https://www.ebi.ac.uk/pride/archive/projects/PXD062112	False
PXD062184	3043bd30462e08c058e26ef930446f04debc84bce73b5289238828cf89e36ca5	pride	True	True	True	True	True	980	75058	287	4962	4262	https://www.ebi.ac.uk/pride/archive/projects/PXD062184	False
PXD062200	6ae5924cbefb263da1740f1ffe40f833c94ec8ea6eb480180cfa8689b4c95c3b	pride	True	True	True	True	True	352	15188	269	2225	1736	https://www.ebi.ac.uk/pride/archive/projects/PXD062200	False
PXD062211	ad8315511c1d08e668afa147a64ed7a44ee54b754afa2f91006c961ee5bc34e3	pride	True	False	True	True	True	70	0	371	700	233	https://www.ebi.ac.uk/pride/archive/projects/PXD062211	False
PXD062254	f1c12ac96d10c0458b68c90b14c1f8b7387a95fce3cc867a50579c864c82eae5	pride	True	False	True	True	True	1390	0	427	918	2476	https://www.ebi.ac.uk/pride/archive/projects/PXD062254	False
PXD062315	78bc172fc303053199dbefb4713330c50acebd721c05d50ca13f02a18b940a51	pride	True	False	True	True	True	375	0	343	4037	1061	https://www.ebi.ac.uk/pride/archive/projects/PXD062315	False
PXD062318	255b38cb621aec72002abb5669d91d394039bc20ad8347fd7b546f36b2fd6af0	pride	True	True	True	True	True	2655	13986	343	4511	2075	https://www.ebi.ac.uk/pride/archive/projects/PXD062318	False
PXD062321	f0a53c4d0d5b73acecfad070fc06aa4ae66f5f3d80a187afa7ae04713963b3cd	pride	True	False	True	True	True	1069	0	334	2087	702	https://www.ebi.ac.uk/pride/archive/projects/PXD062321	False
PXD062322	e826130de132e44833d2448c0dffb22c14cceeffec3bf9e3a7142d1d192b9baa	pride	True	False	True	True	True	1843	0	491	3753	1867	https://www.ebi.ac.uk/pride/archive/projects/PXD062322	False
PXD062324	f32616ccd160a81ba9dd3b7e8ca1cc74a47496f280a2e0eed90d3d4b0c26c2e0	pride	True	False	True	True	True	725	0	422	2693	3208	https://www.ebi.ac.uk/pride/archive/projects/PXD062324	False
PXD062330	4f262288e41d56febc6cfbfb9643d07c3495c8c5bdc645b05aa42c37ebe2e2d5	pride	True	False	True	True	True	447	0	456	502	885	https://www.ebi.ac.uk/pride/archive/projects/PXD062330	False
PXD062343	1889249388830d760c9d07b8178b2982ae04df157cfb7ef20d37404339ef48f9	pride	True	False	True	True	True	1371	0	277	1961	273	https://www.ebi.ac.uk/pride/archive/projects/PXD062343	False
PXD062353	af687c619185ac36c2ed2c6c87a33042f669fca885c46223772f2154fee50dfd	pride	True	False	True	True	True	576	0	245	1858	492	https://www.ebi.ac.uk/pride/archive/projects/PXD062353	False
PXD062354	09dd0b120999a92ad2d9a278ffa786ce97f6178af01e958218f50f896047242d	pride	True	True	True	True	True	1165	34926	300	4201	1519	https://www.ebi.ac.uk/pride/archive/projects/PXD062354	False
PXD062419	3c45d592c265fd23ad7ffcdd8d4a0f0b1d1f6dc0714c19f6f52dfd8e731e887a	pride	True	False	True	True	True	1170	0	384	584	724	https://www.ebi.ac.uk/pride/archive/projects/PXD062419	False
PXD062420	812b885592511b9bcfbbf1e1ad54e0996feeba0f35ba4beb31a4c02d600db54d	pride	True	False	True	True	True	858	0	468	2563	514	https://www.ebi.ac.uk/pride/archive/projects/PXD062420	False
PXD062431	f15310e64cdb9725b7d1035621cb967bfb7da9a0a6b0eec9cf031b6e4ce6b8ce	pride	True	False	True	True	True	129	0	247	428	269	https://www.ebi.ac.uk/pride/archive/projects/PXD062431	False
PXD062437	d3437b34a00c9dcc357e00a8f0f8b8ce2d244f498552ef37ecbf21d662688906	pride	True	False	True	True	True	960	0	430	3675	3310	https://www.ebi.ac.uk/pride/archive/projects/PXD062437	False
PXD062440	50bece0ac4143a2c516ebf70dff6e814907207635652389c8a941e872d23f4da	pride	True	False	True	True	True	858	0	427	2567	512	https://www.ebi.ac.uk/pride/archive/projects/PXD062440	False
PXD062441	0d6c222f5607655829855b656051a36a8ced96c9e5fea92efeff4e7d698e8c28	pride	True	False	True	True	True	858	0	339	1371	782	https://www.ebi.ac.uk/pride/archive/projects/PXD062441	False
PXD062452	4ae2be9d7096cda479eaec875a4321aad1c22af0e3de1e3a1239d28998b3bdf2	pride	True	False	True	True	True	505	0	360	2702	857	https://www.ebi.ac.uk/pride/archive/projects/PXD062452	False
PXD062474	dcb117c13d904e5bbb51d089929f14c64fc5eb65583e8def3d1bcfb7756b9976	pride	True	True	True	True	True	1871	20369	407	1752	837	https://www.ebi.ac.uk/pride/archive/projects/PXD062474	False
PXD062511	fee49a447f22c4de269b9977aaae23039bb51316113ec2fdae3ec071e5888f01	pride	True	False	True	True	True	554	0	386	901	733	https://www.ebi.ac.uk/pride/archive/projects/PXD062511	False
PXD062520	dfd8bc9fc533111c89e707d57d2f63274b38e71d80313b5551fd9cb917d4fcb9	pride	True	False	True	True	True	1295	0	401	1472	2038	https://www.ebi.ac.uk/pride/archive/projects/PXD062520	False
PXD062536	09ad306baf4a3a14a3b8d2cb4c8381d0461ebeed1ed32e0248879d30b7dabda0	pride	True	False	True	True	True	553	0	366	1352	1139	https://www.ebi.ac.uk/pride/archive/projects/PXD062536	False
PXD062616	4d5717ff2eb19333c03c025b769722623e8012e35a1cfd36c4fb6ebf1949491e	pride	True	True	True	True	True	58	29213	321	58	58	https://www.ebi.ac.uk/pride/archive/projects/PXD062616	False
PXD062619	b0b2fe3f7671323086dd2f4c5bf4183933466df36a5cd470b914352cc0d67189	pride	True	True	True	True	True	58	29213	327	58	58	https://www.ebi.ac.uk/pride/archive/projects/PXD062619	False
PXD062628	4c3b208d5faeada3cacf7d4addbc5d3ad5f121e5ebc21312b93df39a5173d74c	pubmed	True	False	True	True	True	1620	0	286	2979	1365	https://www.ebi.ac.uk/pride/archive/projects/PXD062628	False
PXD062630	bb1232702f0d17c43e1097a29ed9d1577400751a36c97aa8bbc89d74f5ccf3fb	pride	True	False	True	True	True	321	0	351	687	981	https://www.ebi.ac.uk/pride/archive/projects/PXD062630	False
PXD062695	ebcea1cb258d8d634c9700ca7dd9fc5684e380e65ece33b4b590d999b4a3569f	pride	True	False	True	True	True	1307	0	481	5641	1284	https://www.ebi.ac.uk/pride/archive/projects/PXD062695	False
PXD062723	c7962990a19e95f5dbe539f5990cd1c0eaf758aa9e8572ecb6dddacfafe02572	pride	True	False	True	True	True	645	0	349	2582	1367	https://www.ebi.ac.uk/pride/archive/projects/PXD062723	False
PXD062730	6f219bd529d7abbaf0313a1da81abca4685dd6f7990dc90102abf32e75669e4e	pride	True	False	True	True	True	1833	0	309	2239	1021	https://www.ebi.ac.uk/pride/archive/projects/PXD062730	False
PXD062745	1150c9833225aea6f10178e399d201e93939adfaf65d646ebcd419399d45db2b	pride	True	False	True	True	True	950	0	309	2141	913	https://www.ebi.ac.uk/pride/archive/projects/PXD062745	False
PXD062748	41557f89a87614aee410f9b4227842c7cc2055172b63d61bdc801e66f81f6852	pride	True	False	True	True	True	881	0	494	300	608	https://www.ebi.ac.uk/pride/archive/projects/PXD062748	False
PXD062774	9f55efc994f2f514cdce7982e5cef78faf8afb99091b1ecfe59d6742993121df	pride	True	True	True	True	True	1306	10825	302	2477	857	https://www.ebi.ac.uk/pride/archive/projects/PXD062774	False
PXD062777	a3b2b73a219934bd996b14a480311b31868ef47b7c8eb7ffee67378a96bec28d	pride	True	False	True	True	True	225	0	349	1490	1153	https://www.ebi.ac.uk/pride/archive/projects/PXD062777	False
PXD062785	eea6e7df337ed50b08d0479202394f7adce75b54e87a7d348d61c8941bee4624	pride	True	True	True	True	True	1342	18747	386	1641	1717	https://www.ebi.ac.uk/pride/archive/projects/PXD062785	False
PXD062808	cc4cea61b423bd6f206f314c0b87830fc1247e7b8c451dcf0f04efc8b215de85	pride	True	False	True	True	True	409	0	339	1971	2076	https://www.ebi.ac.uk/pride/archive/projects/PXD062808	False
PXD062818	5c8dfb536a9f14112cb6cf9b5a354cc2812b076132da95e6c8dbdef051601a83	pride	True	False	True	True	True	888	0	361	1170	1314	https://www.ebi.ac.uk/pride/archive/projects/PXD062818	False
PXD062847	38a098eb4eaa3e057daee9e78f3342c5ee991be31f71c869215f435c71a594e0	pride	True	True	True	True	True	86	15697	281	86	86	https://www.ebi.ac.uk/pride/archive/projects/PXD062847	False
PXD062852	2571416c535cfdfb91692635843346425e2707e2e427ffaffd03c1089f743c89	pride	True	False	True	True	True	402	0	363	2439	1098	https://www.ebi.ac.uk/pride/archive/projects/PXD062852	False
PXD062853	5e713556ada502c001f869b7d77ac3e1eb17775802d06a5e7d12c2b472117281	pride	True	False	True	True	True	3749	0	252	216	111	https://www.ebi.ac.uk/pride/archive/projects/PXD062853	False
PXD062854	877ef95988811376811daf79bea27d079959e552690187a172e7721319fefe1a	pride	True	True	True	True	True	156	20120	297	512	757	https://www.ebi.ac.uk/pride/archive/projects/PXD062854	False
PXD062870	a34ae0f3a9523b136ad30154d3dde1f656a8a2697b2e1cb4f0048e683a1cce25	pride	True	False	True	True	True	1018	0	282	4654	1950	https://www.ebi.ac.uk/pride/archive/projects/PXD062870	False
PXD062943	80b5a1ce95dccd47c733f49d25e336fa3d963442a2792815d8f70481fc711e33	pride	True	False	True	True	True	888	0	359	1170	1314	https://www.ebi.ac.uk/pride/archive/projects/PXD062943	False
PXD062944	4b3ec29d4754818320c5e7d02b836f375bf75772e6e514cf273af2b2d6c336e1	pride	True	False	True	True	True	410	0	309	752	1010	https://www.ebi.ac.uk/pride/archive/projects/PXD062944	False
PXD062962	bd3e0e4bb6a394e2d034cd7f0dcebae4ba29a9a42692865b4625b9da1c601ed5	pride	True	False	True	True	True	1462	0	410	1313	151	https://www.ebi.ac.uk/pride/archive/projects/PXD062962	False
PXD062969	6bb4d8c42789b0391f80d74540b827e6e4935fe860151e9d25fe64f9b54f3df2	pride	True	False	True	True	True	1218	0	373	2753	2255	https://www.ebi.ac.uk/pride/archive/projects/PXD062969	False
PXD063002	ad34e572048ab2a907a9ed54f15410436f8a9cce720e25f217eac572e8bcb101	pride	True	False	True	True	True	1449	0	392	3495	1008	https://www.ebi.ac.uk/pride/archive/projects/PXD063002	False
PXD063020	6689c6baa59555e1811db5ca6f44575baec72c967b97ddec5e6c11048ebcc269	pride	True	False	True	True	True	284	0	382	1148	204	https://www.ebi.ac.uk/pride/archive/projects/PXD063020	False
PXD063023	28dd1cc7d686580f7cb72ac3b988ba89fd11fb903395d3d3dfed4d156157e3b7	pride	True	False	True	True	True	351	0	293	1242	455	https://www.ebi.ac.uk/pride/archive/projects/PXD063023	False
PXD063024	f3792b2ce86b537b4cc15357e4b7d2205baad19e760c557138ab3b0a9992440d	pride	True	False	True	True	True	1066	0	456	4565	885	https://www.ebi.ac.uk/pride/archive/projects/PXD063024	False
PXD063058	840207415186a165a1bdd58c54cb1db543767ef351dbed07fbd02bf8274a5d60	pride	True	True	True	True	True	1334	12614	364	1303	1926	https://www.ebi.ac.uk/pride/archive/projects/PXD063058	False
PXD063060	d48033822644187fc86ec95cacdffe9a8112af5d19730541c408c6e0104409ed	pride	True	True	True	True	True	2003	20916	376	4416	856	https://www.ebi.ac.uk/pride/archive/projects/PXD063060	False
PXD063082	4327b1d7dd3ea77d058a737074c75a0554386cd4d0871f611092d128c84047a4	pride	True	True	True	True	True	1160	18275	457	1236	1986	https://www.ebi.ac.uk/pride/archive/projects/PXD063082	False
PXD063142	dfdabd302ce6188c876b1419e5ebbd4d2ca87e31c7e851fba30989cd1164df5c	pride	True	False	True	True	True	1503	0	597	4642	2074	https://www.ebi.ac.uk/pride/archive/projects/PXD063142	False
PXD063179	fc006989c27d543acd673fe7dfda7c7bf2a9cd70992e74192b9764c42b512e53	pride	True	True	True	True	True	552	91838	285	2949	901	https://www.ebi.ac.uk/pride/archive/projects/PXD063179	False
PXD063183	7b893d3b317dc28b354ad5d32767fa789e380e8c13367e5108c204935243fa59	pride	True	False	True	True	True	1413	0	354	1337	1151	https://www.ebi.ac.uk/pride/archive/projects/PXD063183	False
PXD063253	5df33353fac58461326031c90573b32a2e394dcaf7ff688214cbb4c94f9c4ac9	pride	True	False	True	True	True	1079	0	383	4966	1360	https://www.ebi.ac.uk/pride/archive/projects/PXD063253	False
PXD063283	3559c776e72c3abcbe60f5f886876f8258848c563c2ed991128e77d9ae303d2e	pride	True	False	True	True	True	1526	0	396	3130	4976	https://www.ebi.ac.uk/pride/archive/projects/PXD063283	False
PXD063325	ac4480569fac758d317e3d0c764c916b9ef6fe3a3256faa08962c271476d6852	pride	True	False	True	True	True	322	0	332	742	789	https://www.ebi.ac.uk/pride/archive/projects/PXD063325	False
PXD063349	168355b1947792a5374d680b458f91ef5d807cebeb0a98aaa294595c58950578	pride	True	False	True	True	True	1049	0	478	391	363	https://www.ebi.ac.uk/pride/archive/projects/PXD063349	False
PXD063372	64236794c4b46369266215bf512ea5c18bcc26ae67ba6c61055c999e4e1477d4	pride	True	False	True	True	True	1365	0	424	2836	634	https://www.ebi.ac.uk/pride/archive/projects/PXD063372	False
PXD063447	39db744c885ea55aa44b8ac3db2607ab902d3e1d7af8c219433840cc75817fed	pride	True	True	True	True	True	429	20523	423	2894	474	https://www.ebi.ac.uk/pride/archive/projects/PXD063447	False
PXD063455	8b481e4a7cfddf2c582cace89f48ebab235333248dfc27b1d0f6923d044f0a10	pride	True	False	True	True	True	358	0	356	4478	1010	https://www.ebi.ac.uk/pride/archive/projects/PXD063455	False
PXD063461	e7eb27bfe92bca6426c080d3273f9aae2e1ae282872a6737cd71415ca92b05a3	pubmed	True	False	True	True	True	1947	0	410	1223	533	https://www.ebi.ac.uk/pride/archive/projects/PXD063461	False
PXD063465	ac3d25adf72f59c0feab49bbe6023c607eccfb8771d37a7ca2fb5b667d514e21	pride	True	False	True	True	True	1272	0	234	3291	738	https://www.ebi.ac.uk/pride/archive/projects/PXD063465	False
PXD063466	5fa68f8f38874aeb7af4bfc1a47957fe1e9a99b88fbfd90bae9c868e41119919	pride	True	False	True	True	True	1272	0	230	3296	738	https://www.ebi.ac.uk/pride/archive/projects/PXD063466	False
PXD063479	d097bf29b182e2a4b910552dd7b7b90e3f691137a4ac433626b5e06c27888b24	pride	True	True	True	True	True	1521	39455	328	3550	600	https://www.ebi.ac.uk/pride/archive/projects/PXD063479	False
PXD063516	b63539a9e49863f739dfc2afd78d978d7e8bafee309ffe63ec2b04dab2f4b8dc	pride	True	False	True	True	True	1273	0	230	3290	738	https://www.ebi.ac.uk/pride/archive/projects/PXD063516	False
PXD063521	eca3fefb6356f74a191e1f5919c223633044a587b01ed12355529346d1b44dc9	pride	True	False	True	True	True	132	0	237	2488	779	https://www.ebi.ac.uk/pride/archive/projects/PXD063521	False
PXD063526	6d14d5ab71b2199d13e2b34a45e26394545cbc05cb346c889c8e35e772dbd296	pride	True	False	True	True	True	1723	0	338	1887	3383	https://www.ebi.ac.uk/pride/archive/projects/PXD063526	False
PXD063535	65877af529a0a6f4c4c2befcf0d5fc62fcc2e099927ee1b8a644dc014def16d3	pride	True	False	True	True	True	1174	0	223	3264	738	https://www.ebi.ac.uk/pride/archive/projects/PXD063535	False
PXD063537	5f79275637148b6e2b7c0b799c97a1e2e3d15ed03ae29331eef90549c3c21695	pride	True	False	True	True	True	509	0	272	465	1154	https://www.ebi.ac.uk/pride/archive/projects/PXD063537	False
PXD063550	1cbf90257083060559690c6dfacbf2ac1dfcd6922d5ee65404eeef891e6c14a3	pride	True	False	True	True	True	1644	0	378	3430	1306	https://www.ebi.ac.uk/pride/archive/projects/PXD063550	False
PXD063553	ab8e160f53d8fccd80538ed1095ee0a5ad6f38674d473eceda56a8d834baba3e	pride	True	False	True	True	True	391	0	324	4954	2276	https://www.ebi.ac.uk/pride/archive/projects/PXD063553	False
PXD063563	451e59ebdf60bf9440d08e05e427c25982c929144d801493a3bef63a662b30a4	pride	True	False	True	True	True	1272	0	223	3292	738	https://www.ebi.ac.uk/pride/archive/projects/PXD063563	False
PXD063595	d32c0996cc30aa77efddbacbab723c6e36839bf231f56e242c33a41b5bcf9623	pubmed	True	False	True	True	True	1143	0	420	1779	390	https://www.ebi.ac.uk/pride/archive/projects/PXD063595	False
PXD063628	d3269db05e79ef72d92a395a6996fb322c4faa407f2e23b4bb7618f85a508cb7	pride	True	False	True	True	True	121	0	249	1175	338	https://www.ebi.ac.uk/pride/archive/projects/PXD063628	False
PXD063671	758db9da3837190f72945a35caef7708193a0da94dc95c07a8af3c862a832b08	pride	True	False	True	True	True	1569	0	381	3001	1671	https://www.ebi.ac.uk/pride/archive/projects/PXD063671	False
PXD063682	08052a6cbb8bfaac43b13cad5db6abe83f2fee6d0ac64dc179882b2186bde28c	pride	True	True	True	True	True	1390	12279	279	500	945	https://www.ebi.ac.uk/pride/archive/projects/PXD063682	False
PXD063716	f4b19dea6c0ea36b15ed8b4add906407f2d32053aeef65a18bd689dea0bb6ad6	pride	True	False	True	True	True	1966	0	486	416	660	https://www.ebi.ac.uk/pride/archive/projects/PXD063716	False
PXD063721	1956f507a67705cc02f9d1e616c1b8f474754768b6d81b50905e5fcef96b78f4	pride	True	False	True	True	True	895	0	256	2762	654	https://www.ebi.ac.uk/pride/archive/projects/PXD063721	False
PXD063819	3e087b37cae94816fc562add3a2c5c1c167b8c7b97ea168e7334579041dc14f8	pride	True	False	True	True	True	143	0	397	1923	1190	https://www.ebi.ac.uk/pride/archive/projects/PXD063819	False
PXD063822	5a6029cf81f24348d5cbc8ee64a2aa1a95fc6174fefba24aebe38b8fe9e3aea0	pride	True	False	True	True	True	324	0	412	512	186	https://www.ebi.ac.uk/pride/archive/projects/PXD063822	False
PXD063825	1f76677ce0c3efe93ce07128c76cc8823964920c09abe7875322cb107a770aa1	pride	True	False	True	True	True	444	0	326	4736	1565	https://www.ebi.ac.uk/pride/archive/projects/PXD063825	False
PXD063836	e6019cea39b73806286949d86a511110dad4e60f335fba54a442d40a4e7ca1cb	pride	True	False	True	True	True	1233	0	210	892	1436	https://www.ebi.ac.uk/pride/archive/projects/PXD063836	False
PXD063840	02488c6b37edfe9a26328a1f5299a3e9f8d96b7cc1915fac9d10b024dff87129	pride	True	False	True	True	True	683	0	247	1326	1154	https://www.ebi.ac.uk/pride/archive/projects/PXD063840	False
PXD063859	fc8f9af84621ca9d7a549e9ffa8ede2d2177653d99538bbad32142175e490a8b	pride	True	False	True	True	True	683	0	229	1326	1154	https://www.ebi.ac.uk/pride/archive/projects/PXD063859	False
PXD063864	3af4da5b1d1ce0f646b874a92f5e1318b7d2782dcfcf140b82f935fcbc13101a	pride	True	False	True	True	True	683	0	234	1326	1154	https://www.ebi.ac.uk/pride/archive/projects/PXD063864	False
PXD063935	accd45667ae2071ddea2b5719dff89175511212b6d176de3273d1c9637cb7e32	pride	True	True	True	True	True	958	15450	466	4846	1910	https://www.ebi.ac.uk/pride/archive/projects/PXD063935	False
PXD063955	2effec08df260846d35a6d3b782a2e0edffd81502dc6602543e88e9e12461124	pride	True	True	True	True	True	1412	48816	319	927	840	https://www.ebi.ac.uk/pride/archive/projects/PXD063955	False
PXD063964	d16cdb5b8acf47a6a3969f77799fd48ea926ad0c8a5d51ca1c23d7dea977284d	pride	True	False	True	True	True	1347	0	276	2833	1260	https://www.ebi.ac.uk/pride/archive/projects/PXD063964	False
PXD063965	f2383faf1b39950deb4db146759c92b3d0cd9460226ab332755b48d9b51b2cd3	pride	True	False	True	True	True	1025	0	454	2003	1151	https://www.ebi.ac.uk/pride/archive/projects/PXD063965	False
PXD063969	0b7933329eb63107e383408fb21da60e96002df430d8a76a65a0a111b167fdf4	pride	True	True	True	True	True	1533	6863	411	1605	1777	https://www.ebi.ac.uk/pride/archive/projects/PXD063969	False
PXD063977	1037bb86ad62596a94da26b39dc71ff865899f6fac46e9b7f507c78b1b8a3a74	pride	True	False	True	True	True	1113	0	370	1725	1773	https://www.ebi.ac.uk/pride/archive/projects/PXD063977	False
PXD063983	3116ea40fc18ba2b132ada2101602e09954f35b7670ec9b4f7af300f242d62ca	pride	True	True	True	True	True	1757	12555	236	4271	803	https://www.ebi.ac.uk/pride/archive/projects/PXD063983	False
PXD063995	6dcb2f65308a85d432d233ab5da4c1b368e15b06e3a6661783e5cc505c0540f2	pride	True	True	True	True	True	1726	13410	326	4983	2056	https://www.ebi.ac.uk/pride/archive/projects/PXD063995	False
PXD064004	80f81e46b45a8769e6f909f70920b1bce8a156ebc21746981cef2657b9e62cf6	pubmed	True	False	True	True	True	744	0	216	857	675	https://www.ebi.ac.uk/pride/archive/projects/PXD064004	False
PXD064007	373edf6ecdf75ad2ccbf3b8d171bcbfcae98dff7444a55fb5e5b69fd00e15cad	pride	True	False	True	True	True	1874	0	441	2171	1754	https://www.ebi.ac.uk/pride/archive/projects/PXD064007	False
PXD064016	07e6fad4014fc699a1f8c3d9866004d37483fb43ff0c1809c1b6f5e594c0bdc0	pride	True	True	True	True	True	209	15582	289	588	341	https://www.ebi.ac.uk/pride/archive/projects/PXD064016	False
PXD064062	91ef4e61971479f1ec693ace183b82e8323ba9dce0ba198638d93c7adaa49f46	pride	True	True	True	True	True	1376	22208	270	391	313	https://www.ebi.ac.uk/pride/archive/projects/PXD064062	False
PXD064064	06771b904adc5d5b9fddff678c971041bb81675f7c6f85a394c733efc3464204	pride	True	True	True	True	True	1265	20492	275	1818	1286	https://www.ebi.ac.uk/pride/archive/projects/PXD064064	False
PXD064066	e48d41060d6816bdfa03b235ebee1f9a8a5e8ed4cdc3e0a2856afaf1c0d86b26	pride	True	False	True	True	True	1090	0	246	1203	778	https://www.ebi.ac.uk/pride/archive/projects/PXD064066	False
PXD064067	d96631a11570f9aa80702246bbf7d3a5d3b0544a15d1535a1bdf88eb0c430877	pride	True	False	True	True	True	992	0	353	4262	1711	https://www.ebi.ac.uk/pride/archive/projects/PXD064067	False
PXD064116	de7872a1c54ec1c03edba6ee646456eac56982d267b145f524b921a59bd8590a	pride	True	False	True	True	True	161	0	312	1950	1129	https://www.ebi.ac.uk/pride/archive/projects/PXD064116	False
PXD064117	3fabaf3daa12c3a13299ef4512de2b29f283a2627eaef11ac7bbaa6fb3accace	pride	True	False	True	True	True	1085	0	296	1887	215	https://www.ebi.ac.uk/pride/archive/projects/PXD064117	False
PXD064125	20dc8b0678efbb7c0b7f4022620c393977225c8869f2c4f6b2061ee511065b85	pride	True	True	True	True	True	2280	8504	447	610	324	https://www.ebi.ac.uk/pride/archive/projects/PXD064125	False
PXD064146	d67c535658927df0a68ad05f56ca9f48e3acfd506d62d946fe8e74f747668ac1	pride	True	False	True	True	True	1552	0	341	4933	834	https://www.ebi.ac.uk/pride/archive/projects/PXD064146	False
PXD064197	50c168e8014cb5b5ac960d0ad24922748401c40937011e0faef361a4240ba2f6	pride	True	False	True	True	True	1277	0	327	1030	925	https://www.ebi.ac.uk/pride/archive/projects/PXD064197	False
PXD064199	283776aabbc9140828cb2dfcb151046a8558c2da7d4c39fbb50d2f0cceb89396	pride	True	True	True	True	True	658	18749	347	2617	1683	https://www.ebi.ac.uk/pride/archive/projects/PXD064199	False
PXD064236	c94309c2786ab3d6ba810fbefcdc65933d042d298aaa30fb6045b7878c988e53	pride	True	False	True	True	True	1463	0	207	2393	732	https://www.ebi.ac.uk/pride/archive/projects/PXD064236	False
PXD064244	db79a539df83983119ea4bedccace462080b57b30bbfb99c33e3e404383036c4	pride	True	False	True	True	True	1959	0	226	2837	1146	https://www.ebi.ac.uk/pride/archive/projects/PXD064244	False
PXD064257	4c1afd9560f865faeee50436b98b9a39a38a8c1f7a39b15ee719a10ebabde7aa	pride	True	False	True	True	True	1985	0	327	2345	1432	https://www.ebi.ac.uk/pride/archive/projects/PXD064257	False
PXD064262	5b1674a4c3aad35343ea7d5e7eae7a675d16fa8a48f63143a96c5eb8c529b01b	pride	True	False	True	True	True	1669	0	359	1779	812	https://www.ebi.ac.uk/pride/archive/projects/PXD064262	False
PXD064265	82a0937d63b202f1283495e292156c7e93afe6f0cd693f689de89930721e5e13	pride	True	False	True	True	True	1938	0	245	3571	595	https://www.ebi.ac.uk/pride/archive/projects/PXD064265	False
PXD064288	b078ef46df3e8b7840f41dba623f69955fb62e85d7b2c17c2228900f071d50ef	pride	True	False	True	True	True	1102	0	293	2898	1529	https://www.ebi.ac.uk/pride/archive/projects/PXD064288	False
PXD064434	871426fb1bd0d426350d4942b9bde16fbd2a0fcba24a55a05e119906763dd8aa	pride	True	False	True	True	True	218	0	346	3437	303	https://www.ebi.ac.uk/pride/archive/projects/PXD064434	False
PXD064439	16ca9202f233ac1ae30abff911f102df556626e0a8ce0bad46198fe7364c5061	pride	True	False	True	True	True	1197	0	379	2353	980	https://www.ebi.ac.uk/pride/archive/projects/PXD064439	False
PXD064455	2605c95d3225d283081052834d554164511d2935413a9050a019c22d2f6bd37a	pride	True	False	True	True	True	1594	0	280	2325	921	https://www.ebi.ac.uk/pride/archive/projects/PXD064455	False
PXD064458	97d0f3c9bd6b914226d49df1156a725039157ee6e6d536540b30e56b815c69f9	pride	True	True	True	True	True	155	12092	380	3473	1885	https://www.ebi.ac.uk/pride/archive/projects/PXD064458	False
PXD064464	33f6c189c6692d0c971bf276519a7cc39920cabc35711927f44a574264e0800c	pubmed	True	False	True	True	True	2792	0	362	2010	876	https://www.ebi.ac.uk/pride/archive/projects/PXD064464	False
PXD064519	e3733358a422e4a97ba937c75af0914c165c182784f8b6934e30ce9110c677e6	pride	True	True	True	True	True	238	22229	303	4328	3083	https://www.ebi.ac.uk/pride/archive/projects/PXD064519	False
PXD064523	8614a10fb85616364c5463205612800e21eec96c338f9e0474aca69c93e43bad	pride	True	True	True	True	True	2375	7259	392	2047	1684	https://www.ebi.ac.uk/pride/archive/projects/PXD064523	False
PXD064560	10deea6a0c581ac2efd53f609c83b9305279bc9a8776080f741b55de9acd852f	pride	True	True	True	True	True	1419	26522	274	2021	553	https://www.ebi.ac.uk/pride/archive/projects/PXD064560	False
PXD064564	0359d0f1e0a2640ea7e527533961df2e037658ceb6058c28547e7f72ecbe91c0	pride	True	True	True	True	True	1817	16236	454	1216	1283	https://www.ebi.ac.uk/pride/archive/projects/PXD064564	False
PXD064568	209e22c12118e4382e657dc4020d4954996636b82e20f6e75e73803d479c7b2b	pride	True	False	True	True	True	1786	0	340	2949	684	https://www.ebi.ac.uk/pride/archive/projects/PXD064568	False
PXD064573	e516dad4d73078a03c9d1d499131bfdb599faa7581e8bee9255acddff389ed61	pride	True	True	True	True	True	2196	8916	295	1301	1782	https://www.ebi.ac.uk/pride/archive/projects/PXD064573	False
PXD064632	55908129e755b3874b93b66d19f7b997141ec6929c6806b28975cb188df7ef44	pride	True	False	True	True	True	1217	0	379	1767	1272	https://www.ebi.ac.uk/pride/archive/projects/PXD064632	False
PXD064634	f5bdcd69cbd88a33d41935837d30955ae0664a8bcbb605c990ed6ea62ae79ba1	pride	True	False	True	True	True	753	0	397	4323	3259	https://www.ebi.ac.uk/pride/archive/projects/PXD064634	False
PXD064640	3ca3282a4ce7d8fb2b78975d6795cd99f0e05c4ef14b4e30b9237c085d8bd92d	pride	True	False	True	True	True	193	0	373	1023	2609	https://www.ebi.ac.uk/pride/archive/projects/PXD064640	False
PXD064671	07c3ad710ad13689a174478ef60eb2f5d2a896152802618e020d3e57502f11eb	pride	True	True	True	True	True	1122	16473	289	358	237	https://www.ebi.ac.uk/pride/archive/projects/PXD064671	False
PXD064727	599c123177b9869d89a353ac31f8175eaff52941d3a72ef5564bc0b996f1f5ab	pubmed	True	False	True	True	True	1644	0	362	851	2263	https://www.ebi.ac.uk/pride/archive/projects/PXD064727	False
PXD064751	e82fd00757149f056b77b4b11595a3adf1d9c05ceffd74dc62896a1c778b8566	pride	True	False	True	True	True	800	0	344	1336	744	https://www.ebi.ac.uk/pride/archive/projects/PXD064751	False
PXD064784	66c5c7f05cdf0553d4d7d0ba63bc19d96adcb33c3768c7538013906e17aaa92f	pride	True	True	True	True	True	1359	13032	374	1189	2577	https://www.ebi.ac.uk/pride/archive/projects/PXD064784	False
PXD064787	17368a5f851ea615bac00c38ee87ef49f91922b613276149eb7cfa7580173aab	pride	True	True	True	True	True	959	14913	308	1273	899	https://www.ebi.ac.uk/pride/archive/projects/PXD064787	False
PXD064788	1d519c2dfc3f38db4b4386d75208c342d63dc18fd8aac3c7b676e451fb144213	pride	True	True	True	True	True	1707	11353	375	4000	3076	https://www.ebi.ac.uk/pride/archive/projects/PXD064788	False
PXD064794	a81318902640926ed9232cfd5fdd33aa59eb519ed44457d10b6e1d0909efb935	pride	True	False	True	True	True	2177	0	324	412	2676	https://www.ebi.ac.uk/pride/archive/projects/PXD064794	False
PXD064834	7db816273df6a78b17a29e08e733ed86fbddae451f7e6d4e19976264a713a379	pride	True	False	True	True	True	444	0	229	1920	1466	https://www.ebi.ac.uk/pride/archive/projects/PXD064834	False
PXD064844	5c79f7bbc6561914e47c2bda5284d26f8d718f92d53cd5e66ee2ae1cfd753015	pride	True	False	True	True	True	4441	0	266	3535	1554	https://www.ebi.ac.uk/pride/archive/projects/PXD064844	False
PXD064850	b3c12f9db1168297bd9815a244a11dffabe6ae4842dd2e268404446ebb2a10cd	pride	True	True	True	True	True	1636	38578	260	988	407	https://www.ebi.ac.uk/pride/archive/projects/PXD064850	False
PXD064858	3b02cfe129cfba7c8165fb279ce33b2bac01c49ed08663bbafb8a3478efcdd80	pride	True	False	True	True	True	308	0	219	426	637	https://www.ebi.ac.uk/pride/archive/projects/PXD064858	False
PXD064871	5d07f8bd185bd56a5bc35f650bd9a692aa131e588f60068ea4a64d69bdd95468	pride	True	False	True	True	True	1219	0	275	3234	1156	https://www.ebi.ac.uk/pride/archive/projects/PXD064871	False
PXD064926	880b83560ba73b41411951a81fbc5d9ec664919b8ffc117b2034ea606dcc8054	pride	True	False	True	True	True	1025	0	430	3686	1108	https://www.ebi.ac.uk/pride/archive/projects/PXD064926	False
PXD064950	0d8a7f3cbe80ba7cddd3d5154771893c82815b52df78331f3da1782e749c7243	pride	True	False	True	True	True	1696	0	316	3940	606	https://www.ebi.ac.uk/pride/archive/projects/PXD064950	False
PXD064985	dec98b4ed9a011b1d1645ffe48620690695145b34363a3fc9e7b58caa0bda930	pride	True	False	True	True	True	1357	0	288	2425	1021	https://www.ebi.ac.uk/pride/archive/projects/PXD064985	False
PXD065001	c6ae7511d4656075d0fb0457c108a4130e0653768636c2e52b318cbd7d05ac49	pride	True	False	True	True	True	826	0	277	547	1068	https://www.ebi.ac.uk/pride/archive/projects/PXD065001	False
PXD065024	590bdedf688be8625346acee2fd2df92162159522decd70fc65d7369b6953bdc	pride	True	False	True	True	True	1853	0	527	4929	3206	https://www.ebi.ac.uk/pride/archive/projects/PXD065024	False
PXD065042	b7c64479a163c46ee6783257d6d4f18ab4fcd899325425e59750549318e5db24	pride	True	True	True	True	True	1488	14902	291	1274	295	https://www.ebi.ac.uk/pride/archive/projects/PXD065042	False
PXD065168	b604ca65346b0d97aac9a1acbffad37a6af3286b8915c688064d76d650be98e4	pride	True	True	True	True	True	872	22645	273	1128	1208	https://www.ebi.ac.uk/pride/archive/projects/PXD065168	False
PXD065200	e36519cc8023ecdd881c8d8e763a42b823997b85edd3b142160f92507e176e70	pride	True	False	True	True	True	404	0	347	561	860	https://www.ebi.ac.uk/pride/archive/projects/PXD065200	False
PXD065292	57b1f4fb97b4ce1267b1d9a80ad69334d7e32a3651eb1bde4277406303bc19d6	pride	True	False	True	True	True	1133	0	250	1554	524	https://www.ebi.ac.uk/pride/archive/projects/PXD065292	False
PXD065332	1f28312fcd01921f13caa505b823ddd50c65001314b06b44f4986a83db5f97d9	pride	True	True	True	True	True	269	16770	259	694	573	https://www.ebi.ac.uk/pride/archive/projects/PXD065332	False
PXD065335	172de3d8a6097e8391e89c3da6ea6d3117520c3eebfd155a3f3bf12878453698	pride	True	False	True	True	True	460	0	285	2481	2648	https://www.ebi.ac.uk/pride/archive/projects/PXD065335	False
PXD065357	53a171425ef8524a1a0470835b547388f4c8e92efc838449cb53e2f0a492560d	pride	True	False	True	True	True	1027	0	351	3889	1364	https://www.ebi.ac.uk/pride/archive/projects/PXD065357	False
PXD065424	95203e6b6018e79a05aae200e86f670e6dd1fa39d292176db32e47dcfbb3ddd8	pride	True	False	True	True	True	99	0	259	2836	711	https://www.ebi.ac.uk/pride/archive/projects/PXD065424	False
PXD065453	341466bfc56c82e5f1a73c9acef69641fb42f847ef1e49f7665a93e3a1193de1	pride	True	True	True	True	True	1226	17052	270	1835	742	https://www.ebi.ac.uk/pride/archive/projects/PXD065453	False
PXD065461	d2cbc35716eba8538f347e00efcdb52118e665bc38b726256a73ccd2687de093	pride	True	False	True	True	True	1095	0	296	497	470	https://www.ebi.ac.uk/pride/archive/projects/PXD065461	False
PXD065493	19d01cd7daabb783daef1f0a819dca901107e231e316eb4c849edf12bdd867de	pride	True	False	True	True	True	1644	0	409	932	879	https://www.ebi.ac.uk/pride/archive/projects/PXD065493	False
PXD065497	592be89244948a7b38a7881959207a92926126adacf3b7663097a2f0ba3480e7	pride	True	False	True	True	True	158	0	384	3638	854	https://www.ebi.ac.uk/pride/archive/projects/PXD065497	False
PXD065517	2fc60bf9080e66981c60e139ef6aa982e6b8ace78131f9c79857afdafbe31c65	pride	True	False	True	True	True	111	0	229	74	79	https://www.ebi.ac.uk/pride/archive/projects/PXD065517	False
PXD065520	7f927d1695c738bdfe3468e1025da8093a1b608eeadd50aa2cb198e15d2ea462	pride	True	True	True	True	True	1786	13914	477	3730	2745	https://www.ebi.ac.uk/pride/archive/projects/PXD065520	False
PXD065566	08ccf73afcf32e941a5ecb5bb98744db6235db264c8f1063417e31e0e7f8688e	pride	True	False	True	True	True	1303	0	362	2170	1070	https://www.ebi.ac.uk/pride/archive/projects/PXD065566	False
PXD065571	223ceb07f5ba0b3d4d36b912e90fde0d928d0ca44bcb89aa4cedfdeda7ce87cb	pride	True	False	True	True	True	1064	0	371	4996	1067	https://www.ebi.ac.uk/pride/archive/projects/PXD065571	False
PXD065702	28e4ac4d0403bb5bfc3e30b05cb1f56325267d16db92533f6274795652b7d39a	pride	True	True	True	True	True	1774	14128	376	3305	435	https://www.ebi.ac.uk/pride/archive/projects/PXD065702	False
PXD065794	f139ce424b8dbc919a017f01142e1e8db0967421b9de2d35cebf3ba80e2af7e9	pride	True	False	True	True	True	1098	0	258	2031	1036	https://www.ebi.ac.uk/pride/archive/projects/PXD065794	False
PXD065854	3dc1c2b4531f990ff3270082c2515ca4e85ae396a2879726552ba812a2c28f87	pride	True	False	True	True	True	1266	0	404	1809	1109	https://www.ebi.ac.uk/pride/archive/projects/PXD065854	False
PXD065898	9388e01909e25ff27adfeca92c04f1422de9ea9050f5244ba0e4b300a94f854a	pride	True	False	True	True	True	1042	0	393	541	1085	https://www.ebi.ac.uk/pride/archive/projects/PXD065898	False
PXD065914	c995ef949359bb040e9572ae11cb703b621aca0c0ad5d2c88b9c9117adfde721	pride	True	True	True	True	True	114	12062	274	147	136	https://www.ebi.ac.uk/pride/archive/projects/PXD065914	False
PXD065922	5da315ad13b0bc5ac8ce256392fdb945e570dec6f42c1a9f9412c7f9d7781f90	pride	True	True	True	True	True	111	12062	278	142	260	https://www.ebi.ac.uk/pride/archive/projects/PXD065922	False
PXD065965	42e6a72cc89636699c4edf69d3806378185538ed9e6a6e1a7e6b19db7f91a5f4	pride	True	False	True	True	True	341	0	380	732	583	https://www.ebi.ac.uk/pride/archive/projects/PXD065965	False
PXD065993	006df0e80cd1bdd4f30bc0dd11285403deec1906810abe3b0fcc9a3fb2fdb277	pride	True	True	True	True	True	1774	14128	425	4939	355	https://www.ebi.ac.uk/pride/archive/projects/PXD065993	False
PXD066010	a0ef07efc22081c7f05c79618d8ec0d9f005621acb87548c8cbe9ac1b498fec1	pride	True	True	True	True	True	200	7601	271	4144	2177	https://www.ebi.ac.uk/pride/archive/projects/PXD066010	False
PXD066017	f849a66a0681099e8dbef5e10e2ffb047649f7ad667a7d0e7a43143ef9fa6126	pride	True	False	True	True	True	1654	0	388	1459	975	https://www.ebi.ac.uk/pride/archive/projects/PXD066017	False
PXD066029	dc7bafe1df8db648ccf0ec51a9f2c7024825df2591e9c928f996a2287d7dd935	pride	True	False	True	True	True	1106	0	303	1519	946	https://www.ebi.ac.uk/pride/archive/projects/PXD066029	False
PXD066033	c8551a29d9bf25b445a3142352ddf942fbd30fc5d05b9b538883250a1915e421	pride	True	False	True	True	True	1199	0	387	3437	2397	https://www.ebi.ac.uk/pride/archive/projects/PXD066033	False
PXD066083	5d9d74466383d6f21dc72e19be31ee45e385a2b6f37c86b9407ff8c7e15c4f70	pride	True	False	True	True	True	1207	0	330	2132	3363	https://www.ebi.ac.uk/pride/archive/projects/PXD066083	False
PXD066132	c56069d482bd2a26c52d76ac63e777dcc5ae370e5aaab29ea06e58c0c50906cf	pride	True	False	True	True	True	80	0	255	2358	690	https://www.ebi.ac.uk/pride/archive/projects/PXD066132	False
PXD066134	f70b37ea68469b99588b5a539732045d33bae0aa649c7a631757519c0ad99d06	pride	True	False	True	True	True	87	0	231	2689	819	https://www.ebi.ac.uk/pride/archive/projects/PXD066134	False
PXD066206	670ffdd934dac95d110d765f8bd21174e83e384f72dd5e60a838f8c13624b590	pride	True	False	True	True	True	1804	0	526	1396	2853	https://www.ebi.ac.uk/pride/archive/projects/PXD066206	False
PXD066215	606f8cd5a187a7d873eac4db8cd947aaaf9ef41072831de91b77968fb8ca3bb6	pride	True	False	True	True	True	1211	0	334	3825	1015	https://www.ebi.ac.uk/pride/archive/projects/PXD066215	False
PXD066224	5b1e321834b2bfe74080616e6c2584bd632034104a7199b1322102fde6da43c3	pride	True	True	True	True	True	1662	31434	394	3061	2801	https://www.ebi.ac.uk/pride/archive/projects/PXD066224	False
PXD066251	afa5e4d2affad51a6df8625a08f5b4bc182fc7ebdcecd61bbc6ea10045a2d1d9	pride	True	False	True	True	True	133	0	271	392	332	https://www.ebi.ac.uk/pride/archive/projects/PXD066251	False
PXD066260	bd347a888fe0348ea1f7126538386e53caca014fa7e74873bf186b6cc49d1547	pride	True	False	True	True	True	110	0	300	1345	473	https://www.ebi.ac.uk/pride/archive/projects/PXD066260	False
PXD066393	62894a3fdfbf822f745a26feea2bfbfb213b68d30e82bf9f9fb25be3a7787d3e	pride	True	True	True	True	True	615	21429	519	663	650	https://www.ebi.ac.uk/pride/archive/projects/PXD066393	False
PXD066461	8b02fff609fd17143ffd5cf90184727bfa23f9b47f13d37d2764b9628a1ad48e	pride	True	False	True	True	True	653	0	270	1113	707	https://www.ebi.ac.uk/pride/archive/projects/PXD066461	False
PXD066470	7c61ee2e3b41154342bbb6821f94b29a82e79690ce918ffa9a3e087425841853	pride	True	False	True	True	True	254	0	294	1866	473	https://www.ebi.ac.uk/pride/archive/projects/PXD066470	False
PXD066557	436e810869e997b5ac6f7d17b0f7707ccdf1b9cd4fe4cd32a5b7518660b87c37	pride	True	False	True	True	True	581	0	409	771	609	https://www.ebi.ac.uk/pride/archive/projects/PXD066557	False
PXD066614	7fedc04ca900032a08762322e7792957878bda9edf7958c7c40bb52d2fc40ea4	pride	True	False	True	True	True	1101	0	294	3559	2171	https://www.ebi.ac.uk/pride/archive/projects/PXD066614	False
PXD066622	44c34f0b15296f5c9473904297b85d388a1207d3b5de0a27be57a6d30d7e4289	pride	True	False	True	True	True	1563	0	278	3848	807	https://www.ebi.ac.uk/pride/archive/projects/PXD066622	False
PXD066679	d6a1ccc715ddb1e15a0bc0f98114f5a04395e1fe845386f14404860be543e191	pride	True	False	True	True	True	1230	0	344	4141	3300	https://www.ebi.ac.uk/pride/archive/projects/PXD066679	False
PXD066711	dfb8957d0b6a5c005e0957d40c7e8bd4791abdd1aa36de440aebb096daab6b0d	pride	True	True	True	True	True	1874	9864	383	2001	1091	https://www.ebi.ac.uk/pride/archive/projects/PXD066711	False
PXD066795	c31c53773cd2330650f67c8d6540f4996c873c0dd9fd8f4ca3c0b98de2e5c493	pride	True	False	True	True	True	1071	0	317	969	767	https://www.ebi.ac.uk/pride/archive/projects/PXD066795	False
PXD066872	cb7e722b37e2911ff95bbbe7eea3328f675935d02873961ea2a977287f186072	pride	True	False	True	True	True	792	0	386	3481	879	https://www.ebi.ac.uk/pride/archive/projects/PXD066872	False
PXD066874	ffe59b9c174539afb88141d475fd14d6796c9cb46de34bec1e686ddd59363e17	pride	True	True	True	True	True	1640	27013	360	2350	1131	https://www.ebi.ac.uk/pride/archive/projects/PXD066874	False
PXD066888	6103ca8acd59c7173e1ded1ee44b9bc3acbdd7d10e628a1443f1c55a139fb6e8	pride	True	False	True	True	True	1036	0	345	3796	859	https://www.ebi.ac.uk/pride/archive/projects/PXD066888	False
PXD066952	96c0b1364d274ac4ddfd7d295fca0f2c348b27bdf7a40191e51148c912385ff6	pride	True	True	True	True	True	1301	23802	290	1782	599	https://www.ebi.ac.uk/pride/archive/projects/PXD066952	False
PXD066998	c430c76bad306bfe1c627f33c7dec04abf5942ca7cfede8cb405242b3ec3c30c	pride	True	True	True	True	True	343	23119	340	1138	700	https://www.ebi.ac.uk/pride/archive/projects/PXD066998	False
PXD067064	2a97db3ad30922b8348e33de38b6c59b8e6f741414052951c8280adcde51c72f	pride	True	True	True	True	True	701	21946	332	2296	1357	https://www.ebi.ac.uk/pride/archive/projects/PXD067064	False
PXD067088	599b734318130163fe27017ff0792252978f5fed8d2cae05fccbd704b9f2392e	pride	True	True	True	True	True	853	59165	430	1860	2557	https://www.ebi.ac.uk/pride/archive/projects/PXD067088	False
PXD067102	4a7c5a69671471afbf3bdfd10e74c08032348a5f25a3935c83dc1c2787b342b1	pride	True	False	True	True	True	188	0	397	1518	959	https://www.ebi.ac.uk/pride/archive/projects/PXD067102	False
PXD067122	dbe7dd27a2eee5ecf143812d3eae669ccdefc753978978bbd9fa9d94697ae096	pride	True	False	True	True	True	1424	0	308	1422	1129	https://www.ebi.ac.uk/pride/archive/projects/PXD067122	False
PXD067153	219b2427d879f5eb47bb001960dbe103436398455c9c3dc3ba0d30f7263076a3	pride	True	False	True	True	True	695	0	371	3037	2154	https://www.ebi.ac.uk/pride/archive/projects/PXD067153	False
PXD067193	01297f9d646993b3d9672a8b89265e927bc3bae7dae8348baca3de73bcf8ac66	pride	True	True	True	True	True	1929	31043	404	3745	1689	https://www.ebi.ac.uk/pride/archive/projects/PXD067193	False
PXD067200	5ad614f11cab8cf5dfbf6fd451551ed347aa89bd4983d001e1d98fc237036afa	pride	True	False	True	True	True	1213	0	326	1228	485	https://www.ebi.ac.uk/pride/archive/projects/PXD067200	False
PXD067201	8769dd2c8fdd9baf457b6a7ff187f050cdf61c6036262d3234a2644129268ff3	pride	True	False	True	True	True	717	0	348	4816	2521	https://www.ebi.ac.uk/pride/archive/projects/PXD067201	False
PXD067213	c7ce6f2e2a4cf08487c342562c93d320267688b6ba12421c3fd79e4e6900c2d4	pride	True	False	True	True	True	1127	0	376	2784	2003	https://www.ebi.ac.uk/pride/archive/projects/PXD067213	False
PXD067220	d88083b2b88e807282be9dbcbed6841099b64f4161d7c62864e584e136528bd2	pride	True	False	True	True	True	724	0	384	3037	2154	https://www.ebi.ac.uk/pride/archive/projects/PXD067220	False
PXD067229	575a6d927cc2c70e8a182bda199d73fdbe868235de2ea399a0e01a009c2c612c	pride	True	False	True	True	True	654	0	370	3628	2521	https://www.ebi.ac.uk/pride/archive/projects/PXD067229	False
PXD067234	050aa989fbd27e31ed1a22e383eaa35e06bde8fd6a5e8fc0cd803549f2e53feb	pride	True	True	True	True	True	472	18939	287	3297	1353	https://www.ebi.ac.uk/pride/archive/projects/PXD067234	False
PXD067299	e820b87a74d938b94c763692ec733058d46a7fcf3f5ec4993cbb7a927784fc5a	pride	True	False	True	True	True	582	0	362	4216	2508	https://www.ebi.ac.uk/pride/archive/projects/PXD067299	False
PXD067324	59f5d07032fd243e9b88acf8af6c56ffd0ed8b413e6742ae7d36a269beffef83	pride	True	False	True	True	True	154	0	257	237	713	https://www.ebi.ac.uk/pride/archive/projects/PXD067324	False
PXD067414	f92058c39f369d7c90aed663ee2e80c0c2b48ae7353789a0ebdbf0fcd68c8142	pubmed	True	False	True	True	True	1064	0	440	991	1321	https://www.ebi.ac.uk/pride/archive/projects/PXD067414	False
PXD067474	89466e0d8caa72363db0199ab5ce95a8d63e35ea0c6b106462ff34986667a59f	pride	True	False	True	True	True	1392	0	312	1079	1453	https://www.ebi.ac.uk/pride/archive/projects/PXD067474	False
PXD067538	0a9aac30c7943e5fd5aae12fa4ea135894c68a8c44a073ea1ae2d1850cce5574	pride	True	False	True	True	True	1151	0	390	3398	909	https://www.ebi.ac.uk/pride/archive/projects/PXD067538	False
PXD067583	f267fb95b72b81951ed946d6ab1db7dd1280f870f13a4875a5f8583b4dd4f81e	pride	True	False	True	True	True	1392	0	321	1079	1453	https://www.ebi.ac.uk/pride/archive/projects/PXD067583	False
PXD067589	f33c52c4d3a5c7ce4d56858e13960186be8329c0b04a4e5bed1f709d2f1b9031	pride	True	False	True	True	True	597	0	234	483	550	https://www.ebi.ac.uk/pride/archive/projects/PXD067589	False
PXD067620	aaa7173d97ab42a09be7bc2c8d8103aa9ad3cd3e82605540effab46062721cfa	pride	True	False	True	True	True	1169	0	237	325	436	https://www.ebi.ac.uk/pride/archive/projects/PXD067620	False
PXD067622	b5006eb5531c21b9a7410372f9b56003ec5a0b937a2deabdf317126bbb593e9c	pride	True	False	True	True	True	1169	0	229	1380	409	https://www.ebi.ac.uk/pride/archive/projects/PXD067622	False
PXD067624	c37bd2ad17186dca664be01e870163a868078ffbdddb4b1038cc279ce4963404	pride	True	False	True	True	True	1169	0	259	3907	1452	https://www.ebi.ac.uk/pride/archive/projects/PXD067624	False
PXD067649	d489e21aa194ac5244146b07d73b366295f7f94b2f82910460b563ab9248454f	pride	True	False	True	True	True	1164	0	298	767	1201	https://www.ebi.ac.uk/pride/archive/projects/PXD067649	False
PXD067739	34a10bd2257804487c6dbc4a0fd13bfbf5afdd356588c6016a61f1246bdb054f	pride	True	False	True	True	True	623	0	211	3031	1577	https://www.ebi.ac.uk/pride/archive/projects/PXD067739	False
PXD067890	e36e8ae2d5451abe4fde2bdfeef596ba0f4794a373cbe2c5b2e0b995a65554c9	pride	True	True	True	True	True	1655	15683	478	861	2867	https://www.ebi.ac.uk/pride/archive/projects/PXD067890	False
PXD067905	d45397f90bd3d6f1c4c5cfccedc8c716b4d92b7359ea35351b37fc7564354299	pride	True	True	True	True	True	1127	663	265	3692	1319	https://www.ebi.ac.uk/pride/archive/projects/PXD067905	False
PXD067947	6984568fd2ae5a59c05b8af2b83e6fd7f60c76a36f51a17483f5e3cb31cc30b0	pride	True	False	True	True	True	1175	0	306	540	463	https://www.ebi.ac.uk/pride/archive/projects/PXD067947	False
PXD067949	0f2395f8635f23ea01267099dba852267dd3c73b7e758e486b39012e33409255	pride	True	False	True	True	True	994	0	455	4909	1590	https://www.ebi.ac.uk/pride/archive/projects/PXD067949	False
PXD067955	9fcf73735048b31ec2d36ee53a98aada921044d084fe04db1a820641e166cba7	pride	True	False	True	True	True	1501	0	434	4748	4977	https://www.ebi.ac.uk/pride/archive/projects/PXD067955	False
PXD067974	36a907bd24f0effc50346d9a2319c8d917f69983b6ed93ea17ce8c1f2d238db0	pubmed	True	False	True	True	True	1786	0	351	557	455	https://www.ebi.ac.uk/pride/archive/projects/PXD067974	False
PXD068004	6f15715ba597a04684e105b631118bb9c403424a8f98ee79d4c8a553dc22f972	pride	True	True	True	True	True	1329	10225	338	1809	1102	https://www.ebi.ac.uk/pride/archive/projects/PXD068004	False
PXD068126	80d663a7659b2febed3f9cc728b496378f8f0680555bfeaae6c58d8ecffbe3e4	pride	True	False	True	True	True	129	0	462	241	216	https://www.ebi.ac.uk/pride/archive/projects/PXD068126	False
PXD068127	4e0eecd362bca31832e010aaaae63b6b43229da4052b8a9bf40216284138c155	pride	True	False	True	True	True	448	0	222	3466	176	https://www.ebi.ac.uk/pride/archive/projects/PXD068127	False
PXD068129	0a0e3857491fd76c7e6a9f80a3e94597ab1592989ff4448fc1dc72085f749894	pride	True	False	True	True	True	1428	0	402	1693	793	https://www.ebi.ac.uk/pride/archive/projects/PXD068129	False
PXD068150	086335f98a05778ee4ca9bd3d5dce3c237ba6d89af446b5888ad7e828754ef32	pride	True	False	True	True	True	896	0	322	4284	2761	https://www.ebi.ac.uk/pride/archive/projects/PXD068150	False
PXD068189	ec07e656935e29559484ec46004286087921fa5bc54ed8865c177562b0ac1266	pride	True	False	True	True	True	139	0	338	308	115	https://www.ebi.ac.uk/pride/archive/projects/PXD068189	False
PXD068296	ea40f9f20842dbf8472fe48705e35983ff1ba26953c35e5274f5e2af1c2fb125	pride	True	False	True	True	True	918	0	278	3100	1027	https://www.ebi.ac.uk/pride/archive/projects/PXD068296	False
PXD068388	abcaaa4a87980c224e5ae6bbd6ab84d8952e656100aec745d95dcc137ec58bf6	pride	True	True	True	True	True	1076	9514	408	3589	1002	https://www.ebi.ac.uk/pride/archive/projects/PXD068388	False
PXD068392	60f07724062cc355f175929ca24c6d68b54c961ca3801c6b26f2890ac01c9219	pride	True	True	True	True	True	1224	9514	350	3455	1192	https://www.ebi.ac.uk/pride/archive/projects/PXD068392	False
PXD068424	73e43329519c4e7428466ba311dedab201053e434921dffe0043733344a7835a	pride	True	True	True	True	True	1486	12244	320	2354	1239	https://www.ebi.ac.uk/pride/archive/projects/PXD068424	False
PXD068442	764b1dcff2910aafb53d05cae850d14e4784f1d3316bf7aa74673925404df4af	pride	True	False	True	True	True	420	0	564	2667	1299	https://www.ebi.ac.uk/pride/archive/projects/PXD068442	False
PXD068485	1a9b5ecbe14a09cf236d4a1cdd1267c22c9ed6cc3c4c128dbe019ff08d626c93	pride	True	False	True	True	True	532	0	557	3674	1324	https://www.ebi.ac.uk/pride/archive/projects/PXD068485	False
PXD068527	cde5a54366b519efea1d74ee47a4d3f3d95aa8ad9cdf15b8d40532d85347bfc5	pride	True	False	True	True	True	1315	0	314	1669	1208	https://www.ebi.ac.uk/pride/archive/projects/PXD068527	False
PXD068551	2328693ed9af6cfa1430eefe39fec3004bec13f9ff90e281dd3ce437d49eb4e9	pride	True	False	True	True	True	446	0	557	3551	1290	https://www.ebi.ac.uk/pride/archive/projects/PXD068551	False
PXD068578	148bd56202c57a9b37d77972fca5a23f017519a47c49557c57223d8d95dddfc5	pride	True	False	True	True	True	962	0	201	2523	703	https://www.ebi.ac.uk/pride/archive/projects/PXD068578	False
PXD068581	6688d320f5fba274c687feea3085fe979ca7015d71ce343b97297eb7352fb0f1	pride	True	False	True	True	True	968	0	277	2480	651	https://www.ebi.ac.uk/pride/archive/projects/PXD068581	False
PXD068664	bc1f3b0a69675c96613a5d3ce01ad293da764be0deddb2e70c0fcef5469b97dd	pride	True	True	True	True	True	1254	16614	199	1355	370	https://www.ebi.ac.uk/pride/archive/projects/PXD068664	False
PXD068665	792d2ad07f0479b220be47287b551600468c398b91e8a35b0f6bda71743bc6f8	pride	True	False	True	True	True	470	0	557	3724	1243	https://www.ebi.ac.uk/pride/archive/projects/PXD068665	False
PXD068675	fdd2b7bc0de0ece9534c5970d04863066dec1ca8a79b98c4b98b63a417c9a49b	pride	True	False	True	True	True	537	0	557	3674	1329	https://www.ebi.ac.uk/pride/archive/projects/PXD068675	False
PXD068739	3cc4ef4f6279c43871dbc315cc83764598a727443ddc69bedea16f62b95f32c3	pride	True	False	True	True	True	444	0	555	3699	1303	https://www.ebi.ac.uk/pride/archive/projects/PXD068739	False
PXD068775	e366f117e75669706b9403a25fdd6b738a9b90b1d94593cdac7dee0b5586ff0d	pride	True	False	True	True	True	1331	0	276	4972	1472	https://www.ebi.ac.uk/pride/archive/projects/PXD068775	False
PXD068786	5a7c00d1e75e1f24e96ae3dd264820a8b90af82b35b3a4c5deff41c402dc95c8	pride	True	False	True	True	True	491	0	431	212	234	https://www.ebi.ac.uk/pride/archive/projects/PXD068786	False
PXD068828	d2ea6475cce2e5478011b2bc26502458f4bf8dc0a754f04a90464ce87456ac0f	pride	True	True	True	True	True	1599	16329	425	2570	3586	https://www.ebi.ac.uk/pride/archive/projects/PXD068828	False
PXD068982	e6bcc0794cd710e852b25490cd64486fd3449776a46f40476e39432047998f69	pride	True	False	True	True	True	1461	0	402	814	2508	https://www.ebi.ac.uk/pride/archive/projects/PXD068982	False
PXD069058	2684e968a2b83fec5cae4b3e600df7767262a5c1d6554c1d54e5d6634ce8b2a1	pubmed	True	False	True	True	True	1868	0	316	2226	462	https://www.ebi.ac.uk/pride/archive/projects/PXD069058	False
PXD069084	9e2792d3880d4b22691b64a13a2c3c1ff4a425ac65e82dbacf355a39e2a2c8c4	pride	True	True	True	True	True	1434	7477	233	1146	1871	https://www.ebi.ac.uk/pride/archive/projects/PXD069084	False
PXD069095	9c18003da20ce4e45507314c39399747a6f3df45edc00d34c633fe5facf063be	pride	True	False	True	True	True	1394	0	341	4498	1534	https://www.ebi.ac.uk/pride/archive/projects/PXD069095	False
PXD069096	5a08b6db1315494aba2e0c5ea4a6e62b96bf0816b08c022c8b2713b7af5ee8bf	pride	True	True	True	True	True	1772	3191	291	1561	388	https://www.ebi.ac.uk/pride/archive/projects/PXD069096	False
PXD069113	f403581b35b830b17e8d5a2f7a5c9efda22c76061e0063f71b438989830ea879	pride	True	False	True	True	True	630	0	255	2543	1059	https://www.ebi.ac.uk/pride/archive/projects/PXD069113	False
PXD069201	d4f0d1f8b8007a8b29c79be563df1750345f74453761ef2efa4bee204b523fcc	pride	True	True	True	True	True	1223	663	296	3289	1128	https://www.ebi.ac.uk/pride/archive/projects/PXD069201	False
PXD069257	b41c4f72f9379d7be19042a14356b5e4e81410eb14e57d55cd184fd7ee2db3bf	pride	True	True	True	True	True	1448	13652	321	2066	1133	https://www.ebi.ac.uk/pride/archive/projects/PXD069257	False
PXD069399	9d9d42fd0d709cddc01bce91645ca01fcde63f6f0bdd6e7e53da82dff6b07cd4	pride	True	False	True	True	True	952	0	348	4762	4953	https://www.ebi.ac.uk/pride/archive/projects/PXD069399	False
PXD069538	f363a113ac8267c30207ddf80287f260fab075b247df4d4eb271aa3c36c403f6	pride	True	False	True	True	True	962	0	322	2717	922	https://www.ebi.ac.uk/pride/archive/projects/PXD069538	False
PXD069587	b32e651850c108ab9b55762dbacffce8d1f80006173938f239fd13a654770e96	pride	True	False	True	True	True	1339	0	387	1339	1049	https://www.ebi.ac.uk/pride/archive/projects/PXD069587	False
PXD069666	2a8d5d499ba77f37293e91f53b8ef1a0627add556957b61870e1372264095917	pride	True	False	True	True	True	701	0	212	1069	257	https://www.ebi.ac.uk/pride/archive/projects/PXD069666	False
PXD069667	416acd126e3d9bffef1f21ee084eaec1fdc4951f829836faaf4b3f2e0094a367	pride	True	True	True	True	True	807	7877	292	2321	1026	https://www.ebi.ac.uk/pride/archive/projects/PXD069667	False
PXD069754	69030fcacf022f3424fe5b25cec2db6f0121f9e7169b9963275a9b23ad3abeb7	pride	True	True	True	True	True	262	6082	297	1000	158	https://www.ebi.ac.uk/pride/archive/projects/PXD069754	False
PXD069890	22dae473cba0918302d7b409787e8352042da7cd80821987f01fbc3f92178c99	pride	True	True	True	True	True	2015	10166	483	3449	3368	https://www.ebi.ac.uk/pride/archive/projects/PXD069890	False
PXD070195	a40e24c1455a116f37cdc800d91a513984e95da8fce05538a719c1e01d676b20	pride	True	True	True	True	True	1858	25692	369	4287	3186	https://www.ebi.ac.uk/pride/archive/projects/PXD070195	False
PXD070339	1fd972f8a8e412837d6da9ab5a5014c9c748defecabf07ed84341382451b48e4	pride	True	False	True	True	True	1366	0	250	3979	2211	https://www.ebi.ac.uk/pride/archive/projects/PXD070339	False
PXD070409	7297f893ef6ba10156224a10870a73e2cbd3b8e9efa0267e9b0bcdc8ccd48290	pride	True	False	True	True	True	1920	0	292	4911	1267	https://www.ebi.ac.uk/pride/archive/projects/PXD070409	False
PXD070477	c90a3f9507a69f5fdaa572a560468510a7b2b3aea917e7dc070aa9605b210252	pride	True	False	True	True	True	620	0	317	1428	783	https://www.ebi.ac.uk/pride/archive/projects/PXD070477	False
PXD070491	31d0f648b633dd3e1e982cb61df3de2bee3aa22a047ffb7bc69c4de13b2b9bb2	pride	True	False	True	True	True	1019	0	359	2083	2103	https://www.ebi.ac.uk/pride/archive/projects/PXD070491	False
PXD071042	56832ec6918af0d33dc1d0a2a3cff91eab17085aeb88d25c1ba3f1c11ff43627	pride	True	True	True	True	True	508	19377	456	1281	934	https://www.ebi.ac.uk/pride/archive/projects/PXD071042	False
PXD071075	f7fc7388475d7d0705e713563c1bd9097646b362b11e12e667a8b107e6b01642	pride	True	False	True	True	True	72	0	213	2185	718	https://www.ebi.ac.uk/pride/archive/projects/PXD071075	False
PXD071171	75a6b47a2ad56519f9c7a67a32c576d9ab689884d981f2c65d544d02754563c7	pride	True	False	True	True	True	1094	0	307	2119	769	https://www.ebi.ac.uk/pride/archive/projects/PXD071171	False
PXD071222	519e44ae4dcae3a9a96b69ed8eda8a1b549734e4c2b40f3d322c7c3ca09185f3	pride	True	False	True	True	True	1398	0	255	3598	2042	https://www.ebi.ac.uk/pride/archive/projects/PXD071222	False
PXD071367	f285ab47a8017b18f731e49f042df2db2ca4ae7b056d53fd582427afec3f63b8	pride	True	False	True	True	True	230	0	287	2945	1262	https://www.ebi.ac.uk/pride/archive/projects/PXD071367	False
