pxd	tier	agent	field	representation	annotation_path
PXD001017	raw	technical	acquisition_method	legacy_pair	annotations/raw/PXD001017/technical.json
PXD001017	raw	technical	alkylation_reagent	legacy_pair	annotations/raw/PXD001017/technical.json
PXD001017	raw	technical	alkylation_concentration	legacy_pair	annotations/raw/PXD001017/technical.json
PXD001017	raw	technical	cleavage_agent	legacy_pair	annotations/raw/PXD001017/technical.json
PXD001017	raw	technical	collision_energy	legacy_pair	annotations/raw/PXD001017/technical.json
PXD001017	raw	technical	enrichment_method	legacy_pair	annotations/raw/PXD001017/technical.json
PXD001017	raw	technical	fractionation_method	legacy_pair	annotations/raw/PXD001017/technical.json
PXD001017	raw	technical	fragmentation_method	legacy_pair	annotations/raw/PXD001017/technical.json
PXD001017	raw	technical	instrument	legacy_pair	annotations/raw/PXD001017/technical.json
PXD001017	raw	technical	ionization_type	legacy_pair	annotations/raw/PXD001017/technical.json
PXD001017	raw	technical	labeling	legacy_pair	annotations/raw/PXD001017/technical.json
PXD001017	raw	technical	mass_analyzer	legacy_pair	annotations/raw/PXD001017/technical.json
PXD001017	raw	technical	ptm	legacy_pair	annotations/raw/PXD001017/technical.json
PXD001017	raw	technical	reduction_reagent	legacy_pair	annotations/raw/PXD001017/technical.json
PXD001017	raw	technical	reduction_concentration	legacy_pair	annotations/raw/PXD001017/technical.json
PXD001017	normalized	technical	acquisition_method	legacy_pair	annotations/normalized/PXD001017/technical.json
PXD001017	normalized	technical	alkylation_reagent	legacy_pair	annotations/normalized/PXD001017/technical.json
PXD001017	normalized	technical	alkylation_concentration	legacy_pair	annotations/normalized/PXD001017/technical.json
PXD001017	normalized	technical	cleavage_agent	legacy_pair	annotations/normalized/PXD001017/technical.json
PXD001017	normalized	technical	collision_energy	legacy_pair	annotations/normalized/PXD001017/technical.json
PXD001017	normalized	technical	enrichment_method	legacy_pair	annotations/normalized/PXD001017/technical.json
PXD001017	normalized	technical	fractionation_method	legacy_pair	annotations/normalized/PXD001017/technical.json
PXD001017	normalized	technical	fragmentation_method	legacy_pair	annotations/normalized/PXD001017/technical.json
PXD001017	normalized	technical	instrument	single_object	annotations/normalized/PXD001017/technical.json
PXD001017	normalized	technical	ionization_type	legacy_pair	annotations/normalized/PXD001017/technical.json
PXD001017	normalized	technical	labeling	legacy_pair	annotations/normalized/PXD001017/technical.json
PXD001017	normalized	technical	mass_analyzer	legacy_pair	annotations/normalized/PXD001017/technical.json
PXD001017	normalized	technical	ptm	single_object	annotations/normalized/PXD001017/technical.json
PXD001017	normalized	technical	reduction_reagent	legacy_pair	annotations/normalized/PXD001017/technical.json
PXD001017	normalized	technical	reduction_concentration	legacy_pair	annotations/normalized/PXD001017/technical.json
PXD003965	raw	experimental_design	biological_replicate	legacy_pair	annotations/raw/PXD003965/experimental_design.json
PXD003965	raw	experimental_design	technical_replicate	legacy_pair	annotations/raw/PXD003965/experimental_design.json
PXD003965	raw	experimental_design	experimental_design	legacy_pair	annotations/raw/PXD003965/experimental_design.json
PXD003965	raw	experimental_design	factor_value	legacy_pair	annotations/raw/PXD003965/experimental_design.json
PXD003965	raw	experimental_design	number_of_fractions	legacy_pair	annotations/raw/PXD003965/experimental_design.json
PXD003965	raw	experimental_design	number_of_technical_replicates	legacy_pair	annotations/raw/PXD003965/experimental_design.json
PXD003965	raw	experimental_design	number_of_biological_replicates	legacy_pair	annotations/raw/PXD003965/experimental_design.json
PXD003965	raw	experimental_design	number_of_samples	legacy_pair	annotations/raw/PXD003965/experimental_design.json
PXD003965	raw	experimental_design	technology_type	legacy_pair	annotations/raw/PXD003965/experimental_design.json
PXD003965	normalized	experimental_design	biological_replicate	legacy_pair	annotations/normalized/PXD003965/experimental_design.json
PXD003965	normalized	experimental_design	technical_replicate	legacy_pair	annotations/normalized/PXD003965/experimental_design.json
PXD003965	normalized	experimental_design	experimental_design	legacy_pair	annotations/normalized/PXD003965/experimental_design.json
PXD003965	normalized	experimental_design	factor_value	legacy_pair	annotations/normalized/PXD003965/experimental_design.json
PXD003965	normalized	experimental_design	number_of_fractions	legacy_pair	annotations/normalized/PXD003965/experimental_design.json
PXD003965	normalized	experimental_design	number_of_technical_replicates	legacy_pair	annotations/normalized/PXD003965/experimental_design.json
PXD003965	normalized	experimental_design	number_of_biological_replicates	legacy_pair	annotations/normalized/PXD003965/experimental_design.json
PXD003965	normalized	experimental_design	number_of_samples	legacy_pair	annotations/normalized/PXD003965/experimental_design.json
PXD003965	normalized	experimental_design	technology_type	legacy_pair	annotations/normalized/PXD003965/experimental_design.json
PXD004778	raw	experimental_design	biological_replicate	legacy_pair	annotations/raw/PXD004778/experimental_design.json
PXD004778	raw	experimental_design	technical_replicate	legacy_pair	annotations/raw/PXD004778/experimental_design.json
PXD004778	raw	experimental_design	experimental_design	legacy_pair	annotations/raw/PXD004778/experimental_design.json
PXD004778	raw	experimental_design	factor_value	legacy_pair	annotations/raw/PXD004778/experimental_design.json
PXD004778	raw	experimental_design	number_of_fractions	legacy_pair	annotations/raw/PXD004778/experimental_design.json
PXD004778	raw	experimental_design	number_of_technical_replicates	legacy_pair	annotations/raw/PXD004778/experimental_design.json
PXD004778	raw	experimental_design	number_of_biological_replicates	legacy_pair	annotations/raw/PXD004778/experimental_design.json
PXD004778	raw	experimental_design	number_of_samples	legacy_pair	annotations/raw/PXD004778/experimental_design.json
PXD004778	raw	experimental_design	technology_type	legacy_pair	annotations/raw/PXD004778/experimental_design.json
PXD004778	normalized	experimental_design	biological_replicate	legacy_pair	annotations/normalized/PXD004778/experimental_design.json
PXD004778	normalized	experimental_design	technical_replicate	legacy_pair	annotations/normalized/PXD004778/experimental_design.json
PXD004778	normalized	experimental_design	experimental_design	legacy_pair	annotations/normalized/PXD004778/experimental_design.json
PXD004778	normalized	experimental_design	factor_value	legacy_pair	annotations/normalized/PXD004778/experimental_design.json
PXD004778	normalized	experimental_design	number_of_fractions	legacy_pair	annotations/normalized/PXD004778/experimental_design.json
PXD004778	normalized	experimental_design	number_of_technical_replicates	legacy_pair	annotations/normalized/PXD004778/experimental_design.json
PXD004778	normalized	experimental_design	number_of_biological_replicates	legacy_pair	annotations/normalized/PXD004778/experimental_design.json
PXD004778	normalized	experimental_design	number_of_samples	legacy_pair	annotations/normalized/PXD004778/experimental_design.json
PXD004778	normalized	experimental_design	technology_type	legacy_pair	annotations/normalized/PXD004778/experimental_design.json
PXD006738	raw	experimental_design	biological_replicate	legacy_pair	annotations/raw/PXD006738/experimental_design.json
PXD006738	raw	experimental_design	technical_replicate	legacy_pair	annotations/raw/PXD006738/experimental_design.json
PXD006738	raw	experimental_design	experimental_design	legacy_pair	annotations/raw/PXD006738/experimental_design.json
PXD006738	raw	experimental_design	factor_value	legacy_pair	annotations/raw/PXD006738/experimental_design.json
PXD006738	raw	experimental_design	number_of_fractions	legacy_pair	annotations/raw/PXD006738/experimental_design.json
PXD006738	raw	experimental_design	number_of_technical_replicates	legacy_pair	annotations/raw/PXD006738/experimental_design.json
PXD006738	raw	experimental_design	number_of_biological_replicates	legacy_pair	annotations/raw/PXD006738/experimental_design.json
PXD006738	raw	experimental_design	number_of_samples	legacy_pair	annotations/raw/PXD006738/experimental_design.json
PXD006738	raw	experimental_design	technology_type	legacy_pair	annotations/raw/PXD006738/experimental_design.json
PXD006738	normalized	experimental_design	biological_replicate	legacy_pair	annotations/normalized/PXD006738/experimental_design.json
PXD006738	normalized	experimental_design	technical_replicate	legacy_pair	annotations/normalized/PXD006738/experimental_design.json
PXD006738	normalized	experimental_design	experimental_design	legacy_pair	annotations/normalized/PXD006738/experimental_design.json
PXD006738	normalized	experimental_design	factor_value	legacy_pair	annotations/normalized/PXD006738/experimental_design.json
PXD006738	normalized	experimental_design	number_of_fractions	legacy_pair	annotations/normalized/PXD006738/experimental_design.json
PXD006738	normalized	experimental_design	number_of_technical_replicates	legacy_pair	annotations/normalized/PXD006738/experimental_design.json
PXD006738	normalized	experimental_design	number_of_biological_replicates	legacy_pair	annotations/normalized/PXD006738/experimental_design.json
PXD006738	normalized	experimental_design	number_of_samples	legacy_pair	annotations/normalized/PXD006738/experimental_design.json
PXD006738	normalized	experimental_design	technology_type	legacy_pair	annotations/normalized/PXD006738/experimental_design.json
PXD008029	raw	experimental_design	biological_replicate	legacy_pair	annotations/raw/PXD008029/experimental_design.json
PXD008029	raw	experimental_design	technical_replicate	legacy_pair	annotations/raw/PXD008029/experimental_design.json
PXD008029	raw	experimental_design	experimental_design	legacy_pair	annotations/raw/PXD008029/experimental_design.json
PXD008029	raw	experimental_design	factor_value	legacy_pair	annotations/raw/PXD008029/experimental_design.json
PXD008029	raw	experimental_design	number_of_fractions	legacy_pair	annotations/raw/PXD008029/experimental_design.json
PXD008029	raw	experimental_design	number_of_technical_replicates	legacy_pair	annotations/raw/PXD008029/experimental_design.json
PXD008029	raw	experimental_design	number_of_biological_replicates	legacy_pair	annotations/raw/PXD008029/experimental_design.json
PXD008029	raw	experimental_design	number_of_samples	legacy_pair	annotations/raw/PXD008029/experimental_design.json
PXD008029	raw	experimental_design	technology_type	legacy_pair	annotations/raw/PXD008029/experimental_design.json
PXD008029	normalized	experimental_design	biological_replicate	legacy_pair	annotations/normalized/PXD008029/experimental_design.json
PXD008029	normalized	experimental_design	technical_replicate	legacy_pair	annotations/normalized/PXD008029/experimental_design.json
PXD008029	normalized	experimental_design	experimental_design	legacy_pair	annotations/normalized/PXD008029/experimental_design.json
PXD008029	normalized	experimental_design	factor_value	legacy_pair	annotations/normalized/PXD008029/experimental_design.json
PXD008029	normalized	experimental_design	number_of_fractions	legacy_pair	annotations/normalized/PXD008029/experimental_design.json
PXD008029	normalized	experimental_design	number_of_technical_replicates	legacy_pair	annotations/normalized/PXD008029/experimental_design.json
PXD008029	normalized	experimental_design	number_of_biological_replicates	legacy_pair	annotations/normalized/PXD008029/experimental_design.json
PXD008029	normalized	experimental_design	number_of_samples	legacy_pair	annotations/normalized/PXD008029/experimental_design.json
PXD008029	normalized	experimental_design	technology_type	legacy_pair	annotations/normalized/PXD008029/experimental_design.json
PXD008260	raw	technical	acquisition_method	legacy_pair	annotations/raw/PXD008260/technical.json
PXD008260	raw	technical	alkylation_reagent	legacy_pair	annotations/raw/PXD008260/technical.json
PXD008260	raw	technical	alkylation_concentration	legacy_pair	annotations/raw/PXD008260/technical.json
PXD008260	raw	technical	cleavage_agent	legacy_pair	annotations/raw/PXD008260/technical.json
PXD008260	raw	technical	collision_energy	legacy_pair	annotations/raw/PXD008260/technical.json
PXD008260	raw	technical	enrichment_method	legacy_pair	annotations/raw/PXD008260/technical.json
PXD008260	raw	technical	fractionation_method	legacy_pair	annotations/raw/PXD008260/technical.json
PXD008260	raw	technical	fragmentation_method	legacy_pair	annotations/raw/PXD008260/technical.json
PXD008260	raw	technical	instrument	legacy_pair	annotations/raw/PXD008260/technical.json
PXD008260	raw	technical	ionization_type	legacy_pair	annotations/raw/PXD008260/technical.json
PXD008260	raw	technical	labeling	legacy_pair	annotations/raw/PXD008260/technical.json
PXD008260	raw	technical	mass_analyzer	legacy_pair	annotations/raw/PXD008260/technical.json
PXD008260	raw	technical	ptm	legacy_pair	annotations/raw/PXD008260/technical.json
PXD008260	raw	technical	reduction_reagent	legacy_pair	annotations/raw/PXD008260/technical.json
PXD008260	raw	technical	reduction_concentration	legacy_pair	annotations/raw/PXD008260/technical.json
PXD008260	normalized	technical	acquisition_method	legacy_pair	annotations/normalized/PXD008260/technical.json
PXD008260	normalized	technical	alkylation_reagent	legacy_pair	annotations/normalized/PXD008260/technical.json
PXD008260	normalized	technical	alkylation_concentration	legacy_pair	annotations/normalized/PXD008260/technical.json
PXD008260	normalized	technical	cleavage_agent	legacy_pair	annotations/normalized/PXD008260/technical.json
PXD008260	normalized	technical	collision_energy	legacy_pair	annotations/normalized/PXD008260/technical.json
PXD008260	normalized	technical	enrichment_method	legacy_pair	annotations/normalized/PXD008260/technical.json
PXD008260	normalized	technical	fractionation_method	legacy_pair	annotations/normalized/PXD008260/technical.json
PXD008260	normalized	technical	fragmentation_method	legacy_pair	annotations/normalized/PXD008260/technical.json
PXD008260	normalized	technical	instrument	single_object	annotations/normalized/PXD008260/technical.json
PXD008260	normalized	technical	ionization_type	legacy_pair	annotations/normalized/PXD008260/technical.json
PXD008260	normalized	technical	labeling	legacy_pair	annotations/normalized/PXD008260/technical.json
PXD008260	normalized	technical	mass_analyzer	legacy_pair	annotations/normalized/PXD008260/technical.json
PXD008260	normalized	technical	ptm	single_object	annotations/normalized/PXD008260/technical.json
PXD008260	normalized	technical	reduction_reagent	legacy_pair	annotations/normalized/PXD008260/technical.json
PXD008260	normalized	technical	reduction_concentration	legacy_pair	annotations/normalized/PXD008260/technical.json
PXD009276	raw	experimental_design	biological_replicate	legacy_pair	annotations/raw/PXD009276/experimental_design.json
PXD009276	raw	experimental_design	technical_replicate	legacy_pair	annotations/raw/PXD009276/experimental_design.json
PXD009276	raw	experimental_design	experimental_design	legacy_pair	annotations/raw/PXD009276/experimental_design.json
PXD009276	raw	experimental_design	factor_value	legacy_pair	annotations/raw/PXD009276/experimental_design.json
PXD009276	raw	experimental_design	number_of_fractions	legacy_pair	annotations/raw/PXD009276/experimental_design.json
PXD009276	raw	experimental_design	number_of_technical_replicates	legacy_pair	annotations/raw/PXD009276/experimental_design.json
PXD009276	raw	experimental_design	number_of_biological_replicates	legacy_pair	annotations/raw/PXD009276/experimental_design.json
PXD009276	raw	experimental_design	number_of_samples	legacy_pair	annotations/raw/PXD009276/experimental_design.json
PXD009276	raw	experimental_design	technology_type	legacy_pair	annotations/raw/PXD009276/experimental_design.json
PXD009276	normalized	experimental_design	biological_replicate	legacy_pair	annotations/normalized/PXD009276/experimental_design.json
PXD009276	normalized	experimental_design	technical_replicate	legacy_pair	annotations/normalized/PXD009276/experimental_design.json
PXD009276	normalized	experimental_design	experimental_design	legacy_pair	annotations/normalized/PXD009276/experimental_design.json
PXD009276	normalized	experimental_design	factor_value	legacy_pair	annotations/normalized/PXD009276/experimental_design.json
PXD009276	normalized	experimental_design	number_of_fractions	legacy_pair	annotations/normalized/PXD009276/experimental_design.json
PXD009276	normalized	experimental_design	number_of_technical_replicates	legacy_pair	annotations/normalized/PXD009276/experimental_design.json
PXD009276	normalized	experimental_design	number_of_biological_replicates	legacy_pair	annotations/normalized/PXD009276/experimental_design.json
PXD009276	normalized	experimental_design	number_of_samples	legacy_pair	annotations/normalized/PXD009276/experimental_design.json
PXD009276	normalized	experimental_design	technology_type	legacy_pair	annotations/normalized/PXD009276/experimental_design.json
PXD009327	raw	technical	acquisition_method	legacy_pair	annotations/raw/PXD009327/technical.json
PXD009327	raw	technical	alkylation_reagent	legacy_pair	annotations/raw/PXD009327/technical.json
PXD009327	raw	technical	alkylation_concentration	legacy_pair	annotations/raw/PXD009327/technical.json
PXD009327	raw	technical	cleavage_agent	legacy_pair	annotations/raw/PXD009327/technical.json
PXD009327	raw	technical	collision_energy	legacy_pair	annotations/raw/PXD009327/technical.json
PXD009327	raw	technical	enrichment_method	legacy_pair	annotations/raw/PXD009327/technical.json
PXD009327	raw	technical	fractionation_method	legacy_pair	annotations/raw/PXD009327/technical.json
PXD009327	raw	technical	fragmentation_method	legacy_pair	annotations/raw/PXD009327/technical.json
PXD009327	raw	technical	instrument	legacy_pair	annotations/raw/PXD009327/technical.json
PXD009327	raw	technical	ionization_type	legacy_pair	annotations/raw/PXD009327/technical.json
PXD009327	raw	technical	labeling	legacy_pair	annotations/raw/PXD009327/technical.json
PXD009327	raw	technical	mass_analyzer	legacy_pair	annotations/raw/PXD009327/technical.json
PXD009327	raw	technical	ptm	legacy_pair	annotations/raw/PXD009327/technical.json
PXD009327	raw	technical	reduction_reagent	legacy_pair	annotations/raw/PXD009327/technical.json
PXD009327	raw	technical	reduction_concentration	legacy_pair	annotations/raw/PXD009327/technical.json
PXD009327	normalized	technical	acquisition_method	legacy_pair	annotations/normalized/PXD009327/technical.json
PXD009327	normalized	technical	alkylation_reagent	legacy_pair	annotations/normalized/PXD009327/technical.json
PXD009327	normalized	technical	alkylation_concentration	legacy_pair	annotations/normalized/PXD009327/technical.json
PXD009327	normalized	technical	cleavage_agent	legacy_pair	annotations/normalized/PXD009327/technical.json
PXD009327	normalized	technical	collision_energy	legacy_pair	annotations/normalized/PXD009327/technical.json
PXD009327	normalized	technical	enrichment_method	legacy_pair	annotations/normalized/PXD009327/technical.json
PXD009327	normalized	technical	fractionation_method	legacy_pair	annotations/normalized/PXD009327/technical.json
PXD009327	normalized	technical	fragmentation_method	legacy_pair	annotations/normalized/PXD009327/technical.json
PXD009327	normalized	technical	instrument	single_object	annotations/normalized/PXD009327/technical.json
PXD009327	normalized	technical	ionization_type	legacy_pair	annotations/normalized/PXD009327/technical.json
PXD009327	normalized	technical	labeling	legacy_pair	annotations/normalized/PXD009327/technical.json
PXD009327	normalized	technical	mass_analyzer	legacy_pair	annotations/normalized/PXD009327/technical.json
PXD009327	normalized	technical	ptm	single_object	annotations/normalized/PXD009327/technical.json
PXD009327	normalized	technical	reduction_reagent	legacy_pair	annotations/normalized/PXD009327/technical.json
PXD009327	normalized	technical	reduction_concentration	legacy_pair	annotations/normalized/PXD009327/technical.json
PXD009561	raw	technical	acquisition_method	legacy_pair	annotations/raw/PXD009561/technical.json
PXD009561	raw	technical	alkylation_reagent	legacy_pair	annotations/raw/PXD009561/technical.json
PXD009561	raw	technical	alkylation_concentration	legacy_pair	annotations/raw/PXD009561/technical.json
PXD009561	raw	technical	cleavage_agent	legacy_pair	annotations/raw/PXD009561/technical.json
PXD009561	raw	technical	collision_energy	legacy_pair	annotations/raw/PXD009561/technical.json
PXD009561	raw	technical	enrichment_method	legacy_pair	annotations/raw/PXD009561/technical.json
PXD009561	raw	technical	fractionation_method	legacy_pair	annotations/raw/PXD009561/technical.json
PXD009561	raw	technical	fragmentation_method	legacy_pair	annotations/raw/PXD009561/technical.json
PXD009561	raw	technical	instrument	legacy_pair	annotations/raw/PXD009561/technical.json
PXD009561	raw	technical	ionization_type	legacy_pair	annotations/raw/PXD009561/technical.json
PXD009561	raw	technical	labeling	legacy_pair	annotations/raw/PXD009561/technical.json
PXD009561	raw	technical	mass_analyzer	legacy_pair	annotations/raw/PXD009561/technical.json
PXD009561	raw	technical	ptm	legacy_pair	annotations/raw/PXD009561/technical.json
PXD009561	raw	technical	reduction_reagent	legacy_pair	annotations/raw/PXD009561/technical.json
PXD009561	raw	technical	reduction_concentration	legacy_pair	annotations/raw/PXD009561/technical.json
PXD009561	normalized	technical	acquisition_method	legacy_pair	annotations/normalized/PXD009561/technical.json
PXD009561	normalized	technical	alkylation_reagent	legacy_pair	annotations/normalized/PXD009561/technical.json
PXD009561	normalized	technical	alkylation_concentration	legacy_pair	annotations/normalized/PXD009561/technical.json
PXD009561	normalized	technical	cleavage_agent	legacy_pair	annotations/normalized/PXD009561/technical.json
PXD009561	normalized	technical	collision_energy	legacy_pair	annotations/normalized/PXD009561/technical.json
PXD009561	normalized	technical	enrichment_method	legacy_pair	annotations/normalized/PXD009561/technical.json
PXD009561	normalized	technical	fractionation_method	legacy_pair	annotations/normalized/PXD009561/technical.json
PXD009561	normalized	technical	fragmentation_method	legacy_pair	annotations/normalized/PXD009561/technical.json
PXD009561	normalized	technical	instrument	single_object	annotations/normalized/PXD009561/technical.json
PXD009561	normalized	technical	ionization_type	legacy_pair	annotations/normalized/PXD009561/technical.json
PXD009561	normalized	technical	labeling	legacy_pair	annotations/normalized/PXD009561/technical.json
PXD009561	normalized	technical	mass_analyzer	legacy_pair	annotations/normalized/PXD009561/technical.json
PXD009561	normalized	technical	ptm	single_object	annotations/normalized/PXD009561/technical.json
PXD009561	normalized	technical	reduction_reagent	legacy_pair	annotations/normalized/PXD009561/technical.json
PXD009561	normalized	technical	reduction_concentration	legacy_pair	annotations/normalized/PXD009561/technical.json
PXD010073	raw	technical	acquisition_method	legacy_pair	annotations/raw/PXD010073/technical.json
PXD010073	raw	technical	alkylation_reagent	legacy_pair	annotations/raw/PXD010073/technical.json
PXD010073	raw	technical	alkylation_concentration	legacy_pair	annotations/raw/PXD010073/technical.json
PXD010073	raw	technical	cleavage_agent	legacy_pair	annotations/raw/PXD010073/technical.json
PXD010073	raw	technical	collision_energy	legacy_pair	annotations/raw/PXD010073/technical.json
PXD010073	raw	technical	enrichment_method	legacy_pair	annotations/raw/PXD010073/technical.json
PXD010073	raw	technical	fractionation_method	legacy_pair	annotations/raw/PXD010073/technical.json
PXD010073	raw	technical	fragmentation_method	legacy_pair	annotations/raw/PXD010073/technical.json
PXD010073	raw	technical	instrument	legacy_pair	annotations/raw/PXD010073/technical.json
PXD010073	raw	technical	ionization_type	legacy_pair	annotations/raw/PXD010073/technical.json
PXD010073	raw	technical	labeling	legacy_pair	annotations/raw/PXD010073/technical.json
PXD010073	raw	technical	mass_analyzer	legacy_pair	annotations/raw/PXD010073/technical.json
PXD010073	raw	technical	ptm	legacy_pair	annotations/raw/PXD010073/technical.json
PXD010073	raw	technical	reduction_reagent	legacy_pair	annotations/raw/PXD010073/technical.json
PXD010073	raw	technical	reduction_concentration	legacy_pair	annotations/raw/PXD010073/technical.json
PXD010073	normalized	technical	acquisition_method	legacy_pair	annotations/normalized/PXD010073/technical.json
PXD010073	normalized	technical	alkylation_reagent	legacy_pair	annotations/normalized/PXD010073/technical.json
PXD010073	normalized	technical	alkylation_concentration	legacy_pair	annotations/normalized/PXD010073/technical.json
PXD010073	normalized	technical	cleavage_agent	legacy_pair	annotations/normalized/PXD010073/technical.json
PXD010073	normalized	technical	collision_energy	legacy_pair	annotations/normalized/PXD010073/technical.json
PXD010073	normalized	technical	enrichment_method	legacy_pair	annotations/normalized/PXD010073/technical.json
PXD010073	normalized	technical	fractionation_method	legacy_pair	annotations/normalized/PXD010073/technical.json
PXD010073	normalized	technical	fragmentation_method	legacy_pair	annotations/normalized/PXD010073/technical.json
PXD010073	normalized	technical	instrument	single_object	annotations/normalized/PXD010073/technical.json
PXD010073	normalized	technical	ionization_type	legacy_pair	annotations/normalized/PXD010073/technical.json
PXD010073	normalized	technical	labeling	legacy_pair	annotations/normalized/PXD010073/technical.json
PXD010073	normalized	technical	mass_analyzer	legacy_pair	annotations/normalized/PXD010073/technical.json
PXD010073	normalized	technical	ptm	single_object	annotations/normalized/PXD010073/technical.json
PXD010073	normalized	technical	reduction_reagent	legacy_pair	annotations/normalized/PXD010073/technical.json
PXD010073	normalized	technical	reduction_concentration	legacy_pair	annotations/normalized/PXD010073/technical.json
PXD010260	raw	experimental_design	biological_replicate	legacy_pair	annotations/raw/PXD010260/experimental_design.json
PXD010260	raw	experimental_design	technical_replicate	legacy_pair	annotations/raw/PXD010260/experimental_design.json
PXD010260	raw	experimental_design	experimental_design	legacy_pair	annotations/raw/PXD010260/experimental_design.json
PXD010260	raw	experimental_design	factor_value	legacy_pair	annotations/raw/PXD010260/experimental_design.json
PXD010260	raw	experimental_design	number_of_fractions	legacy_pair	annotations/raw/PXD010260/experimental_design.json
PXD010260	raw	experimental_design	number_of_technical_replicates	legacy_pair	annotations/raw/PXD010260/experimental_design.json
PXD010260	raw	experimental_design	number_of_biological_replicates	legacy_pair	annotations/raw/PXD010260/experimental_design.json
PXD010260	raw	experimental_design	number_of_samples	legacy_pair	annotations/raw/PXD010260/experimental_design.json
PXD010260	raw	experimental_design	technology_type	legacy_pair	annotations/raw/PXD010260/experimental_design.json
PXD010260	normalized	experimental_design	biological_replicate	legacy_pair	annotations/normalized/PXD010260/experimental_design.json
PXD010260	normalized	experimental_design	technical_replicate	legacy_pair	annotations/normalized/PXD010260/experimental_design.json
PXD010260	normalized	experimental_design	experimental_design	legacy_pair	annotations/normalized/PXD010260/experimental_design.json
PXD010260	normalized	experimental_design	factor_value	legacy_pair	annotations/normalized/PXD010260/experimental_design.json
PXD010260	normalized	experimental_design	number_of_fractions	legacy_pair	annotations/normalized/PXD010260/experimental_design.json
PXD010260	normalized	experimental_design	number_of_technical_replicates	legacy_pair	annotations/normalized/PXD010260/experimental_design.json
PXD010260	normalized	experimental_design	number_of_biological_replicates	legacy_pair	annotations/normalized/PXD010260/experimental_design.json
PXD010260	normalized	experimental_design	number_of_samples	legacy_pair	annotations/normalized/PXD010260/experimental_design.json
PXD010260	normalized	experimental_design	technology_type	legacy_pair	annotations/normalized/PXD010260/experimental_design.json
PXD046640	raw	experimental_design	biological_replicate	legacy_pair	annotations/raw/PXD046640/experimental_design.json
PXD046640	raw	experimental_design	technical_replicate	legacy_pair	annotations/raw/PXD046640/experimental_design.json
PXD046640	raw	experimental_design	experimental_design	legacy_pair	annotations/raw/PXD046640/experimental_design.json
PXD046640	raw	experimental_design	factor_value	legacy_pair	annotations/raw/PXD046640/experimental_design.json
PXD046640	raw	experimental_design	number_of_fractions	legacy_pair	annotations/raw/PXD046640/experimental_design.json
PXD046640	raw	experimental_design	number_of_technical_replicates	legacy_pair	annotations/raw/PXD046640/experimental_design.json
PXD046640	raw	experimental_design	number_of_biological_replicates	legacy_pair	annotations/raw/PXD046640/experimental_design.json
PXD046640	raw	experimental_design	number_of_samples	legacy_pair	annotations/raw/PXD046640/experimental_design.json
PXD046640	raw	experimental_design	technology_type	legacy_pair	annotations/raw/PXD046640/experimental_design.json
PXD046640	normalized	experimental_design	biological_replicate	legacy_pair	annotations/normalized/PXD046640/experimental_design.json
PXD046640	normalized	experimental_design	technical_replicate	legacy_pair	annotations/normalized/PXD046640/experimental_design.json
PXD046640	normalized	experimental_design	experimental_design	legacy_pair	annotations/normalized/PXD046640/experimental_design.json
PXD046640	normalized	experimental_design	factor_value	legacy_pair	annotations/normalized/PXD046640/experimental_design.json
PXD046640	normalized	experimental_design	number_of_fractions	legacy_pair	annotations/normalized/PXD046640/experimental_design.json
PXD046640	normalized	experimental_design	number_of_technical_replicates	legacy_pair	annotations/normalized/PXD046640/experimental_design.json
PXD046640	normalized	experimental_design	number_of_biological_replicates	legacy_pair	annotations/normalized/PXD046640/experimental_design.json
PXD046640	normalized	experimental_design	number_of_samples	legacy_pair	annotations/normalized/PXD046640/experimental_design.json
PXD046640	normalized	experimental_design	technology_type	legacy_pair	annotations/normalized/PXD046640/experimental_design.json
PXD047019	raw	technical	acquisition_method	legacy_pair	annotations/raw/PXD047019/technical.json
PXD047019	raw	technical	alkylation_reagent	legacy_pair	annotations/raw/PXD047019/technical.json
PXD047019	raw	technical	alkylation_concentration	legacy_pair	annotations/raw/PXD047019/technical.json
PXD047019	raw	technical	cleavage_agent	legacy_pair	annotations/raw/PXD047019/technical.json
PXD047019	raw	technical	collision_energy	legacy_pair	annotations/raw/PXD047019/technical.json
PXD047019	raw	technical	enrichment_method	legacy_pair	annotations/raw/PXD047019/technical.json
PXD047019	raw	technical	fractionation_method	legacy_pair	annotations/raw/PXD047019/technical.json
PXD047019	raw	technical	fragmentation_method	legacy_pair	annotations/raw/PXD047019/technical.json
PXD047019	raw	technical	instrument	legacy_pair	annotations/raw/PXD047019/technical.json
PXD047019	raw	technical	ionization_type	legacy_pair	annotations/raw/PXD047019/technical.json
PXD047019	raw	technical	labeling	legacy_pair	annotations/raw/PXD047019/technical.json
PXD047019	raw	technical	mass_analyzer	legacy_pair	annotations/raw/PXD047019/technical.json
PXD047019	raw	technical	ptm	legacy_pair	annotations/raw/PXD047019/technical.json
PXD047019	raw	technical	reduction_reagent	legacy_pair	annotations/raw/PXD047019/technical.json
PXD047019	raw	technical	reduction_concentration	legacy_pair	annotations/raw/PXD047019/technical.json
PXD047019	raw	experimental_design	biological_replicate	legacy_pair	annotations/raw/PXD047019/experimental_design.json
PXD047019	raw	experimental_design	technical_replicate	legacy_pair	annotations/raw/PXD047019/experimental_design.json
PXD047019	raw	experimental_design	experimental_design	legacy_pair	annotations/raw/PXD047019/experimental_design.json
PXD047019	raw	experimental_design	factor_value	legacy_pair	annotations/raw/PXD047019/experimental_design.json
PXD047019	raw	experimental_design	number_of_fractions	legacy_pair	annotations/raw/PXD047019/experimental_design.json
PXD047019	raw	experimental_design	number_of_technical_replicates	legacy_pair	annotations/raw/PXD047019/experimental_design.json
PXD047019	raw	experimental_design	number_of_biological_replicates	legacy_pair	annotations/raw/PXD047019/experimental_design.json
PXD047019	raw	experimental_design	number_of_samples	legacy_pair	annotations/raw/PXD047019/experimental_design.json
PXD047019	raw	experimental_design	technology_type	legacy_pair	annotations/raw/PXD047019/experimental_design.json
PXD047019	normalized	technical	acquisition_method	legacy_pair	annotations/normalized/PXD047019/technical.json
PXD047019	normalized	technical	alkylation_reagent	legacy_pair	annotations/normalized/PXD047019/technical.json
PXD047019	normalized	technical	alkylation_concentration	legacy_pair	annotations/normalized/PXD047019/technical.json
PXD047019	normalized	technical	cleavage_agent	legacy_pair	annotations/normalized/PXD047019/technical.json
PXD047019	normalized	technical	collision_energy	legacy_pair	annotations/normalized/PXD047019/technical.json
PXD047019	normalized	technical	enrichment_method	legacy_pair	annotations/normalized/PXD047019/technical.json
PXD047019	normalized	technical	fractionation_method	legacy_pair	annotations/normalized/PXD047019/technical.json
PXD047019	normalized	technical	fragmentation_method	legacy_pair	annotations/normalized/PXD047019/technical.json
PXD047019	normalized	technical	instrument	single_object	annotations/normalized/PXD047019/technical.json
PXD047019	normalized	technical	ionization_type	legacy_pair	annotations/normalized/PXD047019/technical.json
PXD047019	normalized	technical	labeling	legacy_pair	annotations/normalized/PXD047019/technical.json
PXD047019	normalized	technical	mass_analyzer	legacy_pair	annotations/normalized/PXD047019/technical.json
PXD047019	normalized	technical	ptm	single_object	annotations/normalized/PXD047019/technical.json
PXD047019	normalized	technical	reduction_reagent	legacy_pair	annotations/normalized/PXD047019/technical.json
PXD047019	normalized	technical	reduction_concentration	legacy_pair	annotations/normalized/PXD047019/technical.json
PXD047019	normalized	experimental_design	biological_replicate	legacy_pair	annotations/normalized/PXD047019/experimental_design.json
PXD047019	normalized	experimental_design	technical_replicate	legacy_pair	annotations/normalized/PXD047019/experimental_design.json
PXD047019	normalized	experimental_design	experimental_design	legacy_pair	annotations/normalized/PXD047019/experimental_design.json
PXD047019	normalized	experimental_design	factor_value	legacy_pair	annotations/normalized/PXD047019/experimental_design.json
PXD047019	normalized	experimental_design	number_of_fractions	legacy_pair	annotations/normalized/PXD047019/experimental_design.json
PXD047019	normalized	experimental_design	number_of_technical_replicates	legacy_pair	annotations/normalized/PXD047019/experimental_design.json
PXD047019	normalized	experimental_design	number_of_biological_replicates	legacy_pair	annotations/normalized/PXD047019/experimental_design.json
PXD047019	normalized	experimental_design	number_of_samples	legacy_pair	annotations/normalized/PXD047019/experimental_design.json
PXD047019	normalized	experimental_design	technology_type	legacy_pair	annotations/normalized/PXD047019/experimental_design.json
PXD047324	raw	experimental_design	biological_replicate	legacy_pair	annotations/raw/PXD047324/experimental_design.json
PXD047324	raw	experimental_design	technical_replicate	legacy_pair	annotations/raw/PXD047324/experimental_design.json
PXD047324	raw	experimental_design	experimental_design	legacy_pair	annotations/raw/PXD047324/experimental_design.json
PXD047324	raw	experimental_design	factor_value	legacy_pair	annotations/raw/PXD047324/experimental_design.json
PXD047324	raw	experimental_design	number_of_fractions	legacy_pair	annotations/raw/PXD047324/experimental_design.json
PXD047324	raw	experimental_design	number_of_technical_replicates	legacy_pair	annotations/raw/PXD047324/experimental_design.json
PXD047324	raw	experimental_design	number_of_biological_replicates	legacy_pair	annotations/raw/PXD047324/experimental_design.json
PXD047324	raw	experimental_design	number_of_samples	legacy_pair	annotations/raw/PXD047324/experimental_design.json
PXD047324	raw	experimental_design	technology_type	legacy_pair	annotations/raw/PXD047324/experimental_design.json
PXD047324	normalized	experimental_design	biological_replicate	legacy_pair	annotations/normalized/PXD047324/experimental_design.json
PXD047324	normalized	experimental_design	technical_replicate	legacy_pair	annotations/normalized/PXD047324/experimental_design.json
PXD047324	normalized	experimental_design	experimental_design	legacy_pair	annotations/normalized/PXD047324/experimental_design.json
PXD047324	normalized	experimental_design	factor_value	legacy_pair	annotations/normalized/PXD047324/experimental_design.json
PXD047324	normalized	experimental_design	number_of_fractions	legacy_pair	annotations/normalized/PXD047324/experimental_design.json
PXD047324	normalized	experimental_design	number_of_technical_replicates	legacy_pair	annotations/normalized/PXD047324/experimental_design.json
PXD047324	normalized	experimental_design	number_of_biological_replicates	legacy_pair	annotations/normalized/PXD047324/experimental_design.json
PXD047324	normalized	experimental_design	number_of_samples	legacy_pair	annotations/normalized/PXD047324/experimental_design.json
PXD047324	normalized	experimental_design	technology_type	legacy_pair	annotations/normalized/PXD047324/experimental_design.json
PXD047436	raw	experimental_design	biological_replicate	legacy_pair	annotations/raw/PXD047436/experimental_design.json
PXD047436	raw	experimental_design	technical_replicate	legacy_pair	annotations/raw/PXD047436/experimental_design.json
PXD047436	raw	experimental_design	experimental_design	legacy_pair	annotations/raw/PXD047436/experimental_design.json
PXD047436	raw	experimental_design	factor_value	legacy_pair	annotations/raw/PXD047436/experimental_design.json
PXD047436	raw	experimental_design	number_of_fractions	legacy_pair	annotations/raw/PXD047436/experimental_design.json
PXD047436	raw	experimental_design	number_of_technical_replicates	legacy_pair	annotations/raw/PXD047436/experimental_design.json
PXD047436	raw	experimental_design	number_of_biological_replicates	legacy_pair	annotations/raw/PXD047436/experimental_design.json
PXD047436	raw	experimental_design	number_of_samples	legacy_pair	annotations/raw/PXD047436/experimental_design.json
PXD047436	raw	experimental_design	technology_type	legacy_pair	annotations/raw/PXD047436/experimental_design.json
PXD047436	normalized	experimental_design	biological_replicate	legacy_pair	annotations/normalized/PXD047436/experimental_design.json
PXD047436	normalized	experimental_design	technical_replicate	legacy_pair	annotations/normalized/PXD047436/experimental_design.json
PXD047436	normalized	experimental_design	experimental_design	legacy_pair	annotations/normalized/PXD047436/experimental_design.json
PXD047436	normalized	experimental_design	factor_value	legacy_pair	annotations/normalized/PXD047436/experimental_design.json
PXD047436	normalized	experimental_design	number_of_fractions	legacy_pair	annotations/normalized/PXD047436/experimental_design.json
PXD047436	normalized	experimental_design	number_of_technical_replicates	legacy_pair	annotations/normalized/PXD047436/experimental_design.json
PXD047436	normalized	experimental_design	number_of_biological_replicates	legacy_pair	annotations/normalized/PXD047436/experimental_design.json
PXD047436	normalized	experimental_design	number_of_samples	legacy_pair	annotations/normalized/PXD047436/experimental_design.json
PXD047436	normalized	experimental_design	technology_type	legacy_pair	annotations/normalized/PXD047436/experimental_design.json
PXD047766	raw	experimental_design	biological_replicate	legacy_pair	annotations/raw/PXD047766/experimental_design.json
PXD047766	raw	experimental_design	technical_replicate	legacy_pair	annotations/raw/PXD047766/experimental_design.json
PXD047766	raw	experimental_design	experimental_design	legacy_pair	annotations/raw/PXD047766/experimental_design.json
PXD047766	raw	experimental_design	factor_value	legacy_pair	annotations/raw/PXD047766/experimental_design.json
PXD047766	raw	experimental_design	number_of_fractions	legacy_pair	annotations/raw/PXD047766/experimental_design.json
PXD047766	raw	experimental_design	number_of_technical_replicates	legacy_pair	annotations/raw/PXD047766/experimental_design.json
PXD047766	raw	experimental_design	number_of_biological_replicates	legacy_pair	annotations/raw/PXD047766/experimental_design.json
PXD047766	raw	experimental_design	number_of_samples	legacy_pair	annotations/raw/PXD047766/experimental_design.json
PXD047766	raw	experimental_design	technology_type	legacy_pair	annotations/raw/PXD047766/experimental_design.json
PXD047766	normalized	experimental_design	biological_replicate	legacy_pair	annotations/normalized/PXD047766/experimental_design.json
PXD047766	normalized	experimental_design	technical_replicate	legacy_pair	annotations/normalized/PXD047766/experimental_design.json
PXD047766	normalized	experimental_design	experimental_design	legacy_pair	annotations/normalized/PXD047766/experimental_design.json
PXD047766	normalized	experimental_design	factor_value	legacy_pair	annotations/normalized/PXD047766/experimental_design.json
PXD047766	normalized	experimental_design	number_of_fractions	legacy_pair	annotations/normalized/PXD047766/experimental_design.json
PXD047766	normalized	experimental_design	number_of_technical_replicates	legacy_pair	annotations/normalized/PXD047766/experimental_design.json
PXD047766	normalized	experimental_design	number_of_biological_replicates	legacy_pair	annotations/normalized/PXD047766/experimental_design.json
PXD047766	normalized	experimental_design	number_of_samples	legacy_pair	annotations/normalized/PXD047766/experimental_design.json
PXD047766	normalized	experimental_design	technology_type	legacy_pair	annotations/normalized/PXD047766/experimental_design.json
PXD047989	raw	technical	acquisition_method	legacy_pair	annotations/raw/PXD047989/technical.json
PXD047989	raw	technical	alkylation_reagent	legacy_pair	annotations/raw/PXD047989/technical.json
PXD047989	raw	technical	alkylation_concentration	legacy_pair	annotations/raw/PXD047989/technical.json
PXD047989	raw	technical	cleavage_agent	legacy_pair	annotations/raw/PXD047989/technical.json
PXD047989	raw	technical	collision_energy	legacy_pair	annotations/raw/PXD047989/technical.json
PXD047989	raw	technical	enrichment_method	legacy_pair	annotations/raw/PXD047989/technical.json
PXD047989	raw	technical	fractionation_method	legacy_pair	annotations/raw/PXD047989/technical.json
PXD047989	raw	technical	fragmentation_method	legacy_pair	annotations/raw/PXD047989/technical.json
PXD047989	raw	technical	instrument	legacy_pair	annotations/raw/PXD047989/technical.json
PXD047989	raw	technical	ionization_type	legacy_pair	annotations/raw/PXD047989/technical.json
PXD047989	raw	technical	labeling	legacy_pair	annotations/raw/PXD047989/technical.json
PXD047989	raw	technical	mass_analyzer	legacy_pair	annotations/raw/PXD047989/technical.json
PXD047989	raw	technical	ptm	legacy_pair	annotations/raw/PXD047989/technical.json
PXD047989	raw	technical	reduction_reagent	legacy_pair	annotations/raw/PXD047989/technical.json
PXD047989	raw	technical	reduction_concentration	legacy_pair	annotations/raw/PXD047989/technical.json
PXD047989	normalized	technical	acquisition_method	legacy_pair	annotations/normalized/PXD047989/technical.json
PXD047989	normalized	technical	alkylation_reagent	legacy_pair	annotations/normalized/PXD047989/technical.json
PXD047989	normalized	technical	alkylation_concentration	legacy_pair	annotations/normalized/PXD047989/technical.json
PXD047989	normalized	technical	cleavage_agent	legacy_pair	annotations/normalized/PXD047989/technical.json
PXD047989	normalized	technical	collision_energy	legacy_pair	annotations/normalized/PXD047989/technical.json
PXD047989	normalized	technical	enrichment_method	legacy_pair	annotations/normalized/PXD047989/technical.json
PXD047989	normalized	technical	fractionation_method	legacy_pair	annotations/normalized/PXD047989/technical.json
PXD047989	normalized	technical	fragmentation_method	legacy_pair	annotations/normalized/PXD047989/technical.json
PXD047989	normalized	technical	instrument	single_object	annotations/normalized/PXD047989/technical.json
PXD047989	normalized	technical	ionization_type	legacy_pair	annotations/normalized/PXD047989/technical.json
PXD047989	normalized	technical	labeling	legacy_pair	annotations/normalized/PXD047989/technical.json
PXD047989	normalized	technical	mass_analyzer	legacy_pair	annotations/normalized/PXD047989/technical.json
PXD047989	normalized	technical	ptm	single_object	annotations/normalized/PXD047989/technical.json
PXD047989	normalized	technical	reduction_reagent	legacy_pair	annotations/normalized/PXD047989/technical.json
PXD047989	normalized	technical	reduction_concentration	legacy_pair	annotations/normalized/PXD047989/technical.json
PXD048228	raw	technical	acquisition_method	legacy_pair	annotations/raw/PXD048228/technical.json
PXD048228	raw	technical	alkylation_reagent	legacy_pair	annotations/raw/PXD048228/technical.json
PXD048228	raw	technical	alkylation_concentration	legacy_pair	annotations/raw/PXD048228/technical.json
PXD048228	raw	technical	cleavage_agent	legacy_pair	annotations/raw/PXD048228/technical.json
PXD048228	raw	technical	collision_energy	legacy_pair	annotations/raw/PXD048228/technical.json
PXD048228	raw	technical	enrichment_method	legacy_pair	annotations/raw/PXD048228/technical.json
PXD048228	raw	technical	fractionation_method	legacy_pair	annotations/raw/PXD048228/technical.json
PXD048228	raw	technical	fragmentation_method	legacy_pair	annotations/raw/PXD048228/technical.json
PXD048228	raw	technical	instrument	legacy_pair	annotations/raw/PXD048228/technical.json
PXD048228	raw	technical	ionization_type	legacy_pair	annotations/raw/PXD048228/technical.json
PXD048228	raw	technical	labeling	legacy_pair	annotations/raw/PXD048228/technical.json
PXD048228	raw	technical	mass_analyzer	legacy_pair	annotations/raw/PXD048228/technical.json
PXD048228	raw	technical	ptm	legacy_pair	annotations/raw/PXD048228/technical.json
PXD048228	raw	technical	reduction_reagent	legacy_pair	annotations/raw/PXD048228/technical.json
PXD048228	raw	technical	reduction_concentration	legacy_pair	annotations/raw/PXD048228/technical.json
PXD048228	normalized	technical	acquisition_method	legacy_pair	annotations/normalized/PXD048228/technical.json
PXD048228	normalized	technical	alkylation_reagent	legacy_pair	annotations/normalized/PXD048228/technical.json
PXD048228	normalized	technical	alkylation_concentration	legacy_pair	annotations/normalized/PXD048228/technical.json
PXD048228	normalized	technical	cleavage_agent	legacy_pair	annotations/normalized/PXD048228/technical.json
PXD048228	normalized	technical	collision_energy	legacy_pair	annotations/normalized/PXD048228/technical.json
PXD048228	normalized	technical	enrichment_method	legacy_pair	annotations/normalized/PXD048228/technical.json
PXD048228	normalized	technical	fractionation_method	legacy_pair	annotations/normalized/PXD048228/technical.json
PXD048228	normalized	technical	fragmentation_method	legacy_pair	annotations/normalized/PXD048228/technical.json
PXD048228	normalized	technical	instrument	single_object	annotations/normalized/PXD048228/technical.json
PXD048228	normalized	technical	ionization_type	legacy_pair	annotations/normalized/PXD048228/technical.json
PXD048228	normalized	technical	labeling	legacy_pair	annotations/normalized/PXD048228/technical.json
PXD048228	normalized	technical	mass_analyzer	legacy_pair	annotations/normalized/PXD048228/technical.json
PXD048228	normalized	technical	ptm	single_object	annotations/normalized/PXD048228/technical.json
PXD048228	normalized	technical	reduction_reagent	legacy_pair	annotations/normalized/PXD048228/technical.json
PXD048228	normalized	technical	reduction_concentration	legacy_pair	annotations/normalized/PXD048228/technical.json
PXD048645	raw	experimental_design	biological_replicate	legacy_pair	annotations/raw/PXD048645/experimental_design.json
PXD048645	raw	experimental_design	technical_replicate	legacy_pair	annotations/raw/PXD048645/experimental_design.json
PXD048645	raw	experimental_design	experimental_design	legacy_pair	annotations/raw/PXD048645/experimental_design.json
PXD048645	raw	experimental_design	factor_value	legacy_pair	annotations/raw/PXD048645/experimental_design.json
PXD048645	raw	experimental_design	number_of_fractions	legacy_pair	annotations/raw/PXD048645/experimental_design.json
PXD048645	raw	experimental_design	number_of_technical_replicates	legacy_pair	annotations/raw/PXD048645/experimental_design.json
PXD048645	raw	experimental_design	number_of_biological_replicates	legacy_pair	annotations/raw/PXD048645/experimental_design.json
PXD048645	raw	experimental_design	number_of_samples	legacy_pair	annotations/raw/PXD048645/experimental_design.json
PXD048645	raw	experimental_design	technology_type	legacy_pair	annotations/raw/PXD048645/experimental_design.json
PXD048645	normalized	experimental_design	biological_replicate	legacy_pair	annotations/normalized/PXD048645/experimental_design.json
PXD048645	normalized	experimental_design	technical_replicate	legacy_pair	annotations/normalized/PXD048645/experimental_design.json
PXD048645	normalized	experimental_design	experimental_design	legacy_pair	annotations/normalized/PXD048645/experimental_design.json
PXD048645	normalized	experimental_design	factor_value	legacy_pair	annotations/normalized/PXD048645/experimental_design.json
PXD048645	normalized	experimental_design	number_of_fractions	legacy_pair	annotations/normalized/PXD048645/experimental_design.json
PXD048645	normalized	experimental_design	number_of_technical_replicates	legacy_pair	annotations/normalized/PXD048645/experimental_design.json
PXD048645	normalized	experimental_design	number_of_biological_replicates	legacy_pair	annotations/normalized/PXD048645/experimental_design.json
PXD048645	normalized	experimental_design	number_of_samples	legacy_pair	annotations/normalized/PXD048645/experimental_design.json
PXD048645	normalized	experimental_design	technology_type	legacy_pair	annotations/normalized/PXD048645/experimental_design.json
PXD049181	raw	technical	acquisition_method	legacy_pair	annotations/raw/PXD049181/technical.json
PXD049181	raw	technical	alkylation_reagent	legacy_pair	annotations/raw/PXD049181/technical.json
PXD049181	raw	technical	alkylation_concentration	legacy_pair	annotations/raw/PXD049181/technical.json
PXD049181	raw	technical	cleavage_agent	legacy_pair	annotations/raw/PXD049181/technical.json
PXD049181	raw	technical	collision_energy	legacy_pair	annotations/raw/PXD049181/technical.json
PXD049181	raw	technical	enrichment_method	legacy_pair	annotations/raw/PXD049181/technical.json
PXD049181	raw	technical	fractionation_method	legacy_pair	annotations/raw/PXD049181/technical.json
PXD049181	raw	technical	fragmentation_method	legacy_pair	annotations/raw/PXD049181/technical.json
PXD049181	raw	technical	instrument	legacy_pair	annotations/raw/PXD049181/technical.json
PXD049181	raw	technical	ionization_type	legacy_pair	annotations/raw/PXD049181/technical.json
PXD049181	raw	technical	labeling	legacy_pair	annotations/raw/PXD049181/technical.json
PXD049181	raw	technical	mass_analyzer	legacy_pair	annotations/raw/PXD049181/technical.json
PXD049181	raw	technical	ptm	legacy_pair	annotations/raw/PXD049181/technical.json
PXD049181	raw	technical	reduction_reagent	legacy_pair	annotations/raw/PXD049181/technical.json
PXD049181	raw	technical	reduction_concentration	legacy_pair	annotations/raw/PXD049181/technical.json
PXD049181	normalized	technical	acquisition_method	legacy_pair	annotations/normalized/PXD049181/technical.json
PXD049181	normalized	technical	alkylation_reagent	legacy_pair	annotations/normalized/PXD049181/technical.json
PXD049181	normalized	technical	alkylation_concentration	legacy_pair	annotations/normalized/PXD049181/technical.json
PXD049181	normalized	technical	cleavage_agent	legacy_pair	annotations/normalized/PXD049181/technical.json
PXD049181	normalized	technical	collision_energy	legacy_pair	annotations/normalized/PXD049181/technical.json
PXD049181	normalized	technical	enrichment_method	legacy_pair	annotations/normalized/PXD049181/technical.json
PXD049181	normalized	technical	fractionation_method	legacy_pair	annotations/normalized/PXD049181/technical.json
PXD049181	normalized	technical	fragmentation_method	legacy_pair	annotations/normalized/PXD049181/technical.json
PXD049181	normalized	technical	instrument	single_object	annotations/normalized/PXD049181/technical.json
PXD049181	normalized	technical	ionization_type	legacy_pair	annotations/normalized/PXD049181/technical.json
PXD049181	normalized	technical	labeling	legacy_pair	annotations/normalized/PXD049181/technical.json
PXD049181	normalized	technical	mass_analyzer	legacy_pair	annotations/normalized/PXD049181/technical.json
PXD049181	normalized	technical	ptm	single_object	annotations/normalized/PXD049181/technical.json
PXD049181	normalized	technical	reduction_reagent	legacy_pair	annotations/normalized/PXD049181/technical.json
PXD049181	normalized	technical	reduction_concentration	legacy_pair	annotations/normalized/PXD049181/technical.json
PXD051089	raw	technical	acquisition_method	legacy_pair	annotations/raw/PXD051089/technical.json
PXD051089	raw	technical	alkylation_reagent	legacy_pair	annotations/raw/PXD051089/technical.json
PXD051089	raw	technical	alkylation_concentration	legacy_pair	annotations/raw/PXD051089/technical.json
PXD051089	raw	technical	cleavage_agent	legacy_pair	annotations/raw/PXD051089/technical.json
PXD051089	raw	technical	collision_energy	legacy_pair	annotations/raw/PXD051089/technical.json
PXD051089	raw	technical	enrichment_method	legacy_pair	annotations/raw/PXD051089/technical.json
PXD051089	raw	technical	fractionation_method	legacy_pair	annotations/raw/PXD051089/technical.json
PXD051089	raw	technical	fragmentation_method	legacy_pair	annotations/raw/PXD051089/technical.json
PXD051089	raw	technical	instrument	legacy_pair	annotations/raw/PXD051089/technical.json
PXD051089	raw	technical	ionization_type	legacy_pair	annotations/raw/PXD051089/technical.json
PXD051089	raw	technical	labeling	legacy_pair	annotations/raw/PXD051089/technical.json
PXD051089	raw	technical	mass_analyzer	legacy_pair	annotations/raw/PXD051089/technical.json
PXD051089	raw	technical	ptm	legacy_pair	annotations/raw/PXD051089/technical.json
PXD051089	raw	technical	reduction_reagent	legacy_pair	annotations/raw/PXD051089/technical.json
PXD051089	raw	technical	reduction_concentration	legacy_pair	annotations/raw/PXD051089/technical.json
PXD051089	normalized	technical	acquisition_method	legacy_pair	annotations/normalized/PXD051089/technical.json
PXD051089	normalized	technical	alkylation_reagent	legacy_pair	annotations/normalized/PXD051089/technical.json
PXD051089	normalized	technical	alkylation_concentration	legacy_pair	annotations/normalized/PXD051089/technical.json
PXD051089	normalized	technical	cleavage_agent	legacy_pair	annotations/normalized/PXD051089/technical.json
PXD051089	normalized	technical	collision_energy	legacy_pair	annotations/normalized/PXD051089/technical.json
PXD051089	normalized	technical	enrichment_method	legacy_pair	annotations/normalized/PXD051089/technical.json
PXD051089	normalized	technical	fractionation_method	legacy_pair	annotations/normalized/PXD051089/technical.json
PXD051089	normalized	technical	fragmentation_method	legacy_pair	annotations/normalized/PXD051089/technical.json
PXD051089	normalized	technical	instrument	single_object	annotations/normalized/PXD051089/technical.json
PXD051089	normalized	technical	ionization_type	legacy_pair	annotations/normalized/PXD051089/technical.json
PXD051089	normalized	technical	labeling	legacy_pair	annotations/normalized/PXD051089/technical.json
PXD051089	normalized	technical	mass_analyzer	legacy_pair	annotations/normalized/PXD051089/technical.json
PXD051089	normalized	technical	ptm	single_object	annotations/normalized/PXD051089/technical.json
PXD051089	normalized	technical	reduction_reagent	legacy_pair	annotations/normalized/PXD051089/technical.json
PXD051089	normalized	technical	reduction_concentration	legacy_pair	annotations/normalized/PXD051089/technical.json
PXD051473	raw	experimental_design	biological_replicate	legacy_pair	annotations/raw/PXD051473/experimental_design.json
PXD051473	raw	experimental_design	technical_replicate	legacy_pair	annotations/raw/PXD051473/experimental_design.json
PXD051473	raw	experimental_design	experimental_design	legacy_pair	annotations/raw/PXD051473/experimental_design.json
PXD051473	raw	experimental_design	factor_value	legacy_pair	annotations/raw/PXD051473/experimental_design.json
PXD051473	raw	experimental_design	number_of_fractions	legacy_pair	annotations/raw/PXD051473/experimental_design.json
PXD051473	raw	experimental_design	number_of_technical_replicates	legacy_pair	annotations/raw/PXD051473/experimental_design.json
PXD051473	raw	experimental_design	number_of_biological_replicates	legacy_pair	annotations/raw/PXD051473/experimental_design.json
PXD051473	raw	experimental_design	number_of_samples	legacy_pair	annotations/raw/PXD051473/experimental_design.json
PXD051473	raw	experimental_design	technology_type	legacy_pair	annotations/raw/PXD051473/experimental_design.json
PXD051473	normalized	experimental_design	biological_replicate	legacy_pair	annotations/normalized/PXD051473/experimental_design.json
PXD051473	normalized	experimental_design	technical_replicate	legacy_pair	annotations/normalized/PXD051473/experimental_design.json
PXD051473	normalized	experimental_design	experimental_design	legacy_pair	annotations/normalized/PXD051473/experimental_design.json
PXD051473	normalized	experimental_design	factor_value	legacy_pair	annotations/normalized/PXD051473/experimental_design.json
PXD051473	normalized	experimental_design	number_of_fractions	legacy_pair	annotations/normalized/PXD051473/experimental_design.json
PXD051473	normalized	experimental_design	number_of_technical_replicates	legacy_pair	annotations/normalized/PXD051473/experimental_design.json
PXD051473	normalized	experimental_design	number_of_biological_replicates	legacy_pair	annotations/normalized/PXD051473/experimental_design.json
PXD051473	normalized	experimental_design	number_of_samples	legacy_pair	annotations/normalized/PXD051473/experimental_design.json
PXD051473	normalized	experimental_design	technology_type	legacy_pair	annotations/normalized/PXD051473/experimental_design.json
PXD055973	raw	technical	acquisition_method	legacy_pair	annotations/raw/PXD055973/technical.json
PXD055973	raw	technical	alkylation_reagent	legacy_pair	annotations/raw/PXD055973/technical.json
PXD055973	raw	technical	alkylation_concentration	legacy_pair	annotations/raw/PXD055973/technical.json
PXD055973	raw	technical	cleavage_agent	legacy_pair	annotations/raw/PXD055973/technical.json
PXD055973	raw	technical	collision_energy	legacy_pair	annotations/raw/PXD055973/technical.json
PXD055973	raw	technical	enrichment_method	legacy_pair	annotations/raw/PXD055973/technical.json
PXD055973	raw	technical	fractionation_method	legacy_pair	annotations/raw/PXD055973/technical.json
PXD055973	raw	technical	fragmentation_method	legacy_pair	annotations/raw/PXD055973/technical.json
PXD055973	raw	technical	instrument	legacy_pair	annotations/raw/PXD055973/technical.json
PXD055973	raw	technical	ionization_type	legacy_pair	annotations/raw/PXD055973/technical.json
PXD055973	raw	technical	labeling	legacy_pair	annotations/raw/PXD055973/technical.json
PXD055973	raw	technical	mass_analyzer	legacy_pair	annotations/raw/PXD055973/technical.json
PXD055973	raw	technical	ptm	legacy_pair	annotations/raw/PXD055973/technical.json
PXD055973	raw	technical	reduction_reagent	legacy_pair	annotations/raw/PXD055973/technical.json
PXD055973	raw	technical	reduction_concentration	legacy_pair	annotations/raw/PXD055973/technical.json
PXD055973	normalized	technical	acquisition_method	legacy_pair	annotations/normalized/PXD055973/technical.json
PXD055973	normalized	technical	alkylation_reagent	legacy_pair	annotations/normalized/PXD055973/technical.json
PXD055973	normalized	technical	alkylation_concentration	legacy_pair	annotations/normalized/PXD055973/technical.json
PXD055973	normalized	technical	cleavage_agent	legacy_pair	annotations/normalized/PXD055973/technical.json
PXD055973	normalized	technical	collision_energy	legacy_pair	annotations/normalized/PXD055973/technical.json
PXD055973	normalized	technical	enrichment_method	legacy_pair	annotations/normalized/PXD055973/technical.json
PXD055973	normalized	technical	fractionation_method	legacy_pair	annotations/normalized/PXD055973/technical.json
PXD055973	normalized	technical	fragmentation_method	legacy_pair	annotations/normalized/PXD055973/technical.json
PXD055973	normalized	technical	instrument	single_object	annotations/normalized/PXD055973/technical.json
PXD055973	normalized	technical	ionization_type	legacy_pair	annotations/normalized/PXD055973/technical.json
PXD055973	normalized	technical	labeling	legacy_pair	annotations/normalized/PXD055973/technical.json
PXD055973	normalized	technical	mass_analyzer	legacy_pair	annotations/normalized/PXD055973/technical.json
PXD055973	normalized	technical	ptm	single_object	annotations/normalized/PXD055973/technical.json
PXD055973	normalized	technical	reduction_reagent	legacy_pair	annotations/normalized/PXD055973/technical.json
PXD055973	normalized	technical	reduction_concentration	legacy_pair	annotations/normalized/PXD055973/technical.json
PXD056170	raw	technical	acquisition_method	legacy_pair	annotations/raw/PXD056170/technical.json
PXD056170	raw	technical	alkylation_reagent	legacy_pair	annotations/raw/PXD056170/technical.json
PXD056170	raw	technical	alkylation_concentration	legacy_pair	annotations/raw/PXD056170/technical.json
PXD056170	raw	technical	cleavage_agent	legacy_pair	annotations/raw/PXD056170/technical.json
PXD056170	raw	technical	collision_energy	legacy_pair	annotations/raw/PXD056170/technical.json
PXD056170	raw	technical	enrichment_method	legacy_pair	annotations/raw/PXD056170/technical.json
PXD056170	raw	technical	fractionation_method	legacy_pair	annotations/raw/PXD056170/technical.json
PXD056170	raw	technical	fragmentation_method	legacy_pair	annotations/raw/PXD056170/technical.json
PXD056170	raw	technical	instrument	legacy_pair	annotations/raw/PXD056170/technical.json
PXD056170	raw	technical	ionization_type	legacy_pair	annotations/raw/PXD056170/technical.json
PXD056170	raw	technical	labeling	legacy_pair	annotations/raw/PXD056170/technical.json
PXD056170	raw	technical	mass_analyzer	legacy_pair	annotations/raw/PXD056170/technical.json
PXD056170	raw	technical	ptm	legacy_pair	annotations/raw/PXD056170/technical.json
PXD056170	raw	technical	reduction_reagent	legacy_pair	annotations/raw/PXD056170/technical.json
PXD056170	raw	technical	reduction_concentration	legacy_pair	annotations/raw/PXD056170/technical.json
PXD056170	raw	experimental_design	biological_replicate	legacy_pair	annotations/raw/PXD056170/experimental_design.json
PXD056170	raw	experimental_design	technical_replicate	legacy_pair	annotations/raw/PXD056170/experimental_design.json
PXD056170	raw	experimental_design	experimental_design	legacy_pair	annotations/raw/PXD056170/experimental_design.json
PXD056170	raw	experimental_design	factor_value	legacy_pair	annotations/raw/PXD056170/experimental_design.json
PXD056170	raw	experimental_design	number_of_fractions	legacy_pair	annotations/raw/PXD056170/experimental_design.json
PXD056170	raw	experimental_design	number_of_technical_replicates	legacy_pair	annotations/raw/PXD056170/experimental_design.json
PXD056170	raw	experimental_design	number_of_biological_replicates	legacy_pair	annotations/raw/PXD056170/experimental_design.json
PXD056170	raw	experimental_design	number_of_samples	legacy_pair	annotations/raw/PXD056170/experimental_design.json
PXD056170	raw	experimental_design	technology_type	legacy_pair	annotations/raw/PXD056170/experimental_design.json
PXD056170	normalized	technical	acquisition_method	legacy_pair	annotations/normalized/PXD056170/technical.json
PXD056170	normalized	technical	alkylation_reagent	legacy_pair	annotations/normalized/PXD056170/technical.json
PXD056170	normalized	technical	alkylation_concentration	legacy_pair	annotations/normalized/PXD056170/technical.json
PXD056170	normalized	technical	cleavage_agent	legacy_pair	annotations/normalized/PXD056170/technical.json
PXD056170	normalized	technical	collision_energy	legacy_pair	annotations/normalized/PXD056170/technical.json
PXD056170	normalized	technical	enrichment_method	legacy_pair	annotations/normalized/PXD056170/technical.json
PXD056170	normalized	technical	fractionation_method	legacy_pair	annotations/normalized/PXD056170/technical.json
PXD056170	normalized	technical	fragmentation_method	legacy_pair	annotations/normalized/PXD056170/technical.json
PXD056170	normalized	technical	instrument	single_object	annotations/normalized/PXD056170/technical.json
PXD056170	normalized	technical	ionization_type	legacy_pair	annotations/normalized/PXD056170/technical.json
PXD056170	normalized	technical	labeling	legacy_pair	annotations/normalized/PXD056170/technical.json
PXD056170	normalized	technical	mass_analyzer	legacy_pair	annotations/normalized/PXD056170/technical.json
PXD056170	normalized	technical	ptm	single_object	annotations/normalized/PXD056170/technical.json
PXD056170	normalized	technical	reduction_reagent	legacy_pair	annotations/normalized/PXD056170/technical.json
PXD056170	normalized	technical	reduction_concentration	legacy_pair	annotations/normalized/PXD056170/technical.json
PXD056170	normalized	experimental_design	biological_replicate	legacy_pair	annotations/normalized/PXD056170/experimental_design.json
PXD056170	normalized	experimental_design	technical_replicate	legacy_pair	annotations/normalized/PXD056170/experimental_design.json
PXD056170	normalized	experimental_design	experimental_design	legacy_pair	annotations/normalized/PXD056170/experimental_design.json
PXD056170	normalized	experimental_design	factor_value	legacy_pair	annotations/normalized/PXD056170/experimental_design.json
PXD056170	normalized	experimental_design	number_of_fractions	legacy_pair	annotations/normalized/PXD056170/experimental_design.json
PXD056170	normalized	experimental_design	number_of_technical_replicates	legacy_pair	annotations/normalized/PXD056170/experimental_design.json
PXD056170	normalized	experimental_design	number_of_biological_replicates	legacy_pair	annotations/normalized/PXD056170/experimental_design.json
PXD056170	normalized	experimental_design	number_of_samples	legacy_pair	annotations/normalized/PXD056170/experimental_design.json
PXD056170	normalized	experimental_design	technology_type	legacy_pair	annotations/normalized/PXD056170/experimental_design.json
PXD057944	raw	experimental_design	biological_replicate	legacy_pair	annotations/raw/PXD057944/experimental_design.json
PXD057944	raw	experimental_design	technical_replicate	legacy_pair	annotations/raw/PXD057944/experimental_design.json
PXD057944	raw	experimental_design	experimental_design	legacy_pair	annotations/raw/PXD057944/experimental_design.json
PXD057944	raw	experimental_design	factor_value	legacy_pair	annotations/raw/PXD057944/experimental_design.json
PXD057944	raw	experimental_design	number_of_fractions	legacy_pair	annotations/raw/PXD057944/experimental_design.json
PXD057944	raw	experimental_design	number_of_technical_replicates	legacy_pair	annotations/raw/PXD057944/experimental_design.json
PXD057944	raw	experimental_design	number_of_biological_replicates	legacy_pair	annotations/raw/PXD057944/experimental_design.json
PXD057944	raw	experimental_design	number_of_samples	legacy_pair	annotations/raw/PXD057944/experimental_design.json
PXD057944	raw	experimental_design	technology_type	legacy_pair	annotations/raw/PXD057944/experimental_design.json
PXD057944	normalized	experimental_design	biological_replicate	legacy_pair	annotations/normalized/PXD057944/experimental_design.json
PXD057944	normalized	experimental_design	technical_replicate	legacy_pair	annotations/normalized/PXD057944/experimental_design.json
PXD057944	normalized	experimental_design	experimental_design	legacy_pair	annotations/normalized/PXD057944/experimental_design.json
PXD057944	normalized	experimental_design	factor_value	legacy_pair	annotations/normalized/PXD057944/experimental_design.json
PXD057944	normalized	experimental_design	number_of_fractions	legacy_pair	annotations/normalized/PXD057944/experimental_design.json
PXD057944	normalized	experimental_design	number_of_technical_replicates	legacy_pair	annotations/normalized/PXD057944/experimental_design.json
PXD057944	normalized	experimental_design	number_of_biological_replicates	legacy_pair	annotations/normalized/PXD057944/experimental_design.json
PXD057944	normalized	experimental_design	number_of_samples	legacy_pair	annotations/normalized/PXD057944/experimental_design.json
PXD057944	normalized	experimental_design	technology_type	legacy_pair	annotations/normalized/PXD057944/experimental_design.json
PXD058753	raw	technical	acquisition_method	legacy_pair	annotations/raw/PXD058753/technical.json
PXD058753	raw	technical	alkylation_reagent	legacy_pair	annotations/raw/PXD058753/technical.json
PXD058753	raw	technical	alkylation_concentration	legacy_pair	annotations/raw/PXD058753/technical.json
PXD058753	raw	technical	cleavage_agent	legacy_pair	annotations/raw/PXD058753/technical.json
PXD058753	raw	technical	collision_energy	legacy_pair	annotations/raw/PXD058753/technical.json
PXD058753	raw	technical	enrichment_method	legacy_pair	annotations/raw/PXD058753/technical.json
PXD058753	raw	technical	fractionation_method	legacy_pair	annotations/raw/PXD058753/technical.json
PXD058753	raw	technical	fragmentation_method	legacy_pair	annotations/raw/PXD058753/technical.json
PXD058753	raw	technical	instrument	legacy_pair	annotations/raw/PXD058753/technical.json
PXD058753	raw	technical	ionization_type	legacy_pair	annotations/raw/PXD058753/technical.json
PXD058753	raw	technical	labeling	legacy_pair	annotations/raw/PXD058753/technical.json
PXD058753	raw	technical	mass_analyzer	legacy_pair	annotations/raw/PXD058753/technical.json
PXD058753	raw	technical	ptm	legacy_pair	annotations/raw/PXD058753/technical.json
PXD058753	raw	technical	reduction_reagent	legacy_pair	annotations/raw/PXD058753/technical.json
PXD058753	raw	technical	reduction_concentration	legacy_pair	annotations/raw/PXD058753/technical.json
PXD058753	raw	experimental_design	biological_replicate	legacy_pair	annotations/raw/PXD058753/experimental_design.json
PXD058753	raw	experimental_design	technical_replicate	legacy_pair	annotations/raw/PXD058753/experimental_design.json
PXD058753	raw	experimental_design	experimental_design	legacy_pair	annotations/raw/PXD058753/experimental_design.json
PXD058753	raw	experimental_design	factor_value	legacy_pair	annotations/raw/PXD058753/experimental_design.json
PXD058753	raw	experimental_design	number_of_fractions	legacy_pair	annotations/raw/PXD058753/experimental_design.json
PXD058753	raw	experimental_design	number_of_technical_replicates	legacy_pair	annotations/raw/PXD058753/experimental_design.json
PXD058753	raw	experimental_design	number_of_biological_replicates	legacy_pair	annotations/raw/PXD058753/experimental_design.json
PXD058753	raw	experimental_design	number_of_samples	legacy_pair	annotations/raw/PXD058753/experimental_design.json
PXD058753	raw	experimental_design	technology_type	legacy_pair	annotations/raw/PXD058753/experimental_design.json
PXD058753	normalized	technical	acquisition_method	legacy_pair	annotations/normalized/PXD058753/technical.json
PXD058753	normalized	technical	alkylation_reagent	legacy_pair	annotations/normalized/PXD058753/technical.json
PXD058753	normalized	technical	alkylation_concentration	legacy_pair	annotations/normalized/PXD058753/technical.json
PXD058753	normalized	technical	cleavage_agent	legacy_pair	annotations/normalized/PXD058753/technical.json
PXD058753	normalized	technical	collision_energy	legacy_pair	annotations/normalized/PXD058753/technical.json
PXD058753	normalized	technical	enrichment_method	legacy_pair	annotations/normalized/PXD058753/technical.json
PXD058753	normalized	technical	fractionation_method	legacy_pair	annotations/normalized/PXD058753/technical.json
PXD058753	normalized	technical	fragmentation_method	legacy_pair	annotations/normalized/PXD058753/technical.json
PXD058753	normalized	technical	instrument	single_object	annotations/normalized/PXD058753/technical.json
PXD058753	normalized	technical	ionization_type	legacy_pair	annotations/normalized/PXD058753/technical.json
PXD058753	normalized	technical	labeling	legacy_pair	annotations/normalized/PXD058753/technical.json
PXD058753	normalized	technical	mass_analyzer	legacy_pair	annotations/normalized/PXD058753/technical.json
PXD058753	normalized	technical	ptm	single_object	annotations/normalized/PXD058753/technical.json
PXD058753	normalized	technical	reduction_reagent	legacy_pair	annotations/normalized/PXD058753/technical.json
PXD058753	normalized	technical	reduction_concentration	legacy_pair	annotations/normalized/PXD058753/technical.json
PXD058753	normalized	experimental_design	biological_replicate	legacy_pair	annotations/normalized/PXD058753/experimental_design.json
PXD058753	normalized	experimental_design	technical_replicate	legacy_pair	annotations/normalized/PXD058753/experimental_design.json
PXD058753	normalized	experimental_design	experimental_design	legacy_pair	annotations/normalized/PXD058753/experimental_design.json
PXD058753	normalized	experimental_design	factor_value	legacy_pair	annotations/normalized/PXD058753/experimental_design.json
PXD058753	normalized	experimental_design	number_of_fractions	legacy_pair	annotations/normalized/PXD058753/experimental_design.json
PXD058753	normalized	experimental_design	number_of_technical_replicates	legacy_pair	annotations/normalized/PXD058753/experimental_design.json
PXD058753	normalized	experimental_design	number_of_biological_replicates	legacy_pair	annotations/normalized/PXD058753/experimental_design.json
PXD058753	normalized	experimental_design	number_of_samples	legacy_pair	annotations/normalized/PXD058753/experimental_design.json
PXD058753	normalized	experimental_design	technology_type	legacy_pair	annotations/normalized/PXD058753/experimental_design.json
PXD060372	raw	technical	acquisition_method	legacy_pair	annotations/raw/PXD060372/technical.json
PXD060372	raw	technical	alkylation_reagent	legacy_pair	annotations/raw/PXD060372/technical.json
PXD060372	raw	technical	alkylation_concentration	legacy_pair	annotations/raw/PXD060372/technical.json
PXD060372	raw	technical	cleavage_agent	legacy_pair	annotations/raw/PXD060372/technical.json
PXD060372	raw	technical	collision_energy	legacy_pair	annotations/raw/PXD060372/technical.json
PXD060372	raw	technical	enrichment_method	legacy_pair	annotations/raw/PXD060372/technical.json
PXD060372	raw	technical	fractionation_method	legacy_pair	annotations/raw/PXD060372/technical.json
PXD060372	raw	technical	fragmentation_method	legacy_pair	annotations/raw/PXD060372/technical.json
PXD060372	raw	technical	instrument	legacy_pair	annotations/raw/PXD060372/technical.json
PXD060372	raw	technical	ionization_type	legacy_pair	annotations/raw/PXD060372/technical.json
PXD060372	raw	technical	labeling	legacy_pair	annotations/raw/PXD060372/technical.json
PXD060372	raw	technical	mass_analyzer	legacy_pair	annotations/raw/PXD060372/technical.json
PXD060372	raw	technical	ptm	legacy_pair	annotations/raw/PXD060372/technical.json
PXD060372	raw	technical	reduction_reagent	legacy_pair	annotations/raw/PXD060372/technical.json
PXD060372	raw	technical	reduction_concentration	legacy_pair	annotations/raw/PXD060372/technical.json
PXD060372	normalized	technical	acquisition_method	legacy_pair	annotations/normalized/PXD060372/technical.json
PXD060372	normalized	technical	alkylation_reagent	legacy_pair	annotations/normalized/PXD060372/technical.json
PXD060372	normalized	technical	alkylation_concentration	legacy_pair	annotations/normalized/PXD060372/technical.json
PXD060372	normalized	technical	cleavage_agent	legacy_pair	annotations/normalized/PXD060372/technical.json
PXD060372	normalized	technical	collision_energy	legacy_pair	annotations/normalized/PXD060372/technical.json
PXD060372	normalized	technical	enrichment_method	legacy_pair	annotations/normalized/PXD060372/technical.json
PXD060372	normalized	technical	fractionation_method	legacy_pair	annotations/normalized/PXD060372/technical.json
PXD060372	normalized	technical	fragmentation_method	legacy_pair	annotations/normalized/PXD060372/technical.json
PXD060372	normalized	technical	instrument	single_object	annotations/normalized/PXD060372/technical.json
PXD060372	normalized	technical	ionization_type	legacy_pair	annotations/normalized/PXD060372/technical.json
PXD060372	normalized	technical	labeling	legacy_pair	annotations/normalized/PXD060372/technical.json
PXD060372	normalized	technical	mass_analyzer	legacy_pair	annotations/normalized/PXD060372/technical.json
PXD060372	normalized	technical	ptm	single_object	annotations/normalized/PXD060372/technical.json
PXD060372	normalized	technical	reduction_reagent	legacy_pair	annotations/normalized/PXD060372/technical.json
PXD060372	normalized	technical	reduction_concentration	legacy_pair	annotations/normalized/PXD060372/technical.json
PXD061307	raw	experimental_design	biological_replicate	legacy_pair	annotations/raw/PXD061307/experimental_design.json
PXD061307	raw	experimental_design	technical_replicate	legacy_pair	annotations/raw/PXD061307/experimental_design.json
PXD061307	raw	experimental_design	experimental_design	legacy_pair	annotations/raw/PXD061307/experimental_design.json
PXD061307	raw	experimental_design	factor_value	legacy_pair	annotations/raw/PXD061307/experimental_design.json
PXD061307	raw	experimental_design	number_of_fractions	legacy_pair	annotations/raw/PXD061307/experimental_design.json
PXD061307	raw	experimental_design	number_of_technical_replicates	legacy_pair	annotations/raw/PXD061307/experimental_design.json
PXD061307	raw	experimental_design	number_of_biological_replicates	legacy_pair	annotations/raw/PXD061307/experimental_design.json
PXD061307	raw	experimental_design	number_of_samples	legacy_pair	annotations/raw/PXD061307/experimental_design.json
PXD061307	raw	experimental_design	technology_type	legacy_pair	annotations/raw/PXD061307/experimental_design.json
PXD061307	normalized	experimental_design	biological_replicate	legacy_pair	annotations/normalized/PXD061307/experimental_design.json
PXD061307	normalized	experimental_design	technical_replicate	legacy_pair	annotations/normalized/PXD061307/experimental_design.json
PXD061307	normalized	experimental_design	experimental_design	legacy_pair	annotations/normalized/PXD061307/experimental_design.json
PXD061307	normalized	experimental_design	factor_value	legacy_pair	annotations/normalized/PXD061307/experimental_design.json
PXD061307	normalized	experimental_design	number_of_fractions	legacy_pair	annotations/normalized/PXD061307/experimental_design.json
PXD061307	normalized	experimental_design	number_of_technical_replicates	legacy_pair	annotations/normalized/PXD061307/experimental_design.json
PXD061307	normalized	experimental_design	number_of_biological_replicates	legacy_pair	annotations/normalized/PXD061307/experimental_design.json
PXD061307	normalized	experimental_design	number_of_samples	legacy_pair	annotations/normalized/PXD061307/experimental_design.json
PXD061307	normalized	experimental_design	technology_type	legacy_pair	annotations/normalized/PXD061307/experimental_design.json
PXD061855	raw	experimental_design	biological_replicate	legacy_pair	annotations/raw/PXD061855/experimental_design.json
PXD061855	raw	experimental_design	technical_replicate	legacy_pair	annotations/raw/PXD061855/experimental_design.json
PXD061855	raw	experimental_design	experimental_design	legacy_pair	annotations/raw/PXD061855/experimental_design.json
PXD061855	raw	experimental_design	factor_value	legacy_pair	annotations/raw/PXD061855/experimental_design.json
PXD061855	raw	experimental_design	number_of_fractions	legacy_pair	annotations/raw/PXD061855/experimental_design.json
PXD061855	raw	experimental_design	number_of_technical_replicates	legacy_pair	annotations/raw/PXD061855/experimental_design.json
PXD061855	raw	experimental_design	number_of_biological_replicates	legacy_pair	annotations/raw/PXD061855/experimental_design.json
PXD061855	raw	experimental_design	number_of_samples	legacy_pair	annotations/raw/PXD061855/experimental_design.json
PXD061855	raw	experimental_design	technology_type	legacy_pair	annotations/raw/PXD061855/experimental_design.json
PXD061855	normalized	experimental_design	biological_replicate	legacy_pair	annotations/normalized/PXD061855/experimental_design.json
PXD061855	normalized	experimental_design	technical_replicate	legacy_pair	annotations/normalized/PXD061855/experimental_design.json
PXD061855	normalized	experimental_design	experimental_design	legacy_pair	annotations/normalized/PXD061855/experimental_design.json
PXD061855	normalized	experimental_design	factor_value	legacy_pair	annotations/normalized/PXD061855/experimental_design.json
PXD061855	normalized	experimental_design	number_of_fractions	legacy_pair	annotations/normalized/PXD061855/experimental_design.json
PXD061855	normalized	experimental_design	number_of_technical_replicates	legacy_pair	annotations/normalized/PXD061855/experimental_design.json
PXD061855	normalized	experimental_design	number_of_biological_replicates	legacy_pair	annotations/normalized/PXD061855/experimental_design.json
PXD061855	normalized	experimental_design	number_of_samples	legacy_pair	annotations/normalized/PXD061855/experimental_design.json
PXD061855	normalized	experimental_design	technology_type	legacy_pair	annotations/normalized/PXD061855/experimental_design.json
PXD062536	raw	experimental_design	biological_replicate	legacy_pair	annotations/raw/PXD062536/experimental_design.json
PXD062536	raw	experimental_design	technical_replicate	legacy_pair	annotations/raw/PXD062536/experimental_design.json
PXD062536	raw	experimental_design	experimental_design	legacy_pair	annotations/raw/PXD062536/experimental_design.json
PXD062536	raw	experimental_design	factor_value	legacy_pair	annotations/raw/PXD062536/experimental_design.json
PXD062536	raw	experimental_design	number_of_fractions	legacy_pair	annotations/raw/PXD062536/experimental_design.json
PXD062536	raw	experimental_design	number_of_technical_replicates	legacy_pair	annotations/raw/PXD062536/experimental_design.json
PXD062536	raw	experimental_design	number_of_biological_replicates	legacy_pair	annotations/raw/PXD062536/experimental_design.json
PXD062536	raw	experimental_design	number_of_samples	legacy_pair	annotations/raw/PXD062536/experimental_design.json
PXD062536	raw	experimental_design	technology_type	legacy_pair	annotations/raw/PXD062536/experimental_design.json
PXD062536	normalized	experimental_design	biological_replicate	legacy_pair	annotations/normalized/PXD062536/experimental_design.json
PXD062536	normalized	experimental_design	technical_replicate	legacy_pair	annotations/normalized/PXD062536/experimental_design.json
PXD062536	normalized	experimental_design	experimental_design	legacy_pair	annotations/normalized/PXD062536/experimental_design.json
PXD062536	normalized	experimental_design	factor_value	legacy_pair	annotations/normalized/PXD062536/experimental_design.json
PXD062536	normalized	experimental_design	number_of_fractions	legacy_pair	annotations/normalized/PXD062536/experimental_design.json
PXD062536	normalized	experimental_design	number_of_technical_replicates	legacy_pair	annotations/normalized/PXD062536/experimental_design.json
PXD062536	normalized	experimental_design	number_of_biological_replicates	legacy_pair	annotations/normalized/PXD062536/experimental_design.json
PXD062536	normalized	experimental_design	number_of_samples	legacy_pair	annotations/normalized/PXD062536/experimental_design.json
PXD062536	normalized	experimental_design	technology_type	legacy_pair	annotations/normalized/PXD062536/experimental_design.json
PXD062745	raw	technical	acquisition_method	legacy_pair	annotations/raw/PXD062745/technical.json
PXD062745	raw	technical	alkylation_reagent	legacy_pair	annotations/raw/PXD062745/technical.json
PXD062745	raw	technical	alkylation_concentration	legacy_pair	annotations/raw/PXD062745/technical.json
PXD062745	raw	technical	cleavage_agent	legacy_pair	annotations/raw/PXD062745/technical.json
PXD062745	raw	technical	collision_energy	legacy_pair	annotations/raw/PXD062745/technical.json
PXD062745	raw	technical	enrichment_method	legacy_pair	annotations/raw/PXD062745/technical.json
PXD062745	raw	technical	fractionation_method	legacy_pair	annotations/raw/PXD062745/technical.json
PXD062745	raw	technical	fragmentation_method	legacy_pair	annotations/raw/PXD062745/technical.json
PXD062745	raw	technical	instrument	legacy_pair	annotations/raw/PXD062745/technical.json
PXD062745	raw	technical	ionization_type	legacy_pair	annotations/raw/PXD062745/technical.json
PXD062745	raw	technical	labeling	legacy_pair	annotations/raw/PXD062745/technical.json
PXD062745	raw	technical	mass_analyzer	legacy_pair	annotations/raw/PXD062745/technical.json
PXD062745	raw	technical	ptm	legacy_pair	annotations/raw/PXD062745/technical.json
PXD062745	raw	technical	reduction_reagent	legacy_pair	annotations/raw/PXD062745/technical.json
PXD062745	raw	technical	reduction_concentration	legacy_pair	annotations/raw/PXD062745/technical.json
PXD062745	normalized	technical	acquisition_method	legacy_pair	annotations/normalized/PXD062745/technical.json
PXD062745	normalized	technical	alkylation_reagent	legacy_pair	annotations/normalized/PXD062745/technical.json
PXD062745	normalized	technical	alkylation_concentration	legacy_pair	annotations/normalized/PXD062745/technical.json
PXD062745	normalized	technical	cleavage_agent	legacy_pair	annotations/normalized/PXD062745/technical.json
PXD062745	normalized	technical	collision_energy	legacy_pair	annotations/normalized/PXD062745/technical.json
PXD062745	normalized	technical	enrichment_method	legacy_pair	annotations/normalized/PXD062745/technical.json
PXD062745	normalized	technical	fractionation_method	legacy_pair	annotations/normalized/PXD062745/technical.json
PXD062745	normalized	technical	fragmentation_method	legacy_pair	annotations/normalized/PXD062745/technical.json
PXD062745	normalized	technical	instrument	single_object	annotations/normalized/PXD062745/technical.json
PXD062745	normalized	technical	ionization_type	legacy_pair	annotations/normalized/PXD062745/technical.json
PXD062745	normalized	technical	labeling	legacy_pair	annotations/normalized/PXD062745/technical.json
PXD062745	normalized	technical	mass_analyzer	legacy_pair	annotations/normalized/PXD062745/technical.json
PXD062745	normalized	technical	ptm	single_object	annotations/normalized/PXD062745/technical.json
PXD062745	normalized	technical	reduction_reagent	legacy_pair	annotations/normalized/PXD062745/technical.json
PXD062745	normalized	technical	reduction_concentration	legacy_pair	annotations/normalized/PXD062745/technical.json
PXD063455	raw	technical	acquisition_method	legacy_pair	annotations/raw/PXD063455/technical.json
PXD063455	raw	technical	alkylation_reagent	legacy_pair	annotations/raw/PXD063455/technical.json
PXD063455	raw	technical	alkylation_concentration	legacy_pair	annotations/raw/PXD063455/technical.json
PXD063455	raw	technical	cleavage_agent	legacy_pair	annotations/raw/PXD063455/technical.json
PXD063455	raw	technical	collision_energy	legacy_pair	annotations/raw/PXD063455/technical.json
PXD063455	raw	technical	enrichment_method	legacy_pair	annotations/raw/PXD063455/technical.json
PXD063455	raw	technical	fractionation_method	legacy_pair	annotations/raw/PXD063455/technical.json
PXD063455	raw	technical	fragmentation_method	legacy_pair	annotations/raw/PXD063455/technical.json
PXD063455	raw	technical	instrument	legacy_pair	annotations/raw/PXD063455/technical.json
PXD063455	raw	technical	ionization_type	legacy_pair	annotations/raw/PXD063455/technical.json
PXD063455	raw	technical	labeling	legacy_pair	annotations/raw/PXD063455/technical.json
PXD063455	raw	technical	mass_analyzer	legacy_pair	annotations/raw/PXD063455/technical.json
PXD063455	raw	technical	ptm	legacy_pair	annotations/raw/PXD063455/technical.json
PXD063455	raw	technical	reduction_reagent	legacy_pair	annotations/raw/PXD063455/technical.json
PXD063455	raw	technical	reduction_concentration	legacy_pair	annotations/raw/PXD063455/technical.json
PXD063455	normalized	technical	acquisition_method	legacy_pair	annotations/normalized/PXD063455/technical.json
PXD063455	normalized	technical	alkylation_reagent	legacy_pair	annotations/normalized/PXD063455/technical.json
PXD063455	normalized	technical	alkylation_concentration	legacy_pair	annotations/normalized/PXD063455/technical.json
PXD063455	normalized	technical	cleavage_agent	legacy_pair	annotations/normalized/PXD063455/technical.json
PXD063455	normalized	technical	collision_energy	legacy_pair	annotations/normalized/PXD063455/technical.json
PXD063455	normalized	technical	enrichment_method	legacy_pair	annotations/normalized/PXD063455/technical.json
PXD063455	normalized	technical	fractionation_method	legacy_pair	annotations/normalized/PXD063455/technical.json
PXD063455	normalized	technical	fragmentation_method	legacy_pair	annotations/normalized/PXD063455/technical.json
PXD063455	normalized	technical	instrument	single_object	annotations/normalized/PXD063455/technical.json
PXD063455	normalized	technical	ionization_type	legacy_pair	annotations/normalized/PXD063455/technical.json
PXD063455	normalized	technical	labeling	legacy_pair	annotations/normalized/PXD063455/technical.json
PXD063455	normalized	technical	mass_analyzer	legacy_pair	annotations/normalized/PXD063455/technical.json
PXD063455	normalized	technical	ptm	single_object	annotations/normalized/PXD063455/technical.json
PXD063455	normalized	technical	reduction_reagent	legacy_pair	annotations/normalized/PXD063455/technical.json
PXD063455	normalized	technical	reduction_concentration	legacy_pair	annotations/normalized/PXD063455/technical.json
PXD063983	raw	technical	acquisition_method	legacy_pair	annotations/raw/PXD063983/technical.json
PXD063983	raw	technical	alkylation_reagent	legacy_pair	annotations/raw/PXD063983/technical.json
PXD063983	raw	technical	alkylation_concentration	legacy_pair	annotations/raw/PXD063983/technical.json
PXD063983	raw	technical	cleavage_agent	legacy_pair	annotations/raw/PXD063983/technical.json
PXD063983	raw	technical	collision_energy	legacy_pair	annotations/raw/PXD063983/technical.json
PXD063983	raw	technical	enrichment_method	legacy_pair	annotations/raw/PXD063983/technical.json
PXD063983	raw	technical	fractionation_method	legacy_pair	annotations/raw/PXD063983/technical.json
PXD063983	raw	technical	fragmentation_method	legacy_pair	annotations/raw/PXD063983/technical.json
PXD063983	raw	technical	instrument	legacy_pair	annotations/raw/PXD063983/technical.json
PXD063983	raw	technical	ionization_type	legacy_pair	annotations/raw/PXD063983/technical.json
PXD063983	raw	technical	labeling	legacy_pair	annotations/raw/PXD063983/technical.json
PXD063983	raw	technical	mass_analyzer	legacy_pair	annotations/raw/PXD063983/technical.json
PXD063983	raw	technical	ptm	legacy_pair	annotations/raw/PXD063983/technical.json
PXD063983	raw	technical	reduction_reagent	legacy_pair	annotations/raw/PXD063983/technical.json
PXD063983	raw	technical	reduction_concentration	legacy_pair	annotations/raw/PXD063983/technical.json
PXD063983	normalized	technical	acquisition_method	legacy_pair	annotations/normalized/PXD063983/technical.json
PXD063983	normalized	technical	alkylation_reagent	legacy_pair	annotations/normalized/PXD063983/technical.json
PXD063983	normalized	technical	alkylation_concentration	legacy_pair	annotations/normalized/PXD063983/technical.json
PXD063983	normalized	technical	cleavage_agent	legacy_pair	annotations/normalized/PXD063983/technical.json
PXD063983	normalized	technical	collision_energy	legacy_pair	annotations/normalized/PXD063983/technical.json
PXD063983	normalized	technical	enrichment_method	legacy_pair	annotations/normalized/PXD063983/technical.json
PXD063983	normalized	technical	fractionation_method	legacy_pair	annotations/normalized/PXD063983/technical.json
PXD063983	normalized	technical	fragmentation_method	legacy_pair	annotations/normalized/PXD063983/technical.json
PXD063983	normalized	technical	instrument	single_object	annotations/normalized/PXD063983/technical.json
PXD063983	normalized	technical	ionization_type	legacy_pair	annotations/normalized/PXD063983/technical.json
PXD063983	normalized	technical	labeling	legacy_pair	annotations/normalized/PXD063983/technical.json
PXD063983	normalized	technical	mass_analyzer	legacy_pair	annotations/normalized/PXD063983/technical.json
PXD063983	normalized	technical	ptm	single_object	annotations/normalized/PXD063983/technical.json
PXD063983	normalized	technical	reduction_reagent	legacy_pair	annotations/normalized/PXD063983/technical.json
PXD063983	normalized	technical	reduction_concentration	legacy_pair	annotations/normalized/PXD063983/technical.json
PXD064458	raw	experimental_design	biological_replicate	legacy_pair	annotations/raw/PXD064458/experimental_design.json
PXD064458	raw	experimental_design	technical_replicate	legacy_pair	annotations/raw/PXD064458/experimental_design.json
PXD064458	raw	experimental_design	experimental_design	legacy_pair	annotations/raw/PXD064458/experimental_design.json
PXD064458	raw	experimental_design	factor_value	legacy_pair	annotations/raw/PXD064458/experimental_design.json
PXD064458	raw	experimental_design	number_of_fractions	legacy_pair	annotations/raw/PXD064458/experimental_design.json
PXD064458	raw	experimental_design	number_of_technical_replicates	legacy_pair	annotations/raw/PXD064458/experimental_design.json
PXD064458	raw	experimental_design	number_of_biological_replicates	legacy_pair	annotations/raw/PXD064458/experimental_design.json
PXD064458	raw	experimental_design	number_of_samples	legacy_pair	annotations/raw/PXD064458/experimental_design.json
PXD064458	raw	experimental_design	technology_type	legacy_pair	annotations/raw/PXD064458/experimental_design.json
PXD064458	normalized	experimental_design	biological_replicate	legacy_pair	annotations/normalized/PXD064458/experimental_design.json
PXD064458	normalized	experimental_design	technical_replicate	legacy_pair	annotations/normalized/PXD064458/experimental_design.json
PXD064458	normalized	experimental_design	experimental_design	legacy_pair	annotations/normalized/PXD064458/experimental_design.json
PXD064458	normalized	experimental_design	factor_value	legacy_pair	annotations/normalized/PXD064458/experimental_design.json
PXD064458	normalized	experimental_design	number_of_fractions	legacy_pair	annotations/normalized/PXD064458/experimental_design.json
PXD064458	normalized	experimental_design	number_of_technical_replicates	legacy_pair	annotations/normalized/PXD064458/experimental_design.json
PXD064458	normalized	experimental_design	number_of_biological_replicates	legacy_pair	annotations/normalized/PXD064458/experimental_design.json
PXD064458	normalized	experimental_design	number_of_samples	legacy_pair	annotations/normalized/PXD064458/experimental_design.json
PXD064458	normalized	experimental_design	technology_type	legacy_pair	annotations/normalized/PXD064458/experimental_design.json
PXD067229	raw	technical	acquisition_method	legacy_pair	annotations/raw/PXD067229/technical.json
PXD067229	raw	technical	alkylation_reagent	legacy_pair	annotations/raw/PXD067229/technical.json
PXD067229	raw	technical	alkylation_concentration	legacy_pair	annotations/raw/PXD067229/technical.json
PXD067229	raw	technical	cleavage_agent	legacy_pair	annotations/raw/PXD067229/technical.json
PXD067229	raw	technical	collision_energy	legacy_pair	annotations/raw/PXD067229/technical.json
PXD067229	raw	technical	enrichment_method	legacy_pair	annotations/raw/PXD067229/technical.json
PXD067229	raw	technical	fractionation_method	legacy_pair	annotations/raw/PXD067229/technical.json
PXD067229	raw	technical	fragmentation_method	legacy_pair	annotations/raw/PXD067229/technical.json
PXD067229	raw	technical	instrument	legacy_pair	annotations/raw/PXD067229/technical.json
PXD067229	raw	technical	ionization_type	legacy_pair	annotations/raw/PXD067229/technical.json
PXD067229	raw	technical	labeling	legacy_pair	annotations/raw/PXD067229/technical.json
PXD067229	raw	technical	mass_analyzer	legacy_pair	annotations/raw/PXD067229/technical.json
PXD067229	raw	technical	ptm	legacy_pair	annotations/raw/PXD067229/technical.json
PXD067229	raw	technical	reduction_reagent	legacy_pair	annotations/raw/PXD067229/technical.json
PXD067229	raw	technical	reduction_concentration	legacy_pair	annotations/raw/PXD067229/technical.json
PXD067229	normalized	technical	acquisition_method	legacy_pair	annotations/normalized/PXD067229/technical.json
PXD067229	normalized	technical	alkylation_reagent	legacy_pair	annotations/normalized/PXD067229/technical.json
PXD067229	normalized	technical	alkylation_concentration	legacy_pair	annotations/normalized/PXD067229/technical.json
PXD067229	normalized	technical	cleavage_agent	legacy_pair	annotations/normalized/PXD067229/technical.json
PXD067229	normalized	technical	collision_energy	legacy_pair	annotations/normalized/PXD067229/technical.json
PXD067229	normalized	technical	enrichment_method	legacy_pair	annotations/normalized/PXD067229/technical.json
PXD067229	normalized	technical	fractionation_method	legacy_pair	annotations/normalized/PXD067229/technical.json
PXD067229	normalized	technical	fragmentation_method	legacy_pair	annotations/normalized/PXD067229/technical.json
PXD067229	normalized	technical	instrument	single_object	annotations/normalized/PXD067229/technical.json
PXD067229	normalized	technical	ionization_type	legacy_pair	annotations/normalized/PXD067229/technical.json
PXD067229	normalized	technical	labeling	legacy_pair	annotations/normalized/PXD067229/technical.json
PXD067229	normalized	technical	mass_analyzer	legacy_pair	annotations/normalized/PXD067229/technical.json
PXD067229	normalized	technical	ptm	single_object	annotations/normalized/PXD067229/technical.json
PXD067229	normalized	technical	reduction_reagent	legacy_pair	annotations/normalized/PXD067229/technical.json
PXD067229	normalized	technical	reduction_concentration	legacy_pair	annotations/normalized/PXD067229/technical.json
PXD068150	raw	experimental_design	biological_replicate	legacy_pair	annotations/raw/PXD068150/experimental_design.json
PXD068150	raw	experimental_design	technical_replicate	legacy_pair	annotations/raw/PXD068150/experimental_design.json
PXD068150	raw	experimental_design	experimental_design	legacy_pair	annotations/raw/PXD068150/experimental_design.json
PXD068150	raw	experimental_design	factor_value	legacy_pair	annotations/raw/PXD068150/experimental_design.json
PXD068150	raw	experimental_design	number_of_fractions	legacy_pair	annotations/raw/PXD068150/experimental_design.json
PXD068150	raw	experimental_design	number_of_technical_replicates	legacy_pair	annotations/raw/PXD068150/experimental_design.json
PXD068150	raw	experimental_design	number_of_biological_replicates	legacy_pair	annotations/raw/PXD068150/experimental_design.json
PXD068150	raw	experimental_design	number_of_samples	legacy_pair	annotations/raw/PXD068150/experimental_design.json
PXD068150	raw	experimental_design	technology_type	legacy_pair	annotations/raw/PXD068150/experimental_design.json
PXD068150	normalized	experimental_design	biological_replicate	legacy_pair	annotations/normalized/PXD068150/experimental_design.json
PXD068150	normalized	experimental_design	technical_replicate	legacy_pair	annotations/normalized/PXD068150/experimental_design.json
PXD068150	normalized	experimental_design	experimental_design	legacy_pair	annotations/normalized/PXD068150/experimental_design.json
PXD068150	normalized	experimental_design	factor_value	legacy_pair	annotations/normalized/PXD068150/experimental_design.json
PXD068150	normalized	experimental_design	number_of_fractions	legacy_pair	annotations/normalized/PXD068150/experimental_design.json
PXD068150	normalized	experimental_design	number_of_technical_replicates	legacy_pair	annotations/normalized/PXD068150/experimental_design.json
PXD068150	normalized	experimental_design	number_of_biological_replicates	legacy_pair	annotations/normalized/PXD068150/experimental_design.json
PXD068150	normalized	experimental_design	number_of_samples	legacy_pair	annotations/normalized/PXD068150/experimental_design.json
PXD068150	normalized	experimental_design	technology_type	legacy_pair	annotations/normalized/PXD068150/experimental_design.json
PXD069754	raw	experimental_design	biological_replicate	legacy_pair	annotations/raw/PXD069754/experimental_design.json
PXD069754	raw	experimental_design	technical_replicate	legacy_pair	annotations/raw/PXD069754/experimental_design.json
PXD069754	raw	experimental_design	experimental_design	legacy_pair	annotations/raw/PXD069754/experimental_design.json
PXD069754	raw	experimental_design	factor_value	legacy_pair	annotations/raw/PXD069754/experimental_design.json
PXD069754	raw	experimental_design	number_of_fractions	legacy_pair	annotations/raw/PXD069754/experimental_design.json
PXD069754	raw	experimental_design	number_of_technical_replicates	legacy_pair	annotations/raw/PXD069754/experimental_design.json
PXD069754	raw	experimental_design	number_of_biological_replicates	legacy_pair	annotations/raw/PXD069754/experimental_design.json
PXD069754	raw	experimental_design	number_of_samples	legacy_pair	annotations/raw/PXD069754/experimental_design.json
PXD069754	raw	experimental_design	technology_type	legacy_pair	annotations/raw/PXD069754/experimental_design.json
PXD069754	normalized	experimental_design	biological_replicate	legacy_pair	annotations/normalized/PXD069754/experimental_design.json
PXD069754	normalized	experimental_design	technical_replicate	legacy_pair	annotations/normalized/PXD069754/experimental_design.json
PXD069754	normalized	experimental_design	experimental_design	legacy_pair	annotations/normalized/PXD069754/experimental_design.json
PXD069754	normalized	experimental_design	factor_value	legacy_pair	annotations/normalized/PXD069754/experimental_design.json
PXD069754	normalized	experimental_design	number_of_fractions	legacy_pair	annotations/normalized/PXD069754/experimental_design.json
PXD069754	normalized	experimental_design	number_of_technical_replicates	legacy_pair	annotations/normalized/PXD069754/experimental_design.json
PXD069754	normalized	experimental_design	number_of_biological_replicates	legacy_pair	annotations/normalized/PXD069754/experimental_design.json
PXD069754	normalized	experimental_design	number_of_samples	legacy_pair	annotations/normalized/PXD069754/experimental_design.json
PXD069754	normalized	experimental_design	technology_type	legacy_pair	annotations/normalized/PXD069754/experimental_design.json
PXD009348	raw	biological	species	legacy_pair	annotations/raw/PXD009348/biological.json
PXD009348	raw	biological	tissue	legacy_pair	annotations/raw/PXD009348/biological.json
PXD009348	raw	biological	cell_type	legacy_pair	annotations/raw/PXD009348/biological.json
PXD009348	raw	biological	disease_state	legacy_pair	annotations/raw/PXD009348/biological.json
PXD009348	raw	biological	sample_source	legacy_pair	annotations/raw/PXD009348/biological.json
PXD009348	raw	biological	age	legacy_pair	annotations/raw/PXD009348/biological.json
PXD009348	raw	biological	anatomic_site_tumor	legacy_pair	annotations/raw/PXD009348/biological.json
PXD009348	raw	biological	BMI	legacy_pair	annotations/raw/PXD009348/biological.json
PXD009348	raw	biological	cell_line	legacy_pair	annotations/raw/PXD009348/biological.json
PXD009348	raw	biological	sex	legacy_pair	annotations/raw/PXD009348/biological.json
PXD009348	raw	biological	strain	legacy_pair	annotations/raw/PXD009348/biological.json
PXD009348	raw	biological	material_type	legacy_pair	annotations/raw/PXD009348/biological.json
PXD009348	raw	biological	developmental_stage	legacy_pair	annotations/raw/PXD009348/biological.json
PXD009348	raw	biological	ethnicity	legacy_pair	annotations/raw/PXD009348/biological.json
PXD009348	normalized	biological	species	single_object	annotations/normalized/PXD009348/biological.json
PXD009348	normalized	biological	tissue	single_object	annotations/normalized/PXD009348/biological.json
PXD009348	normalized	biological	cell_type	single_object	annotations/normalized/PXD009348/biological.json
PXD009348	normalized	biological	disease_state	single_object	annotations/normalized/PXD009348/biological.json
PXD009348	normalized	biological	sample_source	single_object	annotations/normalized/PXD009348/biological.json
PXD009348	normalized	biological	age	legacy_pair	annotations/normalized/PXD009348/biological.json
PXD009348	normalized	biological	anatomic_site_tumor	legacy_pair	annotations/normalized/PXD009348/biological.json
PXD009348	normalized	biological	BMI	legacy_pair	annotations/normalized/PXD009348/biological.json
PXD009348	normalized	biological	cell_line	single_object	annotations/normalized/PXD009348/biological.json
PXD009348	normalized	biological	sex	legacy_pair	annotations/normalized/PXD009348/biological.json
PXD009348	normalized	biological	strain	legacy_pair	annotations/normalized/PXD009348/biological.json
PXD009348	normalized	biological	material_type	legacy_pair	annotations/normalized/PXD009348/biological.json
PXD009348	normalized	biological	developmental_stage	legacy_pair	annotations/normalized/PXD009348/biological.json
PXD009348	normalized	biological	ethnicity	legacy_pair	annotations/normalized/PXD009348/biological.json
